Price,Close,High,Low,Open,Volume
Ticker,AAPL,AAPL,AAPL,AAPL,AAPL
Date,,,,,
2015-01-02,24.192607879638672,24.659510070593672,23.754471558295847,24.64844536553832,212818400
2015-01-05,23.511064529418945,24.042138324672056,23.325189629610737,23.962477170972235,257142000
2015-01-06,23.513273239135742,23.772171094232995,23.152584838795235,23.575231527032173,263188400
2015-01-07,23.842973709106445,23.94254925811913,23.61062851042855,23.721268759658745,160423600
2015-01-08,24.75908088684082,24.816614303203295,24.05319538405384,24.170475495010283,237458000
2015-01-09,24.785633087158203,25.06002047662429,24.387327450645735,24.931677361721775,214798000
2015-01-12,24.174901962280273,24.9228296715174,24.075326382352763,24.916191524620462,198603200
2015-01-13,24.389549255371094,24.960453637883806,24.099672194711648,24.65729859254091,268367600
2015-01-14,24.296613693237305,24.449296178955304,24.008948200790094,24.128439942811063,195826400
2015-01-15,23.637184143066406,24.354132526775988,23.601780139150986,24.340856236337245,240056000
2015-01-16,23.453523635864258,23.805360567456344,23.27871180910595,23.68365559685356,314053200
2015-01-20,24.057626724243164,24.112946873374245,23.566383529841232,23.86289871883009,199599600
2015-01-21,24.241281509399414,24.575413877251222,23.958041027221938,24.108511847532693,194303600
2015-01-22,24.871929168701172,24.887418736564726,24.27889734612524,24.39838902174535,215185600
2015-01-23,25.00027847290039,25.170663761693863,24.679420647171945,24.849807624202118,185859200
2015-01-26,25.026832580566406,25.305646576499495,24.960449421311633,25.16845201286075,222460000
2015-01-27,24.150562286376953,24.8896402990191,24.1262212875984,24.876362316261897,382274800
2015-01-28,25.515859603881836,26.13765909552136,25.515859603881836,26.02923041081558,585908400
2015-01-29,26.310260772705078,26.37443234220827,25.571182772424184,25.739356482562314,337745600
2015-01-30,25.92523193359375,26.553667930939003,25.85663381010451,26.1996193628405,334982000
2015-02-02,26.25051498413086,26.3700067016786,25.68625050976509,26.122173528901243,250956400
2015-02-03,26.254934310913086,26.352296592733122,26.024802365111935,26.221741894917805,207662800
2015-02-04,26.456300735473633,26.66651826072673,26.179700061379986,26.22174390407791,280598800
2015-02-05,26.6451358795166,26.70956070561401,26.49184916587451,26.662906901105913,168984800
2015-02-06,26.420759201049805,26.71400223470758,26.31412460021994,26.662906100062138,174826400
2015-02-09,26.596261978149414,26.622919358205184,26.30968327825307,26.336342353208384,155559200
2015-02-10,27.107215881347656,27.136096970685305,26.69401122096662,26.69623153945443,248034000
2015-02-11,27.742572784423828,27.75145914200605,27.213847220027088,27.273828015082834,294247200
2015-02-12,28.093576431274414,28.320174313577628,27.895859634991865,28.004714549879026,297898000
2015-02-13,28.23131561279297,28.27574571104656,27.913635495070917,28.27574571104656,217088800
2015-02-17,28.397930145263672,28.6311923911294,28.195769306193434,28.322396946689228,252609600
2015-02-18,28.59564781188965,28.6089765023717,28.313511434089126,28.353499200434882,179566800
2015-02-19,28.535663604736328,28.664513254672688,28.50900622536984,28.54232794957795,149449600
2015-02-20,28.76892852783203,28.76892852783203,28.446806067835475,28.573432021439938,195793600
2015-02-23,29.54646110534668,29.54646110534668,28.804468083621224,28.884443602656212,283896400
2015-02-24,29.362077713012695,29.679759521946426,29.139923834524474,29.5331371485924,276912400
2015-02-25,28.611196517944336,29.235451763904805,28.469018171309017,29.226563710478064,298846800
2015-02-26,28.973308563232422,29.07327713106697,28.126902824541162,28.61119665484146,365150000
2015-02-27,28.537885665893555,29.006630434896266,28.4890115466763,28.880001110615524,248059200
2015-03-02,28.67784309387207,28.942206749183107,28.502343023009654,28.71338852765152,192386800
2015-03-03,28.737825393676758,28.773370827213807,28.455689023399984,28.648965199633246,151265200
2015-03-04,28.555652618408203,28.782250480513657,28.506781893050682,28.680061614131755,126665200
2015-03-05,28.082468032836914,28.602307210529034,27.93806769628933,28.56454146409485,226068400
2015-03-06,28.124679565429688,28.740045038751425,28.049148063282413,28.524555513955516,291368400
2015-03-09,28.244640350341797,28.784475968478535,27.782559935616113,28.426806439526047,354114000
2015-03-10,27.66037940979004,28.26241620675902,27.502650362161962,28.08247211064381,275426400
2015-03-11,27.15608787536621,27.718136880404018,27.12720848319452,27.713694548877402,275756000
2015-03-12,27.64703941345215,27.747009639239543,27.020565772467222,27.1716304225224,193450800
2015-03-13,27.456003189086914,27.858102951901085,27.23162894179886,27.635949023568383,207309200
2015-03-16,27.758127212524414,27.758127212524414,27.296048420518424,27.520422623715213,143497200
2015-03-17,28.222429275512695,28.284632091074627,27.913635516187682,27.969173986496493,204092400
2015-03-18,28.54010772705078,28.693394438520734,28.073584942676437,28.21354126951889,261083600
2015-03-19,28.32461929321289,28.713388577629537,28.302404244511855,28.602311639224784,183238000
2015-03-20,27.96916961669922,28.524552538116783,27.804776244841232,28.491230817057243,274780400
2015-03-23,28.260196685791016,28.40237504252727,28.10690995638173,28.240203648859215,150838800
2015-03-24,28.14467430114746,28.44457999143216,28.115793213344112,28.26463759420105,131369200
2015-03-25,27.40934944152832,28.173559452025806,27.40934944152832,28.111356626966685,206620800
2015-03-26,27.60039520263672,27.74257353801557,27.23606300636597,27.27160843766041,190291600
2015-03-27,27.380468368530273,27.702590847847198,27.304936855548284,27.67371145080698,158184800
2015-03-30,28.07358741760254,28.080251763054054,27.54708209323727,27.55819046558957,188398800
2015-03-31,27.64260482788086,28.100241236455535,27.62705412549918,28.011379353603317,168362400
2015-04-01,27.60262107849121,27.79589557467753,27.347143763734493,27.729248729123714,162485600
2015-04-02,27.840328216552734,27.893644680923035,27.58929490586355,27.775903378609527,128880400
2015-04-06,28.291288375854492,28.32683380027669,27.620384591427147,27.651485990347012,148776000
2015-04-07,27.993610382080078,28.462353501011048,27.986946036985735,28.35572058970243,140049200
2015-04-08,27.90252685546875,28.08025063657794,27.762570521902486,27.958065325202924,149316800
2015-04-09,28.11578941345215,28.120233439390283,27.693698473890716,27.958060390634056,129936000
2015-04-10,28.23575782775879,28.26019489016697,27.826995501839317,27.98028052660932,160752000
2015-04-13,28.18022346496582,28.562330160594666,28.126907000531492,28.51789666624968,145460400
2015-04-14,28.058034896850586,28.27796675701111,27.971395021790396,28.213541930317717,102098400
2015-04-15,28.1646671295166,28.242420644379937,27.99360939681727,28.082471283046583,115881600
2015-04-16,28.029155731201172,28.235758915493303,28.01582704024673,28.053592794550752,113476000
2015-04-17,27.713695526123047,28.022489272545602,27.649270699868765,27.891419301645175,207828000
2015-04-20,28.34682273864746,28.462341961546862,27.806988971175688,27.89585082450539,188217200
2015-04-21,28.19354820251465,28.48012520073409,28.140230053864958,28.457911847812642,129740400
2015-04-22,28.57343101501465,28.6289694851199,28.062478106986084,28.211320800092256,150618000
2015-04-23,28.806692123413086,28.973307527112027,28.46679697105117,28.50234240405872,183083600
2015-04-24,28.942216873168945,29.019972113035372,28.70895454336999,28.988870695048867,178103600
2015-04-27,29.468706130981445,29.57534241704705,29.135475364073407,29.393174637367302,387816800
2015-04-28,29.004409790039062,29.888581275967137,28.784479620133364,29.870811948737703,475696000
2015-04-29,28.577871322631836,29.233224506626065,28.502339826670195,28.91554612607042,253544400
2015-04-30,27.80255889892578,28.57787547888214,27.675931252944945,28.57787547888214,332781600
2015-05-01,28.646739959716797,28.908883280787258,27.835879715578056,28.013601789062115,234050400
2015-05-04,28.59119987487793,29.00662988028145,28.493451638312393,28.768923633197197,203953200
2015-05-05,27.946956634521484,28.53566301536573,27.942512608119188,28.46901617852702,197085600
2015-05-06,27.771455764770508,28.1580030240195,27.40490154027082,28.115793246349376,288564000
2015-05-07,27.943227767944336,28.126154782564676,27.666605100388406,27.833916456516,175763600
2015-05-08,28.469707489013672,28.469707489013672,28.132853405005918,28.26000999669395,222201600
2015-05-11,28.179697036743164,28.456318032718876,28.02577002755684,28.41839452963739,168143200
2015-05-12,28.07930564880371,28.304617032312276,27.845069087437746,28.01907261211921,192640000
2015-05-13,28.110536575317383,28.3737731531699,28.079305261163608,28.14176788947116,138776800
2015-05-14,28.766399383544922,28.766399383544922,28.36708443215777,28.422854885946716,180814000
2015-05-15,28.726247787475586,28.886866975073346,28.601322509112556,28.793173016301076,152832000
2015-05-18,29.043018341064453,29.161251415641654,28.634778263125877,28.63924085196594,203531600
2015-05-19,29.01624870300293,29.196944399824076,28.920321767728332,29.154558317071896,178532800
2015-05-20,29.01401710510254,29.219251943727052,28.853397943751535,29.000632742316288,145819600
2015-05-21,29.310728073120117,29.364268949738317,28.962720885000174,29.016261761618374,158921600
2015-05-22,29.567256927490234,29.663183860690328,29.31294384043469,29.357562918550684,182384000
2015-05-26,28.915868759155273,29.649809963330227,28.804327832413943,29.580655133384035,282790400
2015-05-27,29.455734252929688,29.50481254603675,29.01180342522469,29.076495682160445,183332800
2015-05-28,29.39772605895996,29.435649565163274,29.246032034146715,29.415573015518973,122933200
2015-05-29,29.063108444213867,29.32411384782301,28.978336236492098,29.275035559558777,203538000
2015-06-01,29.121095657348633,29.310716542310313,29.01178775769887,29.063095616798922,128451200
2015-06-02,28.991714477539062,29.147871068876178,28.848942250608214,28.96940493422302,134670400
2015-06-03,29.027406692504883,29.210335427396807,28.978328417483077,29.147872787179708,123934000
2015-06-04,28.857866287231445,29.130026398016824,28.7574801423585,28.906944563206427,153800400
2015-06-05,28.699472427368164,28.931479407354722,28.634780202616195,28.889093320398054,142507200
2015-06-08,28.50986099243164,28.82440721657592,28.29347132651328,28.755248984037564,210699200
2015-06-09,28.42507553100586,28.572310299612,28.02352941131198,28.264456402336847,224301600
2015-06-10,28.75078582763672,28.853401557823254,28.521010125158224,28.536625784357813,156349200
2015-06-11,28.686092376708984,29.040791677792328,28.66155323867411,28.81770984255118,141563600
2015-06-12,28.369319915771484,28.628095692036958,28.355935548716214,28.596864367588303,147544800
2015-06-15,28.313549041748047,28.384935168311724,28.043620197492285,28.130621986054905,175955600
2015-06-16,28.46523094177246,28.521001379237525,28.190841342552414,28.338074412431265,125976400
2015-06-17,28.398319244384766,28.52770541959122,28.273392255180084,28.492013209803734,131672400
2015-06-18,28.52769660949707,28.62362184027211,28.38046352387658,28.38269481816777,141628800
2015-06-19,28.242158889770508,28.514318990371574,28.197543205269692,28.489779853302345,218867600
2015-06-22,28.467472076416016,28.56785821776298,28.34923898043604,28.4407016444665,136157200
2015-06-23,28.33808135986328,28.46746921497815,28.304618748784733,28.438469193098925,121075600
2015-06-24,28.579008102416992,28.956016870163037,28.358157608035224,28.378234152079482,221123600
2015-06-25,28.44293785095215,28.82217634150635,28.44293785095215,28.746329324187336,127752400
2015-06-26,28.275619506835938,28.552240475555756,28.222080348820942,28.480854364209378,176267200
2015-06-29,27.780385971069336,28.21316535864966,27.76923289836675,27.987852185509634,196645600
2015-06-30,27.981151580810547,28.135078574808336,27.853995016806024,28.012382898146452,177482800
2015-07-01,28.242158889770508,28.318007595797013,28.106078839469976,28.309084118500998,120955200
2015-07-02,28.206470489501953,28.262240953644767,28.0570043520948,28.204239194381984,108844000
2015-07-06,28.108308792114258,28.1596183586215,27.851764363536425,27.87184261198854,112241600
2015-07-07,28.039152145385742,28.141769569729256,27.610833793456596,28.083767824846724,187787200
2015-07-08,27.343135833740234,27.804915086186213,27.33644365213623,27.76922288363849,243046400
2015-07-09,26.785432815551758,27.67552875946639,26.595813617752484,27.628681783679212,314380000
2015-07-10,27.501523971557617,27.628680529200455,27.039744714646353,27.202595177161108,245418000
2015-07-13,28.0324649810791,28.05477282480238,27.73353442885316,27.89192233186163,165762000
2015-07-14,28.021312713623047,28.190855404641713,27.89415612085393,28.117237981991295,127072400
2015-07-15,28.29123306274414,28.36485046328007,28.014612114584335,28.04584342960339,134596800
2015-07-16,28.668241500854492,28.68162926846338,28.409467492392967,28.496469260080637,144889600
2015-07-17,28.915868759155273,28.915868759155273,28.623632075726423,28.795406056016574,184658800
2015-07-20,29.462413787841797,29.66318603827153,29.156789419308453,29.217022456020572,235600800
2015-07-21,29.167949676513672,29.652036845843874,29.07202612218513,29.636422887586065,307025600
2015-07-22,27.934301376342773,27.996764003795565,27.21374646227475,27.21374646227475,461802400
2015-07-23,27.920917510986328,28.351463729591224,27.89860797051689,28.152921073661876,203998000
2015-07-24,27.773691177368164,28.050312203303356,27.639842403656267,27.956618231902976,168649200
2015-07-27,27.38775634765625,27.575145975546818,27.242754515358953,27.459142467333766,177822000
2015-07-28,27.523839950561523,27.642074768930268,27.338683295715224,27.523839950561523,134472400
2015-07-29,27.43683433532715,27.55060654742132,27.276215142248162,27.47252824577996,148046800
2015-07-30,27.298524856567383,27.343140542930758,27.151290028005434,27.28737008398687,134513200
2015-07-31,27.059823989868164,27.358752795623563,26.972822220910746,27.349829319066504,171540000
2015-08-03,26.421810150146484,27.34313741374917,26.216573591216193,27.104439944865323,279904000
2015-08-04,25.57410430908203,26.256734256444705,25.264020659660453,26.194271607925184,496554400
2015-08-05,25.7436466217041,26.198733813930104,25.007475813283904,25.197095051216532,397250400
2015-08-06,25.799657821655273,26.106663840240888,25.573326602166386,25.98789560018216,211612000
2015-08-07,25.887062072753906,26.05064970055352,25.658489382480674,25.676417121630855,154681600
2015-08-10,26.8282413482666,26.888745316104472,26.113388737783943,26.113388737783943,219806400
2015-08-11,25.43215560913086,26.48314577691837,25.396301841596806,26.400231268115792,388331200
2015-08-12,25.824317932128906,25.864654492306865,24.567163801213194,25.217029844221,404870000
2015-08-13,25.80414581298828,26.084260288357925,25.667449812233247,26.00358718267682,194143200
2015-08-14,25.985658645629883,26.06409035438125,25.548680761384396,25.618148602038033,171718000
2015-08-17,26.254568099975586,26.36437248612328,25.882575288173083,26.003584936240777,163538800
2015-08-18,26.106672286987305,26.317318945242764,25.996867877967947,26.09098594284168,138242800
2015-08-19,25.772775650024414,26.111152738404556,25.69882501096786,26.017034675796168,193146000
2015-08-20,25.24391746520996,25.62487247693871,25.01534309042622,25.56436850107426,274006400
2015-08-21,23.69993019104004,25.075852599969778,23.675279976084997,24.746437645282736,513102000
2015-08-24,23.108325958251953,24.381166289894818,20.61642679920939,21.259570294192415,648825200
2015-08-25,23.247262954711914,24.898818722543467,23.193481447458115,24.898818722543467,414406400
2015-08-26,24.58060646057129,24.625424093615674,23.540821644856987,23.997966972895647,387098400
2015-08-27,25.304424285888672,25.37613353297059,24.654558272511903,25.149802236992745,338464400
2015-08-28,25.38734245300293,25.39182353360435,24.995182077561836,25.136359197234547,212657600
2015-08-31,25.268566131591797,25.66520746167961,25.09825605819991,25.104978531809078,224917200
2015-09-01,24.139148712158203,25.071368928809964,24.058475595083692,24.683691397569483,307383600
2015-09-02,25.17444610595703,25.17444610595703,24.455112372767545,24.70161446705182,247555200
2015-09-03,24.732986450195312,25.273046228566628,24.659035824002473,25.20805947006531,212935600
2015-09-04,24.486486434936523,24.75091457032204,24.316178063434936,24.41925998608582,199985200
2015-09-08,25.167728424072266,25.22375132713337,24.7217865944172,25.042237668314055,219374400
2015-09-09,24.683692932128906,25.550926430069907,24.598537020098803,25.49266383831433,340043200
2015-09-10,25.22599220275879,25.38509703901559,24.627668020705055,24.710580821331632,251571200
2015-09-11,25.593496322631836,25.593496322631836,25.044472696084757,25.051195169193704,199662000
2015-09-14,25.839998245239258,26.1940633341851,25.739157723175833,26.124595494971757,233453600
2015-09-15,26.057376861572266,26.113399774229475,25.64056625462793,25.978945125788893,173364800
2015-09-16,26.086496353149414,26.115627637150148,25.86912729112387,26.05064088697984,148694000
2015-09-17,25.52851676940918,26.104432160571655,25.483699129582153,25.918437416574463,256450400
2015-09-18,25.42319107055664,25.61367029631348,25.069127645614433,25.1453179681706,297141200
2015-09-21,25.817583084106445,25.853438546940374,25.470242263736264,25.472481947901457,200888000
2015-09-22,25.411983489990234,25.586774634919642,25.214781821099262,25.407500701324746,201384800
2015-09-23,25.6181583404541,25.707795345822753,25.389585600963535,25.46353454893527,143026800
2015-09-24,25.770530700683594,25.88257648633874,25.181170483623408,25.378370450890582,200878000
2015-09-25,25.705549240112305,26.149251395054904,25.550925476927503,26.093228490675873,224607600
2015-09-28,25.196861267089844,25.674175782638905,25.196861267089844,25.51282954930308,208436000
2015-09-29,24.43943214416504,25.436640904030874,24.170522877281794,25.28425853021479,293461600
2015-09-30,24.717300415039062,24.995173478183187,24.36547672478694,24.688167417260352,265892000
2015-10-01,24.555959701538086,24.564923571343716,24.04727077558962,24.441672498620512,255716400
2015-10-02,24.7352294921875,24.87640829038758,24.10105158150218,24.20413350942164,232079200
2015-10-05,24.82486343383789,24.95707834695101,24.44166706073994,24.623180682290823,208258800
2015-10-06,24.94363784790039,25.03999731355526,24.598536545547667,24.791255476857412,192787200
2015-10-07,24.82486343383789,25.04671360569818,24.5178590822946,25.03999113226044,187062400
2015-10-08,24.53802490234375,24.692648620059774,24.248946595592553,24.692648620059774,247918400
2015-10-09,25.125146865844727,25.1610006271847,24.53578495610675,24.650072132888642,211064400
2015-10-12,25.00861930847168,25.266324960425933,24.972765545678314,25.2618438812079,121868800
2015-10-13,25.051197052001953,25.1990966005633,24.80245527017863,24.83382795350022,132197200
2015-10-14,24.69713592529297,24.990695384826164,24.551476038080967,24.93915527238215,177849600
2015-10-15,25.06688690185547,25.120668407978943,24.75988078960425,24.858481642233333,150694000
2015-10-16,24.88312530517578,25.098252982722897,24.76883813877541,25.04895256938616,156930400
2015-10-19,25.037752151489258,25.04223323067941,24.67472318849822,24.829346920645275,119036800
2015-10-20,25.494897842407227,25.584534814719742,24.83382837725812,24.95035524448626,195871200
2015-10-21,25.492660522460938,25.900507160118128,25.479213864072698,25.546442026964304,167180800
2015-10-22,25.88258171081543,25.88258171081543,25.56885310571736,25.620394929783124,166616400
2015-10-23,26.68482780456543,26.71844188608165,26.068575912273154,26.151488709038865,237467600
2015-10-26,25.833284378051758,26.471945219816153,25.75261124965167,26.46074166345609,265335200
2015-10-27,25.66969108581543,26.115632849791773,25.54419863885654,25.860168586232817,279537600
2015-10-28,26.727399826049805,26.734124009038084,26.00806611776851,26.20302639203805,342205600
2015-10-29,27.009761810302734,27.04561728898953,26.50331428679338,26.599673748659985,204909200
2015-10-30,26.778942108154297,27.164379874808386,26.76773684599318,27.1128380624234,197461200
2015-11-02,27.155420303344727,27.195756859950347,26.803596557828087,27.070266110369857,128813200
2015-11-03,27.46690559387207,27.673069442414718,27.047853713081217,27.068022844831653,182076000
2015-11-04,27.339174270629883,27.747020900378182,27.254020081010584,27.592397154535842,179544400
2015-11-05,27.213144302368164,27.611485208849075,27.046607179020967,27.42244163026454,158210800
2015-11-06,27.24464988708496,27.413437990731037,27.145628700506865,27.255903114128582,132169200
2015-11-09,27.134376525878906,27.413439053970233,27.017350858292687,27.22214620581893,135485600
2015-11-10,26.279176712036133,26.571743389311603,26.1193908771245,26.30843440996431,236511600
2015-11-11,26.130651473999023,26.42546750582627,25.92810538774302,26.189165169362212,180872000
2015-11-12,26.042875289916992,26.290430792668833,26.027121804750998,26.164402911340865,130102400
2015-11-13,25.282203674316406,26.009118445553383,25.266450188475414,25.92584903925033,183249600
2015-11-16,25.696300506591797,25.709803005200715,24.980638891296227,25.066157577488287,152426800
2015-11-17,25.586029052734375,25.892098314595156,25.502759628683492,25.86284060822513,110467600
2015-11-18,26.396215438842773,26.441224923809134,25.993374195487213,26.051887899544916,186698800
2015-11-19,26.731534957885742,26.94983451847588,26.276933076812536,26.474977171646167,173183200
2015-11-20,26.848560333251953,26.988090726247066,26.747286446044445,26.82605388031609,137148400
2015-11-23,26.49974250793457,26.945344029153986,26.407470818140865,26.84181910797011,129930000
2015-11-24,26.754051208496094,26.859825409516155,26.357962848381277,26.405223332815357,171212800
2015-11-25,26.562747955322266,26.83280996896848,26.537992227812992,26.828307991056892,85553200
2015-11-27,26.513235092163086,26.648266950315282,26.465974628610375,26.621260235284563,52185600
2015-11-30,26.623516082763672,26.873322662131574,26.49973742920238,26.553749152119256,156721200
2015-12-01,26.407461166381836,26.738286131114823,26.299437739327033,26.72478363198333,139409600
2015-12-02,26.168914794921875,26.580758297623625,26.12390530788423,26.407468166824764,133546400
2015-12-03,25.92584800720215,26.28367962420474,25.70529921420782,26.229667920185882,166278000
2015-12-04,26.787805557250977,26.83731702480531,25.905606533379768,25.946115759833138,231108000
2015-12-07,26.619009017944336,26.97458970295678,26.513234864567096,26.77654561210243,128336800
2015-12-08,26.60776138305664,26.691029094394686,26.29944111628699,26.44797377680992,137238000
2015-12-09,26.020374298095703,26.486229388709443,25.898846659196288,26.474976161829343,185445600
2015-12-10,26.14415168762207,26.31744176954201,25.99561904869208,26.114895700999856,116850800
2015-12-11,25.471250534057617,25.968612614008652,25.39698335529081,25.92360313918105,187544800
2015-12-14,25.313716888427734,25.35872636544817,24.70832963559441,25.246200955895596,257274800
2015-12-15,24.865863800048828,25.385732344645458,24.834356823649205,25.192188508475535,213292400
2015-12-16,25.057159423828125,25.203442811607765,24.4855318075227,24.99639645318205,224954000
2015-12-17,24.526044845581055,25.261960443326753,24.526044845581055,25.21019798716026,179091200
2015-12-18,23.862140655517578,24.64756761837241,23.8126291952399,24.510288183513854,385813200
2015-12-21,24.15470314025879,24.163705378434678,23.7586132455266,24.14344991328859,190362400
2015-12-22,24.132198333740234,24.242472746324506,23.95665726531862,24.17045655812642,131157600
2015-12-23,24.442766189575195,24.496777897863105,24.125443754756063,24.14119724121509,130629600
2015-12-24,24.312240600585938,24.53054017780593,24.294236122320022,24.53054017780593,54281600
2015-12-28,24.039926528930664,24.235721344204507,23.895894153442327,24.213214890470855,106816800
2015-12-29,24.47202491760254,24.62731052796695,24.048930007408522,24.071434745301563,123724800
2015-12-30,24.152456283569336,24.46302582726484,24.12094930306407,24.43602082511842,100855200
2015-12-31,23.6888484954834,24.087187669568237,23.58982559067075,24.082687408895573,163649200
2016-01-04,23.70909881591797,23.713600792941097,22.955179062652647,23.092460172838408,270597600
2016-01-05,23.114971160888672,23.82163064861039,23.047456940285645,23.79912590840938,223164000
2016-01-06,22.662616729736328,23.0384529014461,22.475825855355314,22.63110975251536,273829600
2016-01-07,21.706153869628906,22.534341069129724,21.70165360809434,22.208018022318978,324377600
2016-01-08,21.82093048095703,22.304790157866496,21.775920997198742,22.17876222974189,283192000
2016-01-11,22.17426109313965,22.293537774929717,21.90645001870411,22.27328402156996,198957600
2016-01-12,22.496076583862305,22.660364414739302,22.244019082941826,22.6288574417494,196616800
2016-01-13,21.917701721191406,22.77289562148932,21.89744796924307,22.577100767646975,249758400
2016-01-14,22.39705467224121,22.61310494938619,21.546362930112668,22.045975976632942,252680400
2016-01-15,21.859182357788086,21.989712226534987,21.460843219648147,21.64988505686676,319335600
2016-01-19,21.753416061401367,22.201266773710493,21.492356250325585,22.14725505028168,212350800
2016-01-20,21.78266716003418,22.097738623752576,21.024245345147918,21.402330758209725,289337600
2016-01-21,21.672395706176758,22.027974714138363,21.36632643874029,21.84343310144887,208646000
2016-01-22,22.824657440185547,22.833659680480253,22.138253358481553,22.196765344894477,263202000
2016-01-25,22.379060745239258,22.849416274751054,22.327298285765682,22.847165285121246,207178000
2016-01-26,22.502830505371094,22.703125593310077,22.07073335276125,22.48932800591499,300308000
2016-01-27,21.024253845214844,21.746666999974405,21.006249361837163,21.613887798318597,533478800
2016-01-28,21.17502784729004,21.271799754940478,20.792442193975056,21.107513640999823,222715200
2016-01-29,21.906452178955078,21.906452178955078,21.23355051795154,21.332573456146754,257666000
2016-02-01,21.701642990112305,21.764656922775767,21.469841001957043,21.71064522577864,163774000
2016-02-02,21.26280403137207,21.613882790889953,21.217792833355904,21.474350652542302,149428800
2016-02-03,21.683645248413086,21.79391966479839,21.172780664055452,21.37982699763643,183857200
2016-02-04,21.857868194580078,22.02304746382955,21.538825669478815,21.6904274489689,185886800
2016-02-05,21.274091720581055,21.930280836238957,21.19942327595188,21.839771695058854,185672400
2016-02-08,21.49810218811035,21.654228686840714,21.052346092950472,21.072709743355976,216085600
2016-02-09,21.493576049804688,21.70853547812662,21.253728290560428,21.335186345835517,177324800
2016-02-10,21.330663681030273,21.801309921553056,21.292197849935643,21.70401287881343,169374400
2016-02-11,21.201692581176758,21.43249106271939,20.95053044166685,21.22205796546295,200298800
2016-02-12,21.267303466796875,21.382702662950162,21.0455578874008,21.31255889975809,161405600
2016-02-16,21.86693000793457,21.914446929611888,21.407598038735156,21.500368678299818,196231600
2016-02-17,22.201810836791992,22.222174489604072,21.75605468895267,21.87371537772114,179452800
2016-02-18,21.78093719482422,22.3760317691853,21.742469653434018,22.364717481779145,156084000
2016-02-19,21.731163024902344,21.894079140646554,21.676858228427058,21.72211193777007,141496800
2016-02-22,21.921228408813477,21.925754815070707,21.70400751905716,21.79225345157322,137123200
2016-02-23,21.42569923400879,21.83525105896219,21.394021287676406,21.812624201056,127770400
2016-02-24,21.744741439819336,21.808097331140345,21.115705481248508,21.26504584763537,145022800
2016-02-25,21.894081115722656,21.894081115722656,21.552409882510005,21.733428188848517,110330800
2016-02-26,21.92802619934082,22.179186598141083,21.85335600510135,21.99364357768831,115964400
2016-02-29,21.87824058532715,22.226699678106144,21.869189498022948,21.91670641163121,140865200
2016-03-01,22.74712562561035,22.801430426399506,22.04341951361982,22.095462837185025,201628400
2016-03-02,22.79690170288086,22.828579641583378,22.545739670083616,22.742596911721996,132678400
2016-03-03,22.96660041809082,23.01411731524598,22.72901420599725,22.758430661129815,147822800
2016-03-04,23.30828285217285,23.475723675015796,22.937196852186524,23.163468887608364,184220400
2016-03-07,23.050325393676758,23.26754627006933,22.844417079594944,23.16798605435346,143315600
2016-03-08,22.860261917114258,23.02544125138635,22.717711165909574,22.80369391208277,126247600
2016-03-09,22.88062858581543,22.98471351377979,22.68829597681662,22.923619098165062,108806800
2016-03-10,22.891937255859375,23.134048220780034,22.661140581184426,22.9462437774568,134054400
2016-03-11,23.13857078552246,23.143095465078485,22.966603614987008,23.134044379648405,109632800
2016-03-14,23.197406768798828,23.28565444495634,23.029965957093875,23.059382424585884,100304400
2016-03-15,23.663532257080078,23.79929514671456,23.498352895040277,23.523242959543794,160270800
2016-03-16,23.97804069519043,24.054972335581546,23.66578427489726,23.670310680989743,153214000
2016-03-17,23.939579010009766,24.091180840249617,23.749509626611857,23.87622139799819,137682800
2016-03-18,23.966733932495117,24.0979721292998,23.801556310929445,24.061767774463203,176820800
2016-03-21,23.964468002319336,24.358180793260605,23.79023759809888,23.96899268267387,142010800
2016-03-22,24.14774513244629,24.27672008745704,23.806073971295017,23.815125057334843,129777600
2016-03-23,24.014240264892578,24.226936439976935,23.962198685659956,24.093436824597873,102814000
2016-03-24,23.910160064697266,24.041398229347966,23.73366819390685,23.86490635855755,104532000
2016-03-28,23.801555633544922,24.02782766587806,23.772139164497705,23.98483542731281,77645600
2016-03-29,24.364965438842773,24.38985549328066,23.73140324167166,23.733666444707314,124760400
2016-03-30,24.79035758972168,24.984951630731874,24.573136695962944,24.584450985496314,182404400
2016-03-31,24.66138458251953,24.867292929364638,24.63649452463016,24.826563900665512,103553600
2016-04-01,24.887651443481445,24.88991464636379,24.482624443441548,24.613862589529603,103496000
2016-04-04,25.143341064453125,25.38545199498632,24.95100851550331,24.9849496551014,149424800
2016-04-05,24.846925735473633,25.055097270450286,24.75867980079629,24.779045176816258,106314800
2016-04-06,25.10714340209961,25.111669809286663,24.70890415924688,24.941965792461293,105616400
2016-04-07,24.5595645904541,24.984955355017746,24.46453075895347,24.87860723229722,127207600
2016-04-08,24.58671760559082,24.837877950218115,24.475843076973312,24.64328560848277,94326800
2016-04-11,24.668170928955078,25.027944281096357,24.62518042590393,24.656858365549297,117630000
2016-04-12,24.989482879638672,25.003058648654925,24.586718953183524,24.74058227221714,108929200
2016-04-13,25.351516723632812,25.41939729222358,25.07093990889034,25.07093990889034,133029200
2016-04-14,25.36509132385254,25.43071041222434,25.190862640210334,25.256481728582134,101895600
2016-04-15,24.855974197387695,25.41034152930501,24.82882266731892,25.367349304938738,187756000
2016-04-18,24.319713592529297,24.65233195880117,24.19752651404814,24.63875619218712,243286000
2016-04-19,24.190738677978516,24.437374312312617,24.036873659551965,24.41022105271326,129539600
2016-04-20,24.240520477294922,24.45774140571795,23.998409488981064,24.12964767271117,122444000
2016-04-21,23.97804069519043,24.195261577040657,23.876217273926873,24.195261577040657,126210000
2016-04-22,23.912425994873047,24.0934442927117,23.672578217607494,23.76082416306627,134732400
2016-04-25,23.776657104492188,23.905632047938518,23.647682161045857,23.75855493403565,112126400
2016-04-26,23.611488342285156,23.826447828034933,23.51192981304323,23.51192981304323,224064800
2016-04-27,22.133926391601562,22.33530832822501,21.649704462381326,21.722111431433373,458408400
2016-04-28,21.45737075805664,22.147499212389253,21.326132604634854,22.086406541695986,328970800
2016-04-29,21.210735321044922,21.43248262519851,20.93242174714489,21.267303317109604,274126000
2016-05-02,21.1881046295166,21.287664836976287,20.907527903233213,21.262774785111365,192640400
2016-05-03,21.53656768798828,21.66327944767617,21.19715970912294,21.31482038221623,227325200
2016-05-04,21.312562942504883,21.69948790454765,21.228841670384366,21.541096448615743,164102000
2016-05-05,21.226057052612305,21.41500671609771,21.09857377933508,21.39907130693806,143562000
2016-05-06,21.1076717376709,21.2738549773596,20.90961595527273,21.255644328876752,174799600
2016-05-09,21.123611450195312,21.346707136876383,21.07808047762743,21.171417668769827,131745600
2016-05-10,21.267026901245117,21.30117469131813,20.96880645738688,21.24653926929856,134747200
2016-05-11,21.059873580932617,21.301181699672124,21.048490401553487,21.280694060984878,114876400
2016-05-12,20.56587028503418,21.121336033753508,20.367816184370167,21.107677609384716,305258800
2016-05-13,20.60684585571289,20.86864330441437,20.488468800183266,20.488468800183266,177571200
2016-05-16,21.371747970581055,21.487849775426163,20.864090236678617,21.032550487061453,245039200
2016-05-17,21.282962799072266,21.55841863488551,21.17369195249664,21.52427258084862,187667600
2016-05-18,21.526552200317383,21.67452483291446,21.3740273385334,21.435493721946084,168249600
2016-05-19,21.44459342956543,21.544759817778345,21.30117479475683,21.544759817778345,121768400
2016-05-20,21.676799774169922,21.724605991860695,21.51744397837169,21.544762561407413,128104000
2016-05-23,21.952253341674805,22.125267542462378,21.779239140887235,21.82477010784649,152074400
2016-05-24,22.286897659301758,22.330149905114894,22.04558788632102,22.132095851604745,140560800
2016-05-25,22.67845916748047,22.705776014402833,22.33470770346552,22.462190953980613,152675200
2016-05-26,22.858293533325195,22.931141324263248,22.45535283280195,22.69210858755771,225324800
2016-05-27,22.844646453857422,22.871965042405936,22.59423213773205,22.637486135393196,145364800
2016-05-31,22.733091354370117,22.856022358466806,22.49633553946117,22.673901966435686,169228800
2016-06-01,22.414386749267578,22.66024881463697,22.384792916832613,22.54187001123874,116693200
2016-06-02,22.245929718017578,22.27324657137526,21.997790633432217,22.218611127830464,160766400
2016-06-03,22.29145050048828,22.37112752057621,22.18445490058645,22.26185667497813,114019600
2016-06-06,22.453081130981445,23.19521936975564,22.207220864266038,22.30738551484315,93170000
2016-06-07,22.544143676757812,22.735370278403316,22.52820827135643,22.594226875684704,89638000
2016-06-08,22.523664474487305,22.664806193213476,22.464475059340757,22.541875132599678,83392400
2016-06-09,22.68528175354004,22.76268177965261,22.414378188489007,22.423484380413168,106405600
2016-06-10,22.498613357543945,22.61699040098032,22.418936334382074,22.430317773788715,126851600
2016-06-13,22.1594181060791,22.564635978748562,22.104782671438503,22.466746550901703,152082000
2016-06-14,22.18672752380371,22.418931064526006,22.025096532860527,22.1548567220306,127727600
2016-06-15,22.113882064819336,22.402998030224733,22.08884046980537,22.26868386271085,117780800
2016-06-16,22.207223892211914,22.252753127152243,21.870301648434932,21.95680788955315,125307200
2016-06-17,21.70183563232422,22.002333018892624,21.695006422579475,21.99550380914788,244032800
2016-06-20,21.649477005004883,21.9841222009625,21.633541602189215,21.854361996083895,137647600
2016-06-21,21.833877563476562,21.934042222919945,21.553867745183094,21.613057137237522,142185600
2016-06-22,21.751922607421875,22.05697227466508,21.70639163981398,21.911276651977456,116876400
2016-06-23,21.877132415771484,21.920386407821066,21.68363054827085,21.840709372594816,128960800
2016-06-24,21.262475967407227,21.54931498992115,21.091738743477556,21.150928134085255,301245600
2016-06-27,20.952869415283203,21.18279599784611,20.829938422729626,21.171412823102244,181958400
2016-06-28,21.30573081970215,21.321667963238593,20.975639507836906,21.14865373553775,161779600
2016-06-29,21.49012565612793,21.524273448369915,21.31483446647255,21.392236244676305,146124000
2016-06-30,21.7632999420166,21.80199995456265,21.46735652411164,21.499227327011734,143345600
2016-07-01,21.829326629638672,21.961363854547113,21.701843370736256,21.73826641463874,104106000
2016-07-05,21.624439239501953,21.71777642740223,21.503785205838827,21.715499444645676,110820800
2016-07-06,21.74736785888672,21.776963420972997,21.483295203588348,21.5356536434154,123796400
2016-07-07,21.840702056884766,21.96818527054529,21.76785425810325,21.786064905177234,100558400
2016-07-08,22.009172439575195,22.056978666796155,21.86575375791232,21.965918442019856,115648400
2016-07-11,22.077463150024414,22.229987994048525,22.020550739254617,22.025102967911465,95179600
2016-07-12,22.17762565612793,22.241367272101378,22.109331811940137,22.120713250890383,96670000
2016-07-13,22.052419662475586,22.234538319250756,22.045588714831684,22.175350667633943,103568800
2016-07-14,22.489505767822266,22.535034996280167,22.1548605544876,22.170795958130736,155676000
2016-07-15,22.487228393554688,22.605607164408692,22.423486780092702,22.51909920028568,120548000
2016-07-18,22.726268768310547,22.79456263260826,22.446258887884987,22.46902350931756,145975600
2016-07-19,22.73537826538086,22.76497210385724,22.614722454293602,22.664805670814815,95119600
2016-07-20,22.755861282348633,22.869686119737427,22.705778076004894,22.76496747775924,105104000
2016-07-21,22.635202407836914,22.992612251581413,22.566906825229403,22.726262605703987,130808000
2016-07-22,22.459915161132812,22.6056107972683,22.380236394671762,22.59650460290621,113254800
2016-07-25,22.1594181060791,22.500892612033855,22.06380566125077,22.366580140036312,161531600
2016-07-26,22.006893157958984,22.302838423366524,21.949980740521315,22.041040955787416,224959200
2016-07-27,23.43653106689453,23.755240928260108,23.391001831054744,23.737028539192586,369379200
2016-07-28,23.75296401977539,23.77800562061437,23.40693731055435,23.409214293402172,159479200
2016-07-29,23.723365783691406,23.80076755467956,23.602711767602433,23.718813555670316,110934800
2016-08-01,24.142242431640625,24.165007045837264,23.768897200963814,23.768897200963814,152671600
2016-08-02,23.78484344482422,24.146805664957153,23.675570815317762,24.142253434774585,135266400
2016-08-03,24.083051681518555,24.094433119558012,23.850848114107098,23.859954306635846,120810400
2016-08-04,24.23183250427246,24.261586651709102,24.09679068939377,24.165456255771122,109634800
2016-08-05,24.60032844543457,24.639238109191176,24.302780054529663,24.323378671964047,162213600
2016-08-08,24.80403709411621,24.80403709411621,24.52708903271134,24.609485258853,112148800
2016-08-09,24.904747009277344,24.93450290293659,24.72164174276166,24.771996258580785,105260800
2016-08-10,24.719350814819336,24.925345754190385,24.664419413066312,24.88185744859045,96034000
2016-08-11,24.703330993652344,24.932213889268045,24.68501994290599,24.83837106387141,109938000
2016-08-12,24.760547637939453,24.82005766994111,24.668994145530196,24.668994145530196,74641600
2016-08-15,25.0580997467041,25.07183216140726,24.737663349139908,24.751395763843067,103472800
2016-08-16,25.035200119018555,25.229751896658463,24.99629046198545,25.092420819209778,135177600
2016-08-17,24.998594284057617,25.032927073340954,24.797176184922407,24.971127703383306,101424000
2016-08-18,24.96653938293457,25.085557685558168,24.952805225766053,25.00087215649976,87938800
2016-08-19,25.03063201904297,25.106163788909825,24.801749137922414,24.895590211138185,101472400
2016-08-22,24.836078643798828,24.971118687655874,24.68501512398833,24.916187292378225,103280800
2016-08-23,24.913898468017578,25.021473689483713,24.840656024118577,24.854388436650385,85030800
2016-08-24,24.72621726989746,24.891013223048102,24.64610861107084,24.84981423476044,94700400
2016-08-25,24.62092399597168,24.69187710883518,24.417218433164564,24.57972501999736,100344800
2016-08-26,24.476730346679688,24.70790074719465,24.33253304649595,24.584305555947743,111065200
2016-08-29,24.449268341064453,24.591176350488606,24.327960698184036,24.403492465114848,99881200
2016-08-30,24.261587142944336,24.37602859173181,24.147145694156862,24.215811261924518,99455600
2016-08-31,24.28447914123535,24.392054400468783,24.17919320030682,24.18377183691662,118649600
2016-09-01,24.428668975830078,24.444690706547647,24.174608855710293,24.293627177292564,106806000
2016-09-02,24.65755271911621,24.719350326588074,24.44926846613325,24.650684766074676,107210000
2016-09-06,24.65068817138672,24.788019311384804,24.60720160687611,24.696465800132074,107521600
2016-09-07,24.801746368408203,24.893299859880564,24.506487275184583,24.680438734358308,169457200
2016-09-08,24.15172004699707,24.552265075682133,24.0876331218055,24.547688186556055,212008000
2016-09-09,23.604690551757812,24.19749811312488,23.604690551757812,23.950304186078277,186228000
2016-09-12,24.133411407470703,24.19749833442346,23.46736138898784,23.494827963212362,181171200
2016-09-13,24.707904815673828,24.900167332164877,24.54539818951082,24.60719754154775,248704800
2016-09-14,25.582237243652344,25.87063014465147,24.85667897528379,24.886434865548,443554800
2016-09-15,26.451995849609375,26.488617950649573,25.975919013514144,26.060606312491185,359934400
2016-09-16,26.30321502685547,26.58016304815976,26.101798760335285,26.348992641681043,319547600
2016-09-19,25.99651336669922,26.591608401003104,25.92098161045916,26.36501487852042,188092000
2016-09-20,25.994226455688477,26.1201127277421,25.751611181808023,25.87520813630495,138057200
2016-09-21,25.98965072631836,26.090358002216576,25.735590599557394,26.058314539943815,144012800
2016-09-22,26.234548568725586,26.307790998796055,26.092640596485246,26.172749231525245,124296000
2016-09-23,25.79738426208496,26.273460980543124,25.531881080100096,26.188773702492046,209924800
2016-09-26,25.836294174194336,25.95302491074402,25.53188132621277,25.552479943478165,119477600
2016-09-27,25.884355545043945,25.90495590551007,25.712693441520837,25.863756930815036,98429600
2016-09-28,26.081199645996094,26.239129368791218,25.96218133422534,26.021691363229483,118564400
2016-09-29,25.676082611083984,26.04687352067809,25.589107741729357,25.900388611113527,143548000
2016-09-30,25.87520980834961,25.94845225875798,25.58910621359226,25.740168003580504,145516400
2016-10-03,25.753896713256836,25.875206086826246,25.698965319910553,25.797385012201293,86807200
2016-10-04,25.863758087158203,26.16359401592136,25.77907081698845,25.877490497258105,118947200
2016-10-05,25.87520980834961,26.014828502290214,25.79281183336047,25.955318465634114,85812400
2016-10-06,26.06747055053711,26.170467146015195,25.8935190762136,26.023982245396795,115117200
2016-10-07,26.106382369995117,26.220823817166742,25.98049782584907,26.163603093580928,97433600
2016-10-10,26.561857223510742,26.722074530767596,26.257442593485038,26.326106405350398,144944000
2016-10-11,26.619075775146484,27.166105639172304,26.596186093481776,26.939510363601958,256164000
2016-10-12,26.85710906982422,27.003595680121986,26.72206904517741,26.85939838695441,150347200
2016-10-13,26.774721145629883,26.880007065108106,26.486328216305616,26.73123283788793,140769600
2016-10-14,26.923486709594727,27.047083647551357,26.809045294402,26.980707417191088,142608800
2016-10-17,26.90517807006836,26.97155255581884,26.728937308456867,26.854823566750788,94499600
2016-10-18,26.886869430541992,27.05624225539342,26.882290795519253,27.049376049096928,98214000
2016-10-19,26.806766510009766,26.953251429771733,26.046875333905316,26.836520659067105,80138400
2016-10-20,26.79302978515625,26.866272238030678,26.625946258085435,26.747253906948913,96503200
2016-10-21,26.687740325927734,26.75869519784017,26.61449788277504,26.735805515536914,92770800
2016-10-24,26.92806625366211,26.948664870898615,26.779292059638845,26.802179994203005,94154800
2016-10-25,27.06540298461914,27.090580243373637,26.850252499349068,26.996737415972706,192516000
2016-10-26,26.45657730102539,26.481754563272364,25.934724494884776,26.163607427138604,264536800
2016-10-27,26.2025089263916,26.51836662459886,26.115532327492296,26.410791407794477,138248000
2016-10-28,26.02855682373047,26.3695917661158,25.966757479086073,26.06288959895097,151446800
2016-10-31,25.987367630004883,26.145297407755773,25.909546527113815,26.012544891566275,105677600
2016-11-01,25.51814842224121,26.040001040121055,25.29842109609378,25.96904791551526,175303200
2016-11-02,25.541038513183594,25.71498998256789,25.45864228688336,25.497551955515803,113326800
2016-11-03,25.267271041870117,25.642264957129893,25.20285508147735,25.531838097943226,107730400
2016-11-04,25.039514541625977,25.363897198636803,24.871573166671375,24.96819711570307,123348000
2016-11-07,25.40070915222168,25.423714605283607,25.18215296012447,25.324789577434114,130240000
2016-11-08,25.55023956298828,25.70207867743133,25.237360559169108,25.377696072141084,97016800
2016-11-09,25.50882911682129,25.610055193362072,24.857766343733797,25.278771128467262,236705600
2016-11-10,24.797954559326172,25.557144983620535,24.34704104396992,25.557144983620535,228538000
2016-11-11,24.9451904296875,25.0464165171127,24.51268199694924,24.643814994203094,136575600
2016-11-14,24.319429397583008,24.80255081531767,23.94443551369246,24.779545367845188,204702000
2016-11-15,24.641511917114258,24.77264490369558,24.422957524546458,24.517280389531447,129058000
2016-11-16,25.304075241088867,25.359290416788934,24.524178875156075,24.54718432076294,235362000
2016-11-17,25.294876098632812,25.386899648584652,25.03721226501154,25.262668119430153,110528000
2016-11-18,25.320180892944336,25.43060949640045,25.228159104467863,25.24196202169871,113715600
2016-11-21,25.704387664794922,25.76420149629619,25.308687523091397,25.333994049958743,117058400
2016-11-22,25.72048568725586,25.86312052717091,25.628462134121555,25.75499298387835,103862000
2016-11-23,25.58934783935547,25.653763787766714,25.38229532288865,25.61925474248842,109705600
2016-11-25,25.718189239501953,25.736594304478434,25.524939567656112,25.566350086251393,45903600
2016-11-28,25.66757583618164,25.874628426316654,25.62616531815464,25.635367850516595,108776000
2016-11-29,25.64226531982422,25.77339831396523,25.32248482963467,25.48582580442763,114115200
2016-11-30,25.426000595092773,25.812497971645445,25.368486114981973,25.674463570420055,144649200
2016-12-01,25.189048767089844,25.522633904830364,25.083222302593835,25.391500921084965,148347600
2016-12-02,25.283374786376953,25.327084613245596,25.041813182047214,25.11543167252432,106112000
2016-12-05,25.101625442504883,25.313278355303645,24.903775446348597,25.306376896982407,137298000
2016-12-06,25.294876098632812,25.389200720014333,25.12003328444787,25.19135070193901,104782000
2016-12-07,25.54334259033203,25.580152717341864,25.11313520092625,25.136140652705663,119994800
2016-12-08,25.794109344482422,25.865426778722618,25.44442012358082,25.504235708377816,108273200
2016-12-09,26.215110778808594,26.387654294479216,25.837815764958435,25.837815764958435,137610400
2016-12-12,26.06557273864746,26.45667064611745,25.87922456055831,26.063271667134355,105497600
2016-12-13,26.500389099121094,26.668330503847788,26.169104923479537,26.189809306855263,174935200
2016-12-14,26.500389099121094,26.73274648128837,26.45207711604066,26.46588003829114,136127200
2016-12-15,26.64531898498535,26.854672619230723,26.509585599866277,26.544092897640045,186098000
2016-12-16,26.679826736450195,26.801757196511677,26.606208246118552,26.79485573729359,177404400
2016-12-19,26.833967208862305,27.00420965154858,26.629215712268476,26.640719315305457,111117600
2016-12-20,26.9052791595459,27.031811746397484,26.843164279311598,26.856967195985213,85700000
2016-12-21,26.930585861206055,27.008806485032228,26.866169909350997,26.870772051742385,95132800
2016-12-22,26.75344467163086,26.804057711784225,26.6039066225968,26.767247589780606,104343600
2016-12-23,26.806358337402344,26.806358337402344,26.592404319614282,26.592404319614282,56998000
2016-12-27,26.976604461669922,27.1008360056042,26.799458799777113,26.806360259684002,73187600
2016-12-28,26.861568450927734,27.151440222715447,26.73273479715244,27.036411240360742,83623600
2016-12-29,26.85466766357422,26.94208906047427,26.77874811207514,26.790249957476107,60158000
2016-12-30,26.64531898498535,26.96279841092744,26.555596500366864,26.83626755694915,122345200
2017-01-03,26.72123908996582,26.762649603333717,26.401458585981693,26.64071913486251,115127600
2017-01-04,26.69132423400879,26.804053900212143,26.62920935596453,26.652214801343774,84472400
2017-01-05,26.827062606811523,26.88457710485285,26.643015510998012,26.66832203055245,88774400
2017-01-06,27.126140594482422,27.183655096543283,26.794856500946796,26.866173921837206,127007600
2017-01-09,27.374603271484375,27.475829361813165,27.133043403931662,27.13534272038212,134247600
2017-01-10,27.402210235595703,27.46432512719422,27.21586380559681,27.32398959799397,97848400
2017-01-11,27.54945182800293,27.590862347722897,27.284884716192234,27.317092703174026,110354400
2017-01-12,27.434410095214844,27.44591369461053,27.195149620447747,27.35389016505352,108344800
2017-01-13,27.386106491088867,27.51954056188967,27.33319237501152,27.40221048203356,104447600
2017-01-17,27.606956481933594,27.662169903440613,27.19745357495073,27.225059408102727,137759200
2017-01-18,27.604665756225586,27.721995856702687,27.54024978112559,27.60696682825164,94852000
2017-01-19,27.556344985961914,27.627662399190104,27.462022125421704,27.468923584095,102389200
2017-01-20,27.606956481933594,27.710481866659634,27.544841602138572,27.710481866659634,130391600
2017-01-23,27.625368118286133,27.793309493956794,27.554048936855708,27.60696305500064,88200800
2017-01-24,27.600051879882812,27.629958780791963,27.491924365145604,27.50342796445064,92844000
2017-01-25,28.039466857910156,28.090079895944434,27.671374429301515,27.703582407104573,129510400
2017-01-26,28.053272247314453,28.168301243893303,27.975051616935176,27.991155606248086,105350400
2017-01-27,28.055570602416992,28.147594147568313,27.97505065861076,28.099282181284575,82251600
2017-01-30,27.981956481933594,27.981956481933594,27.758801675778333,27.82091656920229,121510000
2017-01-31,27.917539596557617,27.92674212772511,27.749598229560107,27.87152869592351,196804000
2017-02-01,29.619970321655273,30.020272543535167,29.21966985497879,29.224270243127602,447940000
2017-02-02,29.56935691833496,29.767206955205634,29.396813403985195,29.442826060933836,134841600
2017-02-03,29.695892333984375,29.721198858894002,29.48423935765253,29.51874665961697,98029200
2017-02-06,29.97425079345703,30.022564510811677,29.654470361689146,29.707386221269466,107383600
2017-02-07,30.25952911376953,30.388361034891503,30.01106604714577,30.03177042509611,152735200
2017-02-08,30.376859664916992,30.418271934267572,30.188213912384082,30.21812257855912,92016400
2017-02-09,30.59636116027832,30.603292541477735,30.29598838100748,30.41844748303212,113399600
2017-02-10,30.52704620361328,30.716513372844734,30.510874154762057,30.605607739377785,80262000
2017-02-13,30.79737663269043,30.919839253845378,30.672608252092974,30.748856966868217,92141600
2017-02-14,31.197105407714844,31.21327745462507,30.788136306005725,30.838968783082613,132904800
2017-02-15,31.310321807861328,31.485926200920584,31.10468260464162,31.312634618691856,142492400
2017-02-16,31.273361206054688,31.400438901901097,31.1555206526763,31.347297127694766,90338400
2017-02-17,31.35885238647461,31.3842686322115,31.21559910629963,31.21559910629963,88792800
2017-02-21,31.585281372070312,31.596834850449913,31.418921155158582,31.476685021429972,98028800
2017-02-22,31.680002212524414,31.682311497020557,31.448946840403494,31.522882726157093,83347600
2017-02-23,31.54599952697754,31.765501493928575,31.492857761966008,31.74239806487526,83152800
2017-02-24,31.5760440826416,31.5760440826416,31.257186378512696,31.40275246528928,87106400
2017-02-27,31.638429641723633,31.756270209527685,31.48824496881444,31.686952850636004,81029600
2017-02-28,31.652280807495117,31.756255033330067,31.58527276652604,31.67307494753698,93931600
2017-03-01,32.29923629760742,32.3824163916019,31.79322787856917,31.860232400519113,145658400
2017-03-02,32.10746765136719,32.41245901933764,32.06125373976054,32.34776377384007,104844000
2017-03-03,32.29692840576172,32.30848188263105,32.02197187415191,32.06587297087968,84432400
2017-03-06,32.19527053833008,32.294626230528806,32.0242917352759,32.20220192085244,87000000
2017-03-07,32.236854553222656,32.34313807658122,32.06818155101605,32.13056750423803,69785200
2017-03-08,32.1167106628418,32.30155574588277,32.0751223701116,32.105157184096726,74828800
2017-03-09,32.04277420043945,32.068190445792496,31.66615614282426,32.0566404915996,88623600
2017-03-10,32.149051666259766,32.199884141766816,32.03352395385757,32.17446790401329,78451200
2017-03-13,32.16291427612305,32.21605603640242,32.07511561253668,32.08204699319808,69686800
2017-03-14,32.11438751220703,32.26688137867309,32.07972709093619,32.186014113624836,61236400
2017-03-15,32.45405960083008,32.521064149756,32.123648376852664,32.21145060186983,102767200
2017-03-16,32.50718688964844,32.583435599648205,32.407831227906016,32.51411827004607,76928000
2017-03-17,32.3454475402832,32.57881223101058,32.322340589443556,32.57881223101058,175540000
2017-03-20,32.68510055541992,32.69434122074406,32.40089985653458,32.44017885400737,86168000
2017-03-21,32.310791015625,32.99471665093121,32.2853747768826,32.83528783751306,158119600
2017-03-22,32.675872802734375,32.717464631681196,32.292319774750595,32.313117452037815,103440800
2017-03-23,32.560333251953125,32.71283069351587,32.488706627299024,32.638891257984966,81385200
2017-03-24,32.49564743041992,32.74980990671602,32.42864288246588,32.694355313989405,89582400
2017-03-27,32.55108642578125,32.6296444169478,32.0288989566286,32.20681260478574,94300400
2017-03-28,33.225772857666016,33.281223906665865,32.491014727782115,32.55802277949188,133499200
2017-03-29,33.29970932006836,33.3852022314122,33.0848294503589,33.19804436103866,116760000
2017-03-30,33.25581359863281,33.38751691474966,33.15646143437077,33.3158902799325,84829200
2017-03-31,33.19341278076172,33.3343566867882,33.04322468628684,33.20727553780942,78646800
2017-04-03,33.20267105102539,33.299713927446234,33.052486402532196,33.20498386217642,79942800
2017-04-04,33.449893951416016,33.47761947345894,33.080203871256245,33.098688727826826,79565600
2017-04-05,33.27660369873047,33.609324078860624,33.22808050761731,33.322814079164985,110871600
2017-04-06,33.19341278076172,33.39212052490356,33.144889605469864,33.33897525538751,84596000
2017-04-07,33.119483947753906,33.313569659625706,33.10331190124426,33.209595422953385,66688800
2017-04-10,33.0802001953125,33.2442510756305,33.0178142520225,33.179555847635505,75733600
2017-04-11,32.72438430786133,33.121799961435954,32.36162556132028,33.02706638137571,121517600
2017-04-12,32.763668060302734,32.84453536364532,32.581132255129475,32.71745766901742,81400000
2017-04-13,32.59037399291992,32.897678183969354,32.59037399291992,32.78908183353735,71291600
2017-04-17,32.770591735839844,32.782145212350784,32.548776973958354,32.68972092588931,66328400
2017-04-18,32.62502670288086,32.81911242204733,32.60423255989005,32.67354989548555,58790000
2017-04-19,32.5048713684082,32.80986618297272,32.45172961458277,32.78214066369432,69313600
2017-04-20,32.911537170410156,33.0224427935341,32.615786491662185,32.6296492538494,93278400
2017-04-21,32.87226486206055,32.96699493150307,32.775221981365114,32.91154387146392,69283600
2017-04-24,33.188804626464844,33.260431251712454,33.08251756841505,33.156457004558625,68537200
2017-04-25,33.39445495605469,33.47994437264111,33.24195746244577,33.25120165785527,75486000
2017-04-26,33.19804382324219,33.41061792992952,33.12873001195959,33.38057959462292,80164800
2017-04-27,33.223445892333984,33.30893876582899,33.11254031595836,33.25348421482882,56985200
2017-04-28,33.19112014770508,33.34130833347928,33.10332145782186,33.2927851286902,83441600
2017-05-01,33.86810302734375,34.01135625590871,33.49379438464133,33.526142001595545,134411600
2017-05-02,34.082984924316406,34.21699749566795,33.928178210589465,34.089916305108204,181408800
2017-05-03,33.97902297973633,34.07837868307375,33.3343796534977,33.63937109555477,182788000
2017-05-04,33.85655212402344,33.99749607838162,33.690191931153905,33.854242838931896,93487600
2017-05-05,34.41801071166992,34.42262928078691,33.909686058779336,33.909686058779336,109310800
2017-05-08,35.353797912597656,35.51322675874134,34.434198084508445,34.434198084508445,195009600
2017-05-09,35.580238342285156,35.78587759988999,35.45546639573149,35.55250928436923,156521600
2017-05-10,35.411556243896484,35.568675779877275,35.145843892303795,35.497049156002355,103222800
2017-05-11,35.717796325683594,35.74563982195557,35.337301584956826,35.36978271379286,109020400
2017-05-12,36.21663284301758,36.2908739365039,35.88485788911661,35.89181788100036,130108000
2017-05-15,36.12382125854492,36.34422922660591,35.97301673833962,36.19574352326371,104038800
2017-05-16,36.070465087890625,36.20734964530216,35.896458214516294,36.179509678419514,80194000
2017-05-17,34.859378814697266,35.86166015777353,34.73409541690228,35.63661097305999,203070800
2017-05-18,35.39066696166992,35.57627495183137,35.06353681745834,35.09601795022325,134272800
2017-05-19,35.51132583618164,35.72477386484505,35.41156358438235,35.58557047581027,107843200
2017-05-22,35.72709655761719,35.86398113051497,35.476526206788755,35.72941537506011,91865600
2017-05-23,35.68301773071289,35.93822574135767,35.569331941676616,35.93822574135767,79675600
2017-05-24,35.5762825012207,35.76885052211112,35.42083679427562,35.69228707716587,76712000
2017-05-25,35.699256896972656,35.810623869469445,35.5043700053728,35.66677574837268,76942400
2017-05-26,35.638919830322266,35.78508670371627,35.56931638869759,35.72940324238091,87710400
2017-05-30,35.65284729003906,35.82917297765768,35.57396502506591,35.59484499988018,80507600
2017-05-31,35.44171142578125,35.76884513027702,35.353550368673936,35.72244401492925,97804800
2017-06-01,35.539154052734375,35.573957543617595,35.3164272878654,35.536835236080066,65616400
2017-06-02,36.06581115722656,36.06581115722656,35.471868472609174,35.63195530592104,111082800
2017-06-05,35.713157653808594,35.833803372295485,35.604116638077066,35.80828223069591,101326800
2017-06-06,35.83380889892578,36.149341452740536,35.6783632089096,35.706203171247324,106499600
2017-06-07,36.047264099121094,36.18878983634843,35.84077607662668,35.96606301262677,84278400
2017-06-08,35.959083557128906,36.08668570114997,35.822195528528795,36.01940463503299,85003200
2017-06-09,34.56472396850586,36.00550242241281,33.87797883138676,36.00550242241281,259530800
2017-06-12,33.738765716552734,33.89421140172117,33.06361832949146,33.813010334042374,289229200
2017-06-13,34.010223388671875,34.20975141652605,33.67612961736451,34.14247031488895,136661600
2017-06-14,33.67844009399414,34.22134051075947,33.372186398273556,34.22134051075947,126124800
2017-06-15,33.47659683227539,33.52067913475004,32.99402094249624,33.251551226267416,128661600
2017-06-16,33.00794982910156,33.525329353127965,32.991707485838134,33.35828244614716,201444400
2017-06-19,33.952213287353516,34.04501905813801,33.330430553899184,33.330430553899184,130165600
2017-06-20,33.643653869628906,34.07519113673098,33.6274150660144,34.07519113673098,99600400
2017-06-21,33.84317398071289,33.88957864340851,33.55084372269558,33.761972901353,85063200
2017-06-22,33.78749084472656,34.03573877374179,33.66916392232728,33.81997198142515,76425200
2017-06-23,33.93829345703125,34.142462613482856,33.66684321411892,33.67148438772323,141757600
2017-06-26,33.831565856933594,34.40230621312439,33.72948129496707,34.144775991864364,102769600
2017-06-27,33.3466682434082,33.91045221913847,33.32114709981254,33.643639619696934,99047600
2017-06-28,33.833900451660156,33.898862741356155,33.21443634194379,33.523008988089416,88329600
2017-06-29,33.335079193115234,33.6714953555342,33.010267738576154,33.57405191917247,125997600
2017-06-30,33.4139518737793,33.63204099616929,33.358268414814425,33.513714088391175,92096400
2017-07-03,33.293296813964844,33.71091378865624,33.20049461522318,33.613470417924404,57111200
2017-07-05,33.430198669433594,33.59260437172023,33.11234725637412,33.33739642246375,86278400
2017-07-06,33.114662170410156,33.29331019195842,33.040421089620494,33.181946800684734,96515200
2017-07-07,33.451080322265625,33.583327248020424,33.154108868848056,33.154108868848056,76806800
2017-07-10,33.655250549316406,33.86173857462647,33.26315447492133,33.434842539856305,84362400
2017-07-11,33.7642936706543,33.838538303117105,33.49748454562129,33.578685629676194,79127200
2017-07-12,33.81300735473633,33.915088384522775,33.5995594085281,33.84316613027823,99538000
2017-07-13,34.284000396728516,34.45104730356028,33.7434185371451,33.7573385226845,100797600
2017-07-14,34.578643798828125,34.645928438020356,34.18191011600604,34.33039583744347,80528400
2017-07-17,34.699275970458984,35.010167274864465,34.46958925668929,34.52759152423557,95174000
2017-07-18,34.81993865966797,34.83153982687053,34.492804861523275,34.61576944547624,71475200
2017-07-19,35.038028717041016,35.13083097657728,34.78977718550363,34.91274177246986,83692000
2017-07-20,34.88025665283203,35.2050716045532,34.845456694516386,35.14938813106929,68974800
2017-07-21,34.864013671875,34.90345479996306,34.541521116163516,34.799051397356024,105010400
2017-07-24,35.28627014160156,35.36747475871802,34.77816954577707,34.93593760584311,85972800
2017-07-25,35.43707275390625,35.69228065092934,35.21898362396672,35.21898362396672,75415600
2017-07-26,35.60413360595703,35.713174673654315,35.51132780128562,35.578612452194825,63124000
2017-07-27,34.93130111694336,35.72709443481554,34.174952474512295,35.67141095788023,129905200
2017-07-28,34.685367584228516,34.85473327081453,34.61344531486372,34.7758510102324,68854800
2017-07-31,34.506717681884766,34.877933714220624,34.36751432489266,34.778167945206754,79383600
2017-08-01,34.8129768371582,34.85241797143003,34.432481938100516,34.59256883261376,141474400
2017-08-02,36.45791244506836,37.06345638107044,36.23054450202435,36.954411813041766,279747200
2017-08-03,36.093658447265625,36.47415324084323,35.96605273047904,36.43703093410931,108389200
2017-08-04,36.283912658691406,36.51824063755716,36.12150695352806,36.209671567836246,82239600
2017-08-07,36.84537124633789,36.87089239354546,36.34887182444575,36.439355248149226,87481200
2017-08-08,37.14003372192383,37.54604982805782,36.72009763000825,36.796661091986486,144823600
2017-08-09,37.367393493652344,37.416116973301776,36.914976354816375,36.949776311581175,104526000
2017-08-10,36.177181243896484,37.26724649800394,36.01646567472079,37.24395304731005,163217200
2017-08-11,36.680274963378906,36.93416070229305,36.351860156850435,36.47530758815783,105028400
2017-08-14,37.23229217529297,37.31614358221261,36.97607855579409,37.10884476428348,88490800
2017-08-15,37.63991165161133,37.77966166110587,37.299846542421186,37.42096606058106,117862000
2017-08-16,37.48850631713867,37.851861268607664,37.30216944215757,37.719098599761814,110686400
2017-08-17,36.7687873840332,37.43261145636436,36.76412798432432,37.38835604433153,111762400
2017-08-18,36.6849365234375,37.15077698722718,36.50325902688598,36.76878794908287,109712400
2017-08-21,36.61739730834961,36.775781386413854,36.12826331840998,36.68494262303436,105474000
2017-08-22,37.21598434448242,37.26722706602458,36.80604612622486,36.854957371464366,86418400
2017-08-23,37.262577056884766,37.37670924800208,37.00636693869412,37.050622350639216,77596400
2017-08-24,37.09721374511719,37.43960683877667,36.92951086030106,37.36739856702638,79275600
2017-08-25,37.23463439941406,37.39767787713826,37.0972122934809,37.185719579056176,101920400
2017-08-28,37.60963439941406,37.73308185201082,37.25093521127621,37.29985002932449,103864000
2017-08-29,37.94504165649414,37.99395292241599,37.26724282464148,37.29053627303937,118067600
2017-08-30,38.047515869140625,38.17329121260983,37.87515364267968,38.15232924771166,109078400
2017-08-31,38.19892883300781,38.32004838298705,38.07780928302857,38.11507738365014,107140400
2017-09-01,38.210567474365234,38.41786635335139,38.11274139649231,38.385257660727085,66364400
2017-09-05,37.751712799072266,38.257149291687355,37.39767304031707,38.14068917207796,117874000
2017-09-06,37.71211242675781,37.963666682533365,37.388353473821574,37.8984493074153,86606800
2017-09-07,37.56071090698242,37.78897526638358,37.35108414451552,37.75403510325225,87714000
2017-09-08,36.94813537597656,37.535091767309375,36.92484193250823,37.467546467779975,114446000
2017-09-11,37.61661911010742,37.74472595411591,37.24161737805395,37.38369886793957,126323200
2017-09-12,37.467552185058594,38.189606393791436,36.980749707380006,37.875162629389486,286856000
2017-09-13,37.18570327758789,37.25791151485799,36.78042446120834,37.236945998706176,179629600
2017-09-14,36.86661911010742,37.12748866854169,36.82236369128421,37.03199406138133,95042800
2017-09-15,37.239280700683594,37.493162851983115,36.80138961104405,36.91086238345394,196458400
2017-09-18,36.95745849609375,37.38370301301224,36.801402343027625,37.292864250657885,113077600
2017-09-19,36.9714241027832,37.21366311254684,36.90387880537779,37.15310158306575,83242400
2017-09-20,36.351871490478516,36.86196394189305,35.830128759626284,36.77811249504325,211805600
2017-09-21,35.72763442993164,36.28897304494731,35.578565622840415,36.28897304494731,150046800
2017-09-22,35.37825012207031,35.466760938093564,35.06846582006925,35.296726627935186,186581600
2017-09-25,35.06614303588867,35.364280660403736,34.7423840426693,34.935708269423436,177549200
2017-09-26,35.669410705566406,35.8510882354049,35.33167701825542,35.35263898998724,146640000
2017-09-27,35.92329025268555,36.03742245811878,35.762574706654625,35.823136248104575,102016800
2017-09-28,35.702030181884766,35.93495052678437,35.5669359553531,35.84411173443682,88022000
2017-09-29,35.89767074584961,35.90000222315323,35.40388091253344,35.68571600201449,105199200
2017-10-02,35.82547378540039,35.974542647766036,35.57159149004175,35.93028721839339,74795200
2017-10-03,35.98152542114258,36.123606940273305,35.848762703901954,35.87205260046407,64921200
2017-10-04,35.748592376708984,35.83710319267838,35.51101632449689,35.783532540208626,80655200
2017-10-05,36.19346618652344,36.20511290619734,35.88135400210998,35.91163120836631,85135200
2017-10-06,36.172515869140625,36.216771285701384,36.000153603083184,36.09565175944262,69630400
2017-10-09,36.29829406738281,36.505592965768344,36.21677410523374,36.29130674360093,65051600
2017-10-10,36.31226348876953,36.801397407591345,36.12593014262862,36.349531579630025,62468000
2017-10-11,36.46365737915039,36.563811357429444,36.2773205116134,36.328563239038075,67622400
2017-10-12,36.33555603027344,36.65465560938733,36.27266657277076,36.41707953274286,64500400
2017-10-13,36.56614685058594,36.6336921510215,36.431052695634285,36.50558531838799,65576800
2017-10-16,37.239280700683594,37.26722998586739,36.71986612381796,36.77809617067088,96486000
2017-10-17,37.376705169677734,37.46987182902115,37.08788283918476,37.215989661342135,75989200
2017-10-18,37.211326599121094,37.432603612919934,37.17406207150014,37.36505477057717,65496800
2017-10-19,36.33089828491211,36.5871119722712,36.107296843290385,36.51024786606347,170336800
2017-10-20,36.39379119873047,36.74317159423828,36.326245886061336,36.47764263581559,95896400
2017-10-23,36.375152587890625,36.72919233940038,36.219096457297425,36.542855441022574,87937200
2017-10-24,36.591766357421875,36.66629897638764,36.38213603628996,36.40309800217904,71028800
2017-10-25,36.43105697631836,36.696585917849305,36.16552803478742,36.54751710074563,84828400
2017-10-26,36.66398620605469,36.76181230804649,36.517245276026074,36.62205870286859,68002000
2017-10-27,37.97764587402344,38.10575271694487,36.96444140755853,37.10186349629206,177816800
2017-10-30,38.83245849609375,39.14690220770844,38.13369785168815,38.17329386171482,178803200
2017-10-31,39.37284851074219,39.514930045152674,38.8837179813567,39.1073194936238,144187200
2017-11-01,38.8720703125,39.582477967331734,38.57393260064961,39.566171839706506,134551200
2017-11-02,39.15623092651367,39.24706969938162,38.49706606531022,38.80452256060582,165573600
2017-11-03,40.178741455078125,40.588679798570986,39.85731038613164,40.528121815557064,237594400
2017-11-06,40.58635330200195,40.75871556536482,39.997065357610694,40.14846209750659,140105200
2017-11-07,40.7167854309082,40.81927090225437,40.43495393878697,40.50715864248612,97446000
2017-11-08,41.049869537353516,41.049869537353516,40.604990970049464,40.68185508540157,97638000
2017-11-09,40.96601104736328,41.01725378211168,40.327808339911776,40.78666147574387,117930400
2017-11-10,40.8304328918457,40.996402330142,40.73693129386803,40.93328678973554,100582000
2017-11-13,40.66679382324219,40.79068501674107,40.53355033201329,40.55692750948182,67928400
2017-11-14,40.0520133972168,40.552254357040376,40.0146113372461,40.44940047554934,99130000
2017-11-15,39.52372741699219,39.81358806625075,39.360097843562826,39.731771496107484,116632400
2017-11-16,39.99591064453125,40.17590135574992,39.80890392663494,40.01460810615006,94550000
2017-11-17,39.77384567260742,40.063706318434406,39.654630606275354,39.98188974925974,87598000
2017-11-20,39.73411178588867,39.869691608046615,39.63593403195173,39.80657606378088,65049600
2017-11-21,40.472782135009766,40.60368579254124,39.92111417337202,39.92111417337202,100525200
2017-11-22,40.89822006225586,40.9075687942775,40.45174231251265,40.52420657796541,102355600
2017-11-24,40.90055847167969,41.0244496868098,40.82575434420491,40.930948094323455,56106800
2017-11-27,40.694862365722656,40.92628368879183,40.51954415435885,40.91927124568592,82867200
2017-11-28,40.45642852783203,40.87718934377625,40.17358026951966,40.743949369889336,105715200
2017-11-29,39.617244720458984,40.421371590861206,39.074928838215214,40.35358344315271,166665600
2017-11-30,40.171234130859375,40.23902224712282,39.37412007422577,39.839295289727644,166108800
2017-12-01,39.984222412109375,40.12915092551341,39.38814005400389,39.72708772685399,159037200
2017-12-04,39.6920280456543,40.35122240453448,39.652289694840306,40.31849649404904,130169600
2017-12-05,39.654632568359375,40.094097925131834,39.364771908190285,39.519052754741125,109400800
2017-12-06,39.507362365722656,39.785534421794935,38.9112834648331,39.15438974818077,114240000
2017-12-07,39.579837799072266,39.84164516474968,39.483996328830415,39.512046098907895,102693200
2017-12-08,39.59151840209961,39.972544381752805,39.4629545923694,39.853329305384676,93420800
2017-12-11,40.362918853759766,40.41434580408775,39.455938348183324,39.55177980714525,141095200
2017-12-12,40.136173248291016,40.297466539043796,40.080073715408226,40.241363439303626,77636800
2017-12-13,40.26942825317383,40.56629787760068,40.20631269382944,40.32319150979988,95273600
2017-12-14,40.257728576660156,40.470448819217914,40.124485051039116,40.299803226735804,81906000
2017-12-15,40.66679382324219,40.71354461132274,40.31382127134904,40.5873171268196,160677200
2017-12-18,41.23950958251953,41.42184019960957,40.874848348339455,40.87952449840411,117684400
2017-12-19,40.80004119873047,40.99873654293022,40.69485101462472,40.91458368227419,109745600
2017-12-20,40.7556266784668,41.00574538016436,40.4984919693788,40.87717802562036,93902400
2017-12-21,40.9099006652832,41.14599803388846,40.69718404134811,40.7135452123324,83799600
2017-12-22,40.9099006652832,41.00574210071986,40.790685618889476,40.832760258726125,65397600
2017-12-26,39.872032165527344,40.08241256095756,39.66398449497271,39.92579541025149,132742000
2017-12-27,39.87904357910156,39.921118230359454,39.67099948077001,39.76216479201962,85992800
2017-12-28,39.99124526977539,40.171239596342964,39.85098930185255,39.97254423626185,65920800
2017-12-29,39.55879211425781,39.87670254845045,39.556455822653554,39.860341373505804,103999600
2018-01-02,40.26707077026367,40.27642306888876,39.565798181369,39.7761820981515,102223600
2018-01-03,40.260066986083984,40.80238628352514,40.19695500765061,40.33019497342311,118071600
2018-01-04,40.44707107543945,40.54992497445396,40.22500210267125,40.3325285848356,89738400
2018-01-05,40.907569885253906,40.9940590344742,40.451743391332485,40.54290869011677,94640000
2018-01-08,40.7556266784668,41.050159881448366,40.65744537728277,40.7556266784668,82271200
2018-01-09,40.75096893310547,40.9216110079164,40.53591233695206,40.802395898148504,86336000
2018-01-10,40.74159622192383,40.743936079890894,40.440050593275295,40.477452652181725,95839600
2018-01-11,40.97303009033203,41.02212075365002,40.788363163647276,40.8117367825329,74670800
2018-01-12,41.39612579345703,41.45924133390934,41.05951433352114,41.18340555601736,101672400
2018-01-16,41.18574142456055,41.93376483703263,41.17405283422285,41.58546481936825,118263600
2018-01-17,41.86598205566406,41.90104426428869,40.923939337469655,41.176394373281866,137547200
2018-01-18,41.90338134765625,42.09974042023661,41.6672874824555,41.929094823419305,124773600
2018-01-19,41.71636962890625,41.97817691644085,41.47092351341417,41.75143183103793,129700400
2018-01-22,41.375091552734375,41.55742217931307,41.28158994771982,41.44521953992409,108434400
2018-01-23,41.384422302246094,41.94544238910616,41.33299893863523,41.44520152926483,130756400
2018-01-24,40.72523498535156,41.44520856729474,40.48680131877495,41.43351997804808,204420400
2018-01-25,39.99824905395508,40.89587706717088,39.86266926547092,40.79302318853761,166116000
2018-01-26,40.09176254272461,40.206305044653156,39.75281475426623,40.206305044653156,156572000
2018-01-29,39.26191711425781,39.77618297744424,39.05387305096097,39.77618297744424,202561600
2018-01-30,39.03049850463867,39.124000098125286,38.499867866116375,38.693887061115404,184192800
2018-01-31,39.13802719116211,39.374124613366014,38.92063436894064,39.007123526143936,129915600
2018-02-01,39.219852447509766,39.41620798850518,38.98141868095353,39.07726015936492,188923200
2018-02-02,37.518096923828125,38.990770600564964,37.42459530527834,38.803763796607285,346375200
2018-02-05,36.58073043823242,38.30819906959649,36.466187922867306,37.19083795577011,290954000
2018-02-06,38.10948944091797,38.270782705665994,35.99865925194776,36.19267842788692,272975200
2018-02-07,37.293678283691406,38.19598257725575,37.183815515739305,38.123518306819236,206434400
2018-02-08,36.26748275756836,37.634965863191155,36.23943299272922,37.46899643189285,217562000
2018-02-09,36.71108627319336,37.0584569628266,35.262922282513344,36.86599613070262,282690400
2018-02-12,38.18976974487305,38.4667265805271,36.96927155384121,37.201636376347686,243278000
2018-02-13,38.572349548339844,38.66858177983185,37.94097729101988,38.01139120629208,130196800
2018-02-14,39.283512115478516,39.32341248785229,38.22966380983118,38.26721478410091,162579600
2018-02-15,40.602603912353516,40.62607283272102,39.666106961646975,39.85152683257436,204588800
2018-02-16,40.47114944458008,41.03211125006785,40.31624316123592,40.454721563931344,160704400
2018-02-20,40.335025787353516,40.900675720101226,40.234098347646515,40.381967200086905,135722000
2018-02-21,40.15194320678711,40.86780765643654,40.13785756271119,40.56503256469426,149886400
2018-02-22,40.487571716308594,40.82790131300647,40.30215194919147,40.32327504011641,123967600
2018-02-23,41.19171142578125,41.226916584183606,40.73167706139258,40.76219058627438,135249600
2018-02-26,42.00616455078125,42.10474259221506,41.35836445790183,41.39122380504643,152648800
2018-02-27,41.87003707885742,42.36058152900351,41.816054626517115,42.03668323356099,155712400
2018-02-28,41.806644439697266,42.39342084865955,41.79021656257379,42.07421433892811,151128400
2018-03-01,41.0743522644043,42.19626857117151,40.52513035651895,41.90522615725141,195208000
2018-03-02,41.358360290527344,41.37948338697755,40.47584605945342,40.55799620973738,153816000
2018-03-05,41.50153350830078,41.71746684872899,40.961698366530335,41.12364926720145,113605600
2018-03-06,41.46632766723633,41.83717090219632,41.339585499505745,41.757370145425206,95154000
2018-03-07,41.081398010253906,41.273862430596104,40.903019234965775,41.06027491477236,126814000
2018-03-08,41.52971267700195,41.571958884790014,41.090804805109556,41.187033472204966,95096400
2018-03-09,42.243221282958984,42.24791649869535,41.63532156620826,41.76910835419292,128740800
2018-03-12,42.6516227722168,42.80887848962803,42.297210953699,42.315984655461044,128828400
2018-03-13,42.240875244140625,43.06940353794993,42.069537475364825,42.855815990569,126774000
2018-03-14,41.881752014160156,42.369950398408875,41.73388321843804,42.323009003680866,117473600
2018-03-15,41.931053161621094,42.30424579003283,41.79492414608478,41.89584799922378,90975200
2018-03-16,41.78318405151367,42.04136357525891,41.68929765809745,41.931049301369676,157618800
2018-03-19,41.144771575927734,41.65409318133053,40.759846310114575,41.61888802159753,133787200
2018-03-20,41.13069152832031,41.49683953309172,41.06027762400275,41.13069152832031,78597600
2018-03-21,40.19889831542969,41.095491231721496,40.196548916582934,41.083754981689786,148219600
2018-03-22,39.63089370727539,40.52983232296425,39.572216046223105,39.90080951555583,165963200
2018-03-23,38.71316909790039,39.88202694835137,38.71316909790039,39.52291999681884,164115200
2018-03-26,40.550941467285156,40.628396376148224,39.06522330214518,39.44780263281464,150164800
2018-03-27,39.51118469238281,41.10956343270425,39.17789604359712,40.76453853670361,163690400
2018-03-28,39.07461929321289,39.905496814461294,38.77184419806612,39.2553474561917,166674000
2018-03-29,39.3797492980957,40.31155078767656,39.17320279721128,39.38679033049858,153594000
2018-04-02,39.12157440185547,39.652022830460815,38.60286580492459,39.11218755047695,150347200
2018-04-03,39.522926330566406,39.607422308079656,38.69909323586246,39.3468933425305,121112000
2018-04-04,40.2786865234375,40.37256933160999,38.6732668664508,38.69908517590817,138422000
2018-04-05,40.5579948425293,40.89362930170126,40.38900291382461,40.50635822090288,107732800
2018-04-06,39.52057647705078,40.482887897857516,39.478326701909054,40.12847614077942,140021200
2018-04-09,39.912540435791016,40.62605912311723,39.865599029495826,39.87264006137012,116070800
2018-04-10,40.66361999511719,40.83965298210904,40.25991739177053,40.60494233278657,113634400
2018-04-11,40.47349548339844,40.820866160421915,40.29980835418697,40.42420468274402,89726400
2018-04-12,40.872501373291016,41.074352620855194,40.61431829568591,40.70116364800726,91557200
2018-04-13,41.010982513427734,41.271511425086416,40.8044396188746,41.02271875981588,100497200
2018-04-16,41.26682662963867,41.35366842078155,41.03446180568861,41.081403217619894,86313600
2018-04-17,41.834815979003906,41.99911267229984,41.40529517848783,41.42407245506441,106421600
2018-04-18,41.740936279296875,41.97095526813903,41.515616087100334,41.733895247128224,83018000
2018-04-19,40.5579948425293,41.16589447365878,40.525135499803376,40.78331502653571,139235200
2018-04-20,38.896236419677734,40.187144570368126,38.828168347966916,40.04162516124711,261964400
2018-04-23,38.78358840942383,39.177900575378345,38.51366901785712,39.15677747678798,146062000
2018-04-24,38.24374771118164,39.03941654299841,37.84004517183039,38.88450667946601,134768000
2018-04-25,38.410396575927734,38.82583543069064,38.119357660993536,38.16864489208386,113528400
2018-04-26,38.544185638427734,38.89859745277348,38.344680140899015,38.52071313940064,111852000
2018-04-27,38.09821701049805,38.56998391202602,37.70155562030748,38.49252900316644,142623200
2018-04-30,38.78827667236328,39.257697923260864,37.98556676309641,38.05363485006051,169709600
2018-05-01,39.68956756591797,39.71303647925035,38.79062545495093,39.05819542045914,214277600
2018-05-02,41.44285583496094,41.719812647104675,40.792706415671205,41.12834088273352,266157600
2018-05-03,41.51795959472656,41.66113320985868,40.94291931740563,41.28090316830111,136272800
2018-05-04,43.146854400634766,43.24543243285755,41.81839141046121,41.8371686901322,224805200
2018-05-07,43.45901107788086,44.048133333878766,43.36277888225993,43.4637027107898,169805600
2018-05-08,43.66790771484375,43.70780808695571,43.10929534247727,43.41911505261652,113611200
2018-05-09,43.975372314453125,43.98475916138972,43.47309184046762,43.78525732674539,92844800
2018-05-10,44.604400634765625,44.68185556216297,44.04344244670562,44.064569122468185,111957200
2018-05-11,44.43476486206055,44.7811202353957,44.16616310265883,44.64682115330001,104848800
2018-05-14,44.33110046386719,44.65625133862218,44.262773480511164,44.53373014599972,83115200
2018-05-15,43.92818832397461,44.076627354090526,43.612464172969005,44.008296792998124,94780800
2018-05-16,44.33814239501953,44.404118071374505,43.824502106780066,43.840996924671,76732400
2018-05-17,44.05778121948242,44.51016293392808,43.90934217740125,44.29575178319089,69176000
2018-05-18,43.897552490234375,44.25097597581326,43.85514339766552,44.10489541890773,73190800
2018-05-21,44.20856857299805,44.59497812152537,44.038925005819245,44.29574521897252,73603200
2018-05-22,44.09783172607422,44.503090985077776,44.00829661681228,44.385283144558365,60962800
2018-05-23,44.38056564331055,44.41355169174006,43.76796349223717,43.90697946331335,80233600
2018-05-24,44.33110046386719,44.493675901244686,43.87400894390395,44.47718466879775,92936000
2018-05-25,44.43240737915039,44.6845142986647,44.21328291731223,44.34994044932966,69844000
2018-05-29,44.27218246459961,44.472457219965484,44.02949861480413,44.201500640550265,90056400
2018-05-30,44.17794418334961,44.295752034505206,44.00830059006872,44.229779925474894,74762000
2018-05-31,44.02949142456055,44.349928823690995,43.857493022112415,44.11195833276388,109931200
2018-06-01,44.823524475097656,44.82823419974906,44.2368401871287,44.293389239832464,93770000
2018-06-04,45.198158264160156,45.57278634857579,45.08506373956886,45.15339070780669,105064800
2018-06-05,45.5468635559082,45.69530257509716,45.323029393544196,45.49031809732934,86264000
2018-06-06,45.7047233581543,45.72828636153599,45.21935568825165,45.62226003673747,83734400
2018-06-07,45.58219528198242,45.756548523993466,45.31830336683782,45.74241216331243,85388800
2018-06-08,45.16753005981445,45.23821549056052,44.71279347355301,45.04265402342088,106627200
2018-06-11,45.05678939819336,45.23114631083224,44.81646397224416,45.08506572699524,73234000
2018-06-12,45.30418395996094,45.381937568012425,45.0379370834704,45.09448614256514,67644400
2018-06-13,44.931915283203125,45.44555940171566,44.870656492735385,45.337174592969205,86553600
2018-06-14,44.955467224121094,45.13689228323737,44.81880971422139,45.13217896352785,86440400
2018-06-15,44.4936637878418,44.8046782086226,44.357006263123864,44.7740470200036,246876800
2018-06-18,44.47010040283203,44.583194911549555,44.107250277682624,44.267470793974596,73939600
2018-06-19,43.75148010253906,43.902274007400344,43.22369963791943,43.62189074792149,134314000
2018-06-20,43.94232940673828,44.10725968278852,43.76090430547783,43.90698848873122,82514800
2018-06-21,43.69728088378906,44.37820998177126,43.574759736739,44.11903132362873,102847600
2018-06-22,43.5700569152832,43.8598632336105,43.51822117116477,43.852795049886204,108801600
2018-06-25,42.9221076965332,43.570050812040066,42.58282054445238,43.21191397426476,126652400
2018-06-26,43.454593658447266,43.94938797353978,43.009280212947836,43.115310134188796,98276800
2018-06-27,43.390995025634766,44.12611497523184,43.36036382933128,43.643101994929324,101141200
2018-06-28,43.70669937133789,43.873988050554196,43.30615351932165,43.37683892737374,69460800
2018-06-29,43.61481475830078,44.104895760187524,43.096461027816034,43.89283951007356,90950800
2018-07-02,44.102535247802734,44.130811570292906,43.216621705982554,43.310870122267346,70925200
2018-07-03,43.33442306518555,44.283953696943236,43.24488798187445,44.24625433605341,55819200
2018-07-05,43.683135986328125,43.92111007150501,43.41924763347607,43.65014994222162,66416800
2018-07-06,44.2886848449707,44.39706605714836,43.63602832826301,43.68786407155159,69940800
2018-07-09,44.90364456176758,44.92720397675285,44.60205672635557,44.649179151536714,79026400
2018-07-10,44.84944152832031,45.06856236255624,44.809383703042094,44.93426330823316,63756400
2018-07-11,44.26747512817383,44.715143482285086,44.203857887887295,44.41355569937035,75326000
2018-07-12,45.009666442871094,45.09920155846209,44.60440715522057,44.65624289633007,72164400
2018-07-13,45.080345153808594,45.20050784745144,44.97902854938801,45.021441238162346,50055600
2018-07-16,44.98138427734375,45.391353204429265,44.86593131540765,45.12510996660727,60172400
2018-07-17,45.108619689941406,45.207577840766284,44.57848442788754,44.708073766542675,62138000
2018-07-18,44.8612174987793,45.191081559852485,44.75047785769445,45.1863682402803,65573600
2018-07-19,45.20994567871094,45.367807780295486,44.69394667468397,44.69394667468397,81147200
2018-07-20,45.10626220703125,45.33951940784949,44.80702931428614,45.1863706680151,82704800
2018-07-23,45.14632034301758,45.22878726865295,44.66330748260312,44.92719589230041,63957600
2018-07-24,45.47381591796875,45.62932309432081,45.249981791818506,45.34422660434203,74791600
2018-07-25,45.90264129638672,45.909709478060186,45.339516458198204,45.487955463759825,66839600
2018-07-26,45.7589225769043,46.17125001494184,45.617551731493165,45.85316741037176,76304000
2018-07-27,44.99788284301758,45.9898264659988,44.79054348344733,45.94270404769693,96096000
2018-07-30,44.74577713012695,45.2853354853208,44.547860810814726,45.21465005836353,84118000
2018-07-31,44.83530044555664,45.271190836033,44.61146629715371,44.83765890299014,157492000
2018-08-01,47.47655487060547,47.53781364713079,46.489324692851646,46.918146914157724,271742800
2018-08-02,48.86433410644531,49.097594916163985,47.20560135629759,47.25979195423673,249616000
2018-08-03,49.00569534301758,49.18240706250677,48.41429782085991,48.7795027601794,133789600
2018-08-06,49.26017761230469,49.30258671388447,48.788946198074015,49.0080670799903,101701600
2018-08-07,48.79836654663086,49.36148791169574,48.715899615615555,49.31907881246056,102349600
2018-08-08,48.83135986328125,48.963304096363274,48.18812992940101,48.548621707361086,90102000
2018-08-09,49.21539306640625,49.42744569153758,48.819556945562866,49.36854178508897,93970400
2018-08-10,49.06882095336914,49.44003672333354,48.86548063525924,49.02862623567317,98444800
2018-08-13,49.385623931884766,49.87742357093041,49.10898731138737,49.48965895658139,103563600
2018-08-14,49.593711853027344,49.78522930486312,49.2414119574974,49.690653943503335,82992000
2018-08-15,49.709564208984375,49.82778520144578,49.25795915190542,49.46839237417397,115230400
2018-08-16,50.43781661987305,50.55367090797726,50.00039741215219,50.066600893302926,114001600
2018-08-17,51.4450569152832,51.53253931119231,50.39998358384993,50.46618706310315,141708000
2018-08-20,50.94380187988281,51.823362921071144,50.861045725428916,51.56800870100237,121150800
2018-08-21,50.84449005126953,51.3528425555406,50.60568491149106,51.26063031267377,104639200
2018-08-22,50.84685516357422,51.15659362058982,50.5607587429564,50.622235974791955,76072400
2018-08-23,50.950889587402344,51.31973854252035,50.74045634465841,50.75227555879988,75532800
2018-08-24,51.10930252075195,51.28426728810176,50.861037704362104,51.21333757583482,73905600
2018-08-27,51.53017044067383,51.719324763645,51.1494986735286,51.34337923890554,82100400
2018-08-28,51.94631576538086,52.14492621424723,51.761891261745056,51.783170179590904,91107200
2018-08-29,52.72183609008789,52.84242381895519,51.877740027109745,52.052704797907644,109019200
2018-08-30,53.206546783447266,53.970253487975114,52.58470312439228,52.78568028191906,195175200
2018-08-31,53.82130432128906,54.11449015060924,53.43590263011833,53.556486775291695,173360400
2018-09-04,53.993896484375,54.18777705269031,53.584852825321335,54.005719306205876,109560400
2018-09-05,53.64159393310547,54.30363223674393,53.22309420206611,54.14285341285009,133332000
2018-09-06,52.750213623046875,53.75509216076385,52.32461728550888,53.49027465750758,137160000
2018-09-07,52.324623107910156,53.28694031504542,52.185123173027854,52.4546669488255,150479200
2018-09-10,51.62239074707031,52.45466773356044,51.18260841073498,52.2418677340193,158066000
2018-09-11,52.92754364013672,53.033941819572114,51.20387942357245,51.54671960522813,142996000
2018-09-12,52.27024459838867,53.19946010310294,51.97941828552849,53.18527415765987,197114800
2018-09-13,53.5328369140625,53.99153499554689,52.6249004519719,52.849519642275006,166825600
2018-09-14,52.925174713134766,53.63450069033738,52.61307315923123,53.37677978449687,127997200
2018-09-17,51.5160026550293,52.71476215039525,51.37177283880847,52.52560776075517,148780400
2018-09-18,51.60110855102539,52.45466440089387,51.33629103116489,51.49470675410538,126286800
2018-09-19,51.63184356689453,51.927396096554034,50.90596843011665,51.66258218448119,108495200
2018-09-20,52.02434158325195,52.55633617131596,51.816271434307,52.07399599891171,106435200
2018-09-21,51.46396255493164,52.338797164845985,51.37647656846738,52.201660382649074,384986800
2018-09-24,52.20402526855469,52.315153292233006,51.22042933428429,51.26535388953533,110773600
2018-09-25,52.5350456237793,52.68400522996359,51.94630377783899,51.958126598742545,98217600
2018-09-26,52.11655044555664,52.90390281763559,51.960497843994546,52.25368725227918,95938800
2018-09-27,53.18763732910156,53.53993727515141,52.85425317959996,52.92046027142845,120724800
2018-09-28,53.374412536621094,53.39805456934215,52.96773205250956,53.14978977495271,91717600
2018-10-01,53.73381042480469,54.244526037328285,53.51865093552065,53.89695599056796,94403200
2018-10-02,54.211421966552734,54.38166049673322,53.58485210395696,53.73144499079402,99152800
2018-10-03,54.8711051940918,55.20212260237653,54.32965090961708,54.39349126972169,114619200
2018-10-04,53.90642547607422,54.93731298129252,53.60850617745029,54.56609722279109,128168000
2018-10-05,53.03158187866211,54.00572550581806,52.15438395852076,53.899327312763546,134322000
2018-10-08,52.90863037109375,53.15216535637329,52.06453065114557,52.53978140728469,118655600
2018-10-09,53.64159393310547,53.736172895235825,52.549233077184034,52.87788730397269,107564000
2018-10-10,51.15659713745117,53.5186542874467,51.0833006862872,53.308221027600226,167962400
2018-10-11,50.704986572265625,51.89901940310349,50.20136756167063,50.721539244147124,212497600
2018-10-12,52.516136169433594,52.698197531427574,51.27008573845108,52.11654858627355,161351600
2018-10-15,51.393035888671875,52.44993197126722,51.37175697346174,52.29151625611603,123164000
2018-10-16,52.52558898925781,52.72420301170054,51.251166750358514,51.76424545871344,116736000
2018-10-17,52.298622131347656,52.64146241187893,51.86120285796037,52.56107297381609,91541600
2018-10-18,51.07619857788086,51.95576305015513,50.362142773439196,51.51125096413181,130325200
2018-10-19,51.85409164428711,52.31515279784084,51.409579553774584,51.55853916023749,132314800
2018-10-22,52.170921325683594,52.811680677472054,51.76660756117778,51.96758107903151,115168400
2018-10-23,52.662723541259766,52.785674386526175,50.76409464590403,51.0312752497084,155071200
2018-10-24,50.8563117980957,53.017391656334006,50.726267969157426,52.63199362779541,163702000
2018-10-25,51.96995544433594,52.343534259721785,51.2488065794398,51.47579250051913,119423200
2018-10-26,51.14240646362305,52.06216571984942,50.28412082995475,51.04782749681985,189033600
2018-10-29,50.18245315551758,51.94394539631925,48.72833263934348,51.82572439213365,183742000
2018-10-30,50.43308639526367,50.8775949642934,49.480225290241705,49.924733859271434,146640000
2018-10-31,51.74768829345703,52.12363014967308,51.21805699622307,51.27953421575745,153435600
2018-11-01,52.54216003417969,52.575261781525505,51.2630074977807,51.792639063133706,233292800
2018-11-02,49.05698776245117,50.51583454720711,48.57228091507329,49.54642446027015,365314800
2018-11-05,47.664344787597656,48.32638314907276,46.85571353178706,48.30510423366641,264654800
2018-11-06,48.17979431152344,48.40441352241418,47.68799444752672,47.74237510519479,127531600
2018-11-07,49.640995025634766,49.66700378881958,48.26490452137793,48.69995691663436,133697600
2018-11-08,49.46780776977539,49.854550593236844,49.05496180600561,49.82133335158234,101450400
2018-11-09,48.51399612426758,48.87938580426373,47.98726296060506,48.770244983920264,137463200
2018-11-12,46.07013702392578,47.41781558554865,45.9799743974334,47.21613716957594,204542000
2018-11-13,45.609825134277344,46.78429582169561,45.424757201491744,45.46746713543031,187531600
2018-11-14,44.32147216796875,46.14368081930121,44.11504743544878,46.00606553775681,243204000
2018-11-15,45.41527557373047,45.54814450930108,44.34519912826086,44.69872824786671,185915200
2018-11-16,45.91829299926758,46.25995813873549,44.95261796519588,45.1993741101405,147713200
2018-11-19,44.09844207763672,45.24681341876194,43.892020958745455,45.080727252963975,167701200
2018-11-20,41.99150085449219,43.056830688679405,41.64271817280262,42.32130174706325,271300800
2018-11-21,41.944061279296875,42.772124438484425,41.889490881307914,42.64399822705807,124496800
2018-11-23,40.87873458862305,41.90135851863127,40.83365689452534,41.507494383952164,94496000
2018-11-26,41.43156051635742,41.50985905728153,40.39707629811021,41.34140152229291,179994000
2018-11-27,41.341392517089844,41.46714370440458,40.54417546181573,40.6936511706504,165549600
2018-11-28,42.931087493896484,43.01412876378861,41.50511064186913,41.93219192550799,184250000
2018-11-29,42.601280212402344,43.372397774847585,42.16233492100179,43.33918054774312,167080000
2018-11-30,42.37113571166992,42.78635290696132,42.003371186044795,42.776860200784085,158126000
2018-12-03,43.85169982910156,43.88017071781132,42.995165596472155,43.76628354256427,163210000
2018-12-04,41.922706604003906,43.27512777330079,41.823054898940676,42.9334627157085,165377200
2018-12-06,41.45529556274414,41.46953100520734,40.4350466147937,40.75298356449691,172393600
2018-12-07,39.977115631103516,41.40071754199759,39.9320343246601,41.163450556848574,169126400
2018-12-10,40.240474700927734,40.3567331851287,38.7528099649567,39.14904532256053,248104000
2018-12-11,40.010345458984375,40.760106616561835,39.62359899291814,40.72926436066037,189126800
2018-12-12,40.12184143066406,40.79093232599874,40.102859640812596,40.4302855596333,142510800
2018-12-13,40.56079864501953,40.94517370109351,40.22862624634583,40.451657837058576,127594400
2018-12-14,39.262935638427734,40.11709814501256,39.21548297037447,40.098116353709955,162814800
2018-12-17,38.89756774902344,39.94391649652727,38.6104729739319,39.255839755584475,177151600
2018-12-18,39.40292739868164,39.749335147040604,39.00431700694578,39.23921261031191,135366000
2018-12-19,38.17388153076172,39.73035222871584,37.746800273297104,39.38631585646059,196189200
2018-12-20,37.21058654785156,38.4633561025011,36.84756830306149,38.05762791222595,259092000
2018-12-21,35.76325988769531,37.5261558756445,35.502268316215726,37.21770799988889,382978400
2018-12-24,34.837913513183594,35.957814025738095,34.78096813070543,35.15110406579586,148676800
2018-12-26,37.291255950927734,37.30549139242431,34.811816392339566,35.18669870684758,234330000
2018-12-27,37.04922866821289,37.19633662270598,35.6066489588287,36.97567650116932,212468400
2018-12-28,37.0682258605957,37.611569368803295,36.66961900113825,37.369555992471305,169165600
2018-12-31,37.4265022277832,37.81087365387044,37.12754345601977,37.61394158656188,140014000
2019-01-02,37.46920394897461,37.6898641400753,36.59368814570471,36.75028523353009,148158800
2019-01-03,33.73699951171875,34.57455183641599,33.69191819683805,34.16170590164323,365248800
2019-01-04,35.17720413208008,35.24601358953824,34.11899533904399,34.29219923540596,234428400
2019-01-07,35.098907470703125,35.31244995449789,34.61725572428317,35.28160408429917,219111200
2019-01-08,35.768001556396484,36.021878993464554,35.238897140785376,35.48565323681881,164101200
2019-01-09,36.37540817260742,36.66487424188444,35.502267230819925,35.89612775325254,180396400
2019-01-10,36.491668701171875,36.532003660455786,35.794103077351124,36.18322084854541,143122800
2019-01-11,36.133392333984375,36.467939696000656,35.948324350827995,36.27338262516767,108092800
2019-01-14,35.590049743652344,35.891379845195914,35.404981774617916,35.79172814036254,129756800
2019-01-15,36.318458557128906,36.3943821085161,35.601911260051914,35.65411028555859,114843600
2019-01-16,36.762149810791016,36.98518137158213,36.30185124837653,36.32083304295525,122278800
2019-01-17,36.98042678833008,37.40750802029229,36.363531273228396,36.58656278438679,119284800
2019-01-18,37.20821762084961,37.459720094996186,37.008910562862575,37.36955746448795,135004000
2019-01-22,36.37302780151367,37.186851783715795,36.211684376745275,37.110928234724035,121576000
2019-01-23,36.520137786865234,36.80960382903162,35.99340473442524,36.57470818551413,92522400
2019-01-24,36.23067092895508,36.65300590810053,36.00289663164888,36.565218274806185,101766000
2019-01-25,37.43123245239258,37.51902368512095,36.61503719155783,36.8902641000177,134142000
2019-01-28,37.08483123779297,37.09194895785594,36.4584465294026,36.96382275590851,104768400
2019-01-29,36.70045471191406,37.51902868886723,36.56521441598711,37.07296560813992,166348800
2019-01-30,39.208377838134766,39.42191672312946,38.017296299473955,38.73384376445083,244439200
2019-01-31,39.4907341003418,40.0981372570411,39.04467082321208,39.4124355280536,162958400
2019-02-01,39.509708404541016,40.09338329388807,39.36971809982081,39.61410648111566,130672400
2019-02-04,40.63196563720703,40.72924595668123,39.690015545649196,39.72086140802062,125982000
2019-02-05,41.32716751098633,41.54070999970741,40.89297205344229,41.01397692943241,144406400
2019-02-06,41.341392517089844,41.656957978594825,41.01159161859167,41.43866921001204,112958400
2019-02-07,40.55841827392578,41.27021921626802,40.41605663729461,40.904826038437854,126966800
2019-02-08,40.60608673095703,40.665657891479206,40.13189898426392,40.26772297550331,95280000
2019-02-11,40.372554779052734,40.796704677929405,40.329665299757814,40.75857827237781,83973600
2019-02-12,40.720455169677734,40.7466666211287,40.436895913781186,40.53221193539128,89134000
2019-02-13,40.5512580871582,41.09931321330204,40.48930542055988,40.83958395772457,89960800
2019-02-14,40.699005126953125,40.808613992609324,40.3606414751641,40.43927581927432,87342800
2019-02-15,40.608455657958984,40.91345961424227,40.44880543364929,40.80623228578758,98507200
2019-02-19,40.729976654052734,40.85150410234934,40.386849953980956,40.43927284620034,75891200
2019-02-20,40.992088317871094,41.29947740453898,40.744274000963244,40.79193018083782,104457600
2019-02-21,40.760948181152344,41.073100311196576,40.57985326034545,40.93728002957469,68998800
2019-02-22,41.216094970703125,41.22324321911487,40.83722326114031,40.8848794625303,75652800
2019-02-25,41.516319274902344,41.90710582108216,41.44959988672047,41.49964124582385,87493600
2019-02-26,41.54015350341797,41.77128984933254,41.263742503117236,41.39241821936573,68280800
2019-02-27,41.6688232421875,41.69980140101289,41.158894387635335,41.273273603636405,111341600
2019-02-28,41.258975982666016,41.67835919496109,41.20417154412631,41.537772157173244,112861600
2019-03-01,41.69265365600586,41.735543135571554,41.197021288508566,41.528236712468996,103544800
2019-03-04,41.90234375,42.35508298576963,41.45436758783305,41.86421734557429,109744800
2019-03-05,41.82609176635742,41.93808580910875,41.590188724744905,41.923789316150554,78949600
2019-03-06,41.58543395996094,41.81657033812453,41.44722844052762,41.621175199497635,83241600
2019-03-07,41.104087829589844,41.566360471567705,40.98971225542988,41.43053652305642,99185600
2019-03-08,41.201786041259766,41.239912445241174,40.389234781584264,40.58462987503848,95997600
2019-03-11,42.62910461425781,42.681527506223055,41.78319736904366,41.81655706066394,128044000
2019-03-12,43.108070373535156,43.527449985065225,42.74111003200352,42.89123050226052,129870400
2019-03-13,43.29869079589844,43.67756238941142,43.11044394955633,43.42736286383217,124130000
2019-03-14,43.780029296875,43.86819707283481,43.50123674636694,43.82053724326323,94318000
2019-03-15,44.34952926635742,44.63785523657547,43.78241438212483,44.04691043760487,156171600
2019-03-18,44.80226516723633,44.89042929325558,44.270887966592596,44.273273139252964,104879200
2019-03-19,44.447227478027344,45.03340921139079,44.30187372223758,44.88090720826174,126585600
2019-03-20,44.83562469482422,45.152543603093804,44.01830674487972,44.37573359295211,124140800
2019-03-21,46.486942291259766,46.782416507691266,45.22879987925223,45.27884124565531,204136800
2019-03-22,45.52427291870117,47.10648249507304,45.45993505954188,46.546512238552936,169630800
2019-03-25,44.97382736206055,45.745866978541436,44.46389856952138,45.63387294895227,175381200
2019-03-26,44.50917053222656,45.96032623886354,43.982563700573884,45.66961879021226,199202000
2019-03-27,44.90950393676758,45.21688950575341,44.451997889288634,44.97622334144566,119393600
2019-03-28,44.96907043457031,45.16922862786753,44.68551117609868,45.023874875034785,83121600
2019-03-29,45.26216125488281,45.29313941789581,44.92617907983829,45.23356826498443,94256000
2019-04-01,45.56955337524414,45.67439555693616,44.88805919660428,45.66486577166774,111448000
2019-04-02,46.23197555541992,46.33682135310815,45.52427005695858,45.5337998404147,91062800
2019-04-03,46.548892974853516,46.822918780518556,46.024664003423624,46.04849391519191,93087200
2019-04-04,46.629913330078125,46.791945110655476,46.02228688104425,46.41545501139502,76457200
2019-04-05,46.94207000732422,46.965899923630765,46.68710371939616,46.81101273950768,74106400
2019-04-08,47.68075942993164,47.711733961677744,46.78480682813005,46.80387003624659,103526800
2019-04-09,47.53778076171875,48.336035677504945,47.47344289751336,47.73317589155191,143072800
2019-04-10,47.80466079711914,47.833257424849805,47.223245724372106,47.34238803810109,86781200
2019-04-11,47.40671157836914,47.895195644215804,47.285187764028926,47.85945441527274,83603200
2019-04-12,47.38765335083008,47.69027578606465,46.75381913013985,47.46628769869107,111042800
2019-04-15,47.47343826293945,47.62117718246721,47.18273076972158,47.31855473245824,70146400
2019-04-16,47.47821044921875,47.98337267920693,47.31379347996625,47.528251819139626,102785600
2019-04-17,48.40274429321289,48.46231543377523,47.32569705378426,47.54729995142792,115627200
2019-04-18,48.57670211791992,48.64580305696875,48.257401604087235,48.400370192581796,96783200
2019-04-22,48.73634719848633,48.83404475360525,48.214503361460345,48.33126412020742,77758000
2019-04-23,49.43928527832031,49.50362313511346,48.58622601734535,48.71251655805477,93292000
2019-04-24,49.363033294677734,49.67756704213216,49.33682184606203,49.410689482360645,70162400
2019-04-25,48.91506576538086,49.506010596011244,48.87693935413123,49.28440764800036,74172800
2019-04-26,48.68153762817383,48.848336097417246,48.16207538289125,48.82450618641079,74596400
2019-04-29,48.755409240722656,49.079476422813116,48.576695801391914,48.705367877898986,88818800
2019-04-30,47.81657028198242,48.46708622241454,47.44484688744978,48.38607033097731,186139600
2019-05-01,50.163673400878906,51.30505499845377,49.85628424061624,50.01117140720834,259309200
2019-05-02,49.837223052978516,50.671219159962654,49.59417537681596,50.00164001010491,127985200
2019-05-03,50.45676803588867,50.47821277895846,50.09457439721513,50.25184311826302,83569600
2019-05-06,49.67757034301758,49.763352940920356,48.490914101974354,48.679157328406795,129772400
2019-05-07,48.338409423828125,49.42498651293276,47.85469202351123,49.05802986425357,155054800
2019-05-08,48.34794235229492,48.92935733960514,48.073916525359294,48.109657759852,105358000
2019-05-09,47.8284912109375,48.057242419549205,46.861056195160906,47.75223838411033,139634400
2019-05-10,47.1658935546875,47.56536448730354,46.11101450339134,47.22330340337194,164834800
2019-05-13,44.42464065551758,45.32403977104099,43.73813138927743,44.90065443085275,229722400
2019-05-14,45.12788391113281,45.376652571018006,44.35047683033014,44.589679009038655,146118800
2019-05-15,45.66849136352539,45.867029661329525,44.49640184388846,44.556202404072714,106178800
2019-05-16,45.46754837036133,46.03924140385866,45.17093636911534,45.42688443993763,132125600
2019-05-17,45.2092170715332,45.663699804341405,44.67340281448622,44.7140667516376,131516400
2019-05-20,43.795536041259766,44.09693319133087,43.123378349333606,43.89839489959819,154449200
2019-05-21,44.6351318359375,44.970013454882476,44.180645467442574,44.30503163302324,113459200
2019-05-22,43.72138214111328,44.42224655428425,43.66636665166303,44.17108348949689,118994400
2019-05-23,42.97507858276367,43.18557408801563,42.53255294513371,43.00856675291308,146118800
2019-05-24,42.810020446777344,43.56829102566304,42.72629821206873,43.10423814743245,94858800
2019-05-28,42.63299560546875,43.197512791475035,42.55645282004388,42.79804566302026,111792800
2019-05-29,42.429683685302734,42.90091226999758,42.099583510254305,42.200047987456955,113924800
2019-05-30,42.649757385253906,42.87221370220988,42.259856591093225,42.56603514665155,84873600
2019-05-31,41.877132415771484,42.57560242696121,41.85799580108924,42.15460420382392,108174400
2019-06-03,41.45374298095703,42.55885600339575,40.728960589625665,42.00390878409617,161584400
2019-06-04,42.97029113769531,43.01574014822659,41.74557681150609,41.96564243887218,123872000
2019-06-05,43.66397476196289,44.25002316291043,43.32909308993842,44.08018796856743,119093600
2019-06-06,44.30503463745117,44.36483519131341,43.570682084053516,43.79314204238784,90105200
2019-06-07,45.48430252075195,45.90769148933359,44.43659923654732,44.61360655057878,122737600
2019-06-10,46.0655632019043,46.73293577866847,45.835927468539325,45.881376473575656,104883600
2019-06-11,46.59899139404297,46.88364266564571,46.30955870522477,46.61095223695524,107731600
2019-06-12,46.45068359375,46.87646328917654,46.259321071663166,46.393273742142995,73012800
2019-06-13,46.44111251831055,47.072606273434246,46.30955420885947,46.57267447769808,86698400
2019-06-14,46.10383987426758,46.30715958311369,45.52018583958195,45.8191886319466,75046000
2019-06-17,46.37892150878906,46.63486965392285,45.967493369838486,46.142109980575825,58676400
2019-06-18,47.46968078613281,47.90981200382238,46.69466791366559,46.89559690653218,106204000
2019-06-19,47.330936431884766,47.811735172431156,47.19698378872574,47.76389181421512,84496800
2019-06-20,47.711273193359375,47.98635426785553,47.369212143833636,47.9289444249456,86056000
2019-06-21,47.54862976074219,48.043780241000434,47.39793115371799,47.55341482840855,191202400
2019-06-24,47.50078201293945,47.87872199614494,47.40270821699431,47.49121187922274,72881600
2019-06-25,46.7807731628418,47.663426161251905,46.7137931929715,47.46488790932587,84281200
2019-06-26,47.792606353759766,48.07725759186515,47.20656161939147,47.30702611814578,104270000
2019-06-27,47.77825164794922,48.21599213856582,47.737587709468265,47.90980994600214,83598800
2019-06-28,47.34291076660156,47.72085077463874,47.13480596879721,47.52470316986103,124442400
2019-07-01,48.21121597290039,48.914471197496404,47.9959317500997,48.59872246403011,109012000
2019-07-02,48.49346923828125,48.58915232452939,48.16576333648064,48.17772417850372,67740800
2019-07-03,48.895328521728516,48.90250429660593,48.483900395720205,48.62502883489124,45448000
2019-07-05,48.852256774902344,49.05558007362374,48.53411745981146,48.64176135321417,69062000
2019-07-08,47.84523010253906,48.17532669133114,47.46011437400138,48.0341982544595,101354400
2019-07-09,48.137054443359375,48.20163641262728,47.555791170395594,47.64907988705199,82312000
2019-07-10,48.613059997558594,48.73266109242535,48.21359277869593,48.28296345768267,71588400
2019-07-11,48.25904083251953,48.89053445503686,48.249474351089496,48.632195657197634,80767200
2019-07-12,48.629817962646484,48.79725880699689,48.36669402871252,48.426494590976,70380800
2019-07-15,49.086692810058594,49.2445635130071,48.79725649643611,48.81878382184684,67789600
2019-07-16,48.91685104370117,49.30196674070282,48.6776488381085,48.93837836621987,67467200
2019-07-17,48.641780853271484,49.05799044819137,48.62264423454898,48.8092217046724,56430000
2019-07-18,49.194332122802734,49.246956906066245,48.725494140074105,48.797255539973115,74162400
2019-07-19,48.45998001098633,49.39526162771868,48.40496451880691,49.22542643455206,83717200
2019-07-22,49.567481994628906,49.569872702739694,48.70396187494887,48.71352835732806,89111600
2019-07-23,49.95499038696289,49.97173629421098,49.5842262186613,49.86409602597792,73420800
2019-07-24,49.91432189941406,50.02913793173765,49.55551860470898,49.67511970294401,59966400
2019-07-25,49.5196418762207,50.05067106733842,49.45027119228103,49.96694883497979,55638400
2019-07-26,49.691871643066406,50.1678817358878,49.54834884778114,49.62967672847252,70475600
2019-07-29,50.15592956542969,50.385565347597584,49.85932109046995,49.8641061577897,86693600
2019-07-30,49.94064712524414,50.27074740921103,49.58901951404553,49.9358620581026,135742800
2019-07-31,50.95964050292969,52.95219547888276,50.54343096661381,51.76814519291497,277125600
2019-08-01,49.8569221496582,52.15326516054023,49.45267342174729,51.16535872118057,216071600
2019-08-02,48.802040100097656,49.37851470178692,48.23034691506533,49.163234154260714,163448400
2019-08-05,46.24735641479492,47.51751962109188,46.0655640412733,47.35964892958403,209572000
2019-08-06,47.12284851074219,47.378796698785564,46.41480816572522,46.957798355826306,143299200
2019-08-07,47.610809326171875,47.735195505332065,46.36217706782614,46.742507730135785,133457600
2019-08-08,48.66090393066406,48.684825611688794,47.694528606203654,47.888281812721345,108038000
2019-08-09,48.259918212890625,48.6849121066314,47.85172652260763,48.33435204748465,98478800
2019-08-12,48.13746643066406,48.51444257030938,47.81811826695935,47.93097076329877,89927600
2019-08-13,50.17600631713867,50.9371579045492,48.13746218750722,48.26712420599327,188874000
2019-08-14,48.682518005371094,49.56852841372435,48.644099355992225,48.780964420477915,146189600
2019-08-15,48.44001007080078,49.256386268391125,47.94297838198592,48.85300141700887,108909600
2019-08-16,49.58293151855469,49.74140568988817,48.944235250189195,49.04988469774485,110481600
2019-08-19,50.50735855102539,51.078820332819284,50.430521259871156,50.57218589365761,97654400
2019-08-20,50.509761810302734,51.2276951856261,50.50015898015101,50.634620585098965,107537200
2019-08-21,51.05721664428711,51.29972750063154,50.807502749106995,51.14125698244228,86141600
2019-08-22,51.01400375366211,51.48942268562583,50.60341217800857,51.189283823360064,89014800
2019-08-23,48.656097412109375,50.91554301125543,48.26231548209122,50.286449641445806,187272000
2019-08-26,49.580528259277344,49.748605248722136,49.237167578736795,49.429257136875236,104174400
2019-08-27,49.02106857299805,50.07515584403641,48.86979745227065,49.90947864777375,103493200
2019-08-28,49.350032806396484,49.39565450041869,48.81938934092808,49.00667570095276,63755200
2019-08-29,50.18561935424805,50.260056872342915,49.62136047132866,50.06316401304191,83962000
2019-08-30,50.120792388916016,50.531380318643734,49.75101924277267,50.461749711640046,84573600
2019-09-03,49.390846252441406,49.69818812822895,49.03548289552534,49.56612630727239,80092000
2019-09-04,50.228824615478516,50.29845519886603,49.77981818268151,50.036735067652984,76752400
2019-09-05,51.21089172363281,51.376568957870155,50.785894078911504,50.903549829089826,95654800
2019-09-06,51.20610046386719,51.484630265941824,51.02601710863354,51.395790316444234,77449200
2019-09-09,51.42459487915039,51.96964811295189,50.68025265249834,51.58546887972169,109237600
2019-09-10,52.03206253051758,52.05127185370454,50.83391076513622,51.35014804449725,127111600
2019-09-11,53.68642807006836,53.71524388706847,52.27937718938957,52.36101772978543,177158400
2019-09-12,53.56637954711914,54.365949877044244,53.51115502500784,53.976971102844466,128906800
2019-09-13,52.5242919921875,53.01411692029238,52.10890090309722,52.82443080357143,159053200
2019-09-16,52.800418853759766,52.855647033642335,52.23855987155783,52.27937831072937,84632400
2019-09-17,52.99250793457031,53.02132375192014,52.61313203639829,52.81482810263167,73274800
2019-09-18,53.489540100097656,53.50874942392138,52.68996985697935,53.07894858894895,101360000
2019-09-19,53.05493927001953,53.72724727960935,52.91327096589523,53.307052941713785,88242400
2019-09-20,52.27937316894531,53.439109875358426,52.21694562055294,53.15578062057358,221652400
2019-09-23,52.517093658447266,52.78601688512093,52.2601730542611,52.572318178824,76662000
2019-09-24,52.26736831665039,53.42230547207564,52.14971625438767,53.07174174905982,124763200
2019-09-25,53.071746826171875,53.18459931647141,52.13771495764018,52.4762724285388,87613600
2019-09-26,52.798011779785156,53.05012908229732,52.5434946860541,52.82442413840649,75334000
2019-09-27,52.541099548339844,53.05493702755311,52.17132649489073,52.95408716657338,101408000
2019-09-30,53.77767562866211,53.92414352515708,53.01412053525755,53.04053289901251,103909600
2019-10-01,53.9265251159668,54.7981291618993,53.83288197858749,54.04178102643584,139223200
2019-10-02,52.574729919433594,53.684042068079286,52.32741210702432,53.55918326581723,138449200
2019-10-03,53.021324157714844,53.054939558377036,51.65509168829448,52.44745522730388,114426000
2019-10-04,54.50761032104492,54.622866267592265,53.7584649875072,54.17865934180888,138478800
2019-10-07,54.519615173339844,55.20873272385884,54.2266793952243,54.32992905331613,122306000
2019-10-08,53.88092803955078,54.75973552309099,53.86412216814556,54.22188901725137,111820000
2019-10-09,54.51241683959961,54.6948999368784,54.17866259327657,54.51241683959961,74770400
2019-10-10,55.247154235839844,55.33119457436902,54.57724597451074,54.728513454537506,113013600
2019-10-11,56.716636657714844,57.059993724351415,55.78020129962542,55.93387223570824,166795600
2019-10-14,56.634986877441406,57.17764014436274,56.346854377235516,56.40207888768913,96427600
2019-10-15,56.5029411315918,57.062396724114954,56.39729167013194,56.75985808213798,87360000
2019-10-16,56.27482604980469,56.48372515630135,55.99389655879597,56.034714997954104,73903200
2019-10-17,56.49332046508789,56.70221587996945,56.07072638906214,56.44769878510148,67585200
2019-10-18,56.76465606689453,57.04558556492881,56.255618132854494,56.327652182971896,97433600
2019-10-21,57.749107360839844,57.864363302867055,56.983156188347394,57.03117766562347,87247200
2019-10-22,57.61705017089844,58.15489658740651,57.53540962798938,57.90518270314261,82293600
2019-10-23,58.390201568603516,58.40461130875165,57.91958597693626,58.130884866797174,75828800
2019-10-24,58.48625183105469,58.7791876143368,58.06125423337426,58.70955335592496,69275200
2019-10-25,59.206581115722656,59.242596306464485,58.318170993988126,58.385401792575365,73477200
2019-10-28,59.799659729003906,59.84768120784419,59.24020052419486,59.408277532037836,96572800
2019-10-29,58.41663360595703,59.96775307535574,58.243756967791725,59.78046669218876,142839600
2019-10-30,58.409420013427734,58.89924866845541,57.91719523037346,58.769586633499244,124522000
2019-10-31,59.73002624511719,59.82847265948915,56.96874904224295,59.365060070154456,139162000
2019-11-01,61.425209045410156,61.45161774300314,59.82606861277858,59.91730831812791,151125200
2019-11-04,61.82859802246094,61.912638359081036,61.31956374708165,61.78777591806556,103272000
2019-11-05,61.7397575378418,61.99427467320338,61.545268167001495,61.72054454973453,79897600
2019-11-06,61.76615905761719,61.82618681516117,61.31715260360538,61.65330658033023,75864400
2019-11-07,62.47903060913086,62.70059923548496,62.161130673338896,62.31285597676723,94940400
2019-11-08,62.6500244140625,62.72227105623637,61.85768527338709,62.30081516113781,69986400
2019-11-11,63.14613723754883,63.211159215108815,62.20207280445758,62.206886797370636,81821200
2019-11-12,63.08833312988281,63.28822775645039,62.837873203264316,62.989591152239775,87388800
2019-11-13,63.69282150268555,63.767478813815906,62.87399440184441,62.88844372983046,102734400
2019-11-14,63.25210952758789,63.79157076632971,63.12205821124544,63.51942947548323,89182800
2019-11-15,64.00349426269531,64.00830825530088,63.341206473883005,63.502559746650064,100206400
2019-11-18,64.32621765136719,64.40568896392628,63.635031105699284,64.01313169523063,86703200
2019-11-19,64.13116455078125,64.54298527205155,63.914417189565846,64.51890059866975,76167200
2019-11-20,63.38456726074219,64.08056783760952,62.71264400137363,63.95052386452542,106234400
2019-11-21,63.10039138793945,63.582055362872204,62.90049672256133,63.504987362976806,121395200
2019-11-22,63.04499053955078,63.38215381547278,62.81860790794425,63.2400638402488,65325200
2019-11-25,64.15040588378906,64.1672658843364,63.22320139858819,63.26896005744073,84020400
2019-11-26,63.64948654174805,64.34067315372796,63.218395236341195,64.28768982373602,105207600
2019-11-27,64.50443267822266,64.53815268116317,63.89512810024147,63.9601500849875,65235600
2019-11-29,64.36234283447266,64.54296680875088,64.0372182108502,64.20580352668654,46617600
2019-12-02,63.61817932128906,64.60318127783115,63.4471906663846,64.3671632819168,94487200
2019-12-03,62.48385238647461,62.503115708653056,61.722822542288654,62.20930043557878,114430400
2019-12-04,63.03538131713867,63.41348941695258,62.780099920354935,62.87402795199242,67181600
2019-12-05,63.960140228271484,64.03480488761794,63.2737751129012,63.52905636870785,74424400
2019-12-06,65.19561004638672,65.26545336433453,64.3743722789269,64.4177276122505,106075600
2019-12-09,64.2828598022461,65.21728148518294,63.79878528754208,65.02461888758106,128042400
2019-12-10,64.65857696533203,65.04149895721667,64.02759096181438,64.68747562892948,90420400
2019-12-11,65.2100601196289,65.28953877362453,64.66337427533851,64.73803158690569,78756800
2019-12-12,65.37623596191406,65.64115256416365,64.3791955584024,64.48997619221315,137310400
2019-12-13,66.26492309570312,66.30104642565348,65.24861176531338,65.37625243087754,133587600
2019-12-16,67.39922332763672,67.62320261796066,66.70563351279964,66.71044750574998,128186000
2019-12-17,67.53170013427734,67.85922811740664,67.143956803204,67.32940214182528,114158400
2019-12-18,67.37031555175781,67.89051335467951,67.22100094482415,67.38476487826064,116028400
2019-12-19,67.43773651123047,67.71710235790785,67.18005200015853,67.31250658669452,98369200
2019-12-20,67.29805755615234,68.07112579194977,67.08612433708637,67.96998052350803,275978000
2019-12-23,68.39624786376953,68.45645582843835,67.52202704084159,67.56056102018223,98572000
2019-12-24,68.46131134033203,68.61063335694011,68.13619401362658,68.56246401614918,48478800
2019-12-26,69.81959533691406,69.83645533824492,68.5648628664668,68.59376152611499,93121200
2019-12-27,69.79310607910156,70.7973786870116,69.38851010956454,70.11100606214161,146266000
2019-12-30,70.20733642578125,70.4891130772608,68.69009788596185,69.71122313309827,144114400
2019-12-31,70.72029113769531,70.72751580123949,69.72565414200866,69.8243961101836,100805600
2020-01-02,72.33390808105469,72.39411609388233,71.09121381433879,71.34408452837052,135480400
2020-01-03,71.63064575195312,72.38926493117573,71.40667380039741,71.56321309934685,146322800
2020-01-06,72.20143127441406,72.23996527669502,70.50356859981315,70.75403593983464,118387200
2020-01-07,71.86185455322266,72.46633779595872,71.6426965801033,72.21105649751387,108872000
2020-01-08,73.0178451538086,73.31888511458335,71.56562867701548,71.56562867701548,132079200
2020-01-09,74.56880187988281,74.76146451044018,73.74275001069596,73.99320996049889,170108400
2020-01-10,74.73737335205078,75.30092656417412,74.23644614635045,74.8024026801614,140644800
2020-01-13,76.33409118652344,76.36058652225458,74.93485817482635,75.05287082554342,121532000
2020-01-14,75.30333709716797,76.48100893453174,75.18051779267843,76.27148630079421,161954400
2020-01-15,74.98060607910156,75.98246770801262,74.54951490172726,75.10343270524221,121923600
2020-01-16,75.91985321044922,76.03064118697364,75.16123412136378,75.52248200660513,108829200
2020-01-17,76.76036834716797,76.76277166888072,75.86206254796348,76.16791647174253,137816400
2020-01-21,76.2401351928711,76.83016877439313,76.10285928405496,76.3894497535044,110843200
2020-01-22,76.51229858398438,77.06379835057774,76.41837061392836,76.72422448512405,101832400
2020-01-23,76.88079071044922,76.96026202494508,76.01860816134078,76.56530142477,104472000
2020-01-24,76.65923309326172,77.86820708363678,76.46897375596369,77.12644775977525,146537600
2020-01-27,74.405029296875,75.08416976822737,73.42484155700832,74.67234921705278,161940000
2020-01-28,76.50989532470703,76.68088393464757,75.18531972883665,75.28406170066347,162234000
2020-01-29,78.11144256591797,78.95676515736241,77.39858197163568,78.13793790519387,216229200
2020-01-30,77.99826049804688,78.05124383327706,76.76520180499128,77.19629315301822,126743200
2020-01-31,74.53987884521484,77.71163064497078,74.24606365244907,77.29017484753824,199588400
2020-02-03,74.33519744873047,75.49841264105945,72.7842389592195,73.28516622775322,173788400
2020-02-04,76.78926086425781,76.9795201431656,75.53211792000401,75.93671379066781,136616400
2020-02-05,77.4154281616211,78.21258127557842,76.81334832632962,77.91394467954083,118826800
2020-02-06,78.32095336914062,78.3233640404218,77.12883967256218,77.68516086755363,105425600
2020-02-07,77.2563705444336,78.06989925267796,76.76632167871378,77.82125391424971,117684000
2020-02-10,77.62330627441406,77.62330627441406,75.76450341427329,75.84416334192943,109348800
2020-02-11,77.15496826171875,78.19059132825674,76.93770658748598,78.11817322586252,94323200
2020-02-12,78.98722839355469,78.9920538114317,77.60398368209574,77.60398368209574,113730400
2020-02-13,78.42476654052734,78.75066279160559,78.0578358133656,78.26061390209061,94747600
2020-02-14,78.44404602050781,78.69269125395607,77.93709735382313,78.39334599690582,80113600
2020-02-18,77.0077133178711,77.1887659353896,75.94794846047884,76.12900107799734,152531200
2020-02-19,78.12300872802734,78.35234502696264,77.24912913343354,77.24912913343354,93984000
2020-02-20,77.321533203125,78.3716398349872,76.81700080414447,77.88400744802773,100566000
2020-02-21,75.57136535644531,77.35775721221363,74.95578935685651,76.91598466630131,129554000
2020-02-24,71.98170471191406,73.43012593023869,69.82114748147725,71.75961758398634,222195200
2020-02-25,69.54353332519531,73.0318176639516,69.07280081018256,72.65040328612861,230673600
2020-02-26,70.646728515625,71.90927139616765,69.16209855410392,69.16934036398257,198054800
2020-02-27,66.0286865234375,69.04140503149553,65.89350114490772,67.85852928583456,320605600
2020-02-28,65.99008178710938,67.20917433611869,61.88863715289679,62.10348988405487,426510000
2020-03-02,72.13378143310547,72.76867383608672,67.04258234775999,68.14338175177791,341397200
2020-03-03,69.8428726196289,73.38667475068135,68.99312746023453,73.30701482551375,319475600
2020-03-04,73.0824966430664,73.24182384454771,70.76261243598904,71.56165746891385,219178400
2020-03-05,70.71192169189453,72.31242082695749,70.34740002247567,71.33956494467967,187572800
2020-03-06,69.77285766601562,70.2049720207652,67.88991319528947,68.07579124975517,226176800
2020-03-09,64.25437927246094,67.1319051551366,63.48912685930832,63.670179502443226,286744800
2020-03-10,68.88207244873047,69.14761776690831,65.02685833500999,66.9025682079639,285290000
2020-03-11,66.48976135253906,67.88748961967876,65.627949126833,66.96291749628936,255598800
2020-03-12,59.923583984375,65.1789387030404,59.868062216126,61.7848064103127,418474000
2020-03-13,67.10293579101562,67.57367559511492,61.06301877546382,63.94538103600016,370732000
2020-03-16,58.47034454345703,62.5428168089279,57.93684117686896,58.40757727472599,322423600
2020-03-17,61.041290283203125,62.1879532458274,57.55059398806874,59.74978006097213,324056000
2020-03-18,59.547000885009766,60.35087498179023,57.24159672400037,57.881318208922394,300233600
2020-03-19,59.09075164794922,61.03646337436918,58.56690646649194,59.72081496454535,271857200
2020-03-20,55.33934020996094,60.79264444451166,55.03999854094989,59.67011594836406,401693200
2020-03-23,54.1637077331543,55.16070547027294,51.32480360482342,55.05931643178171,336752800
2020-03-24,59.59769058227539,59.79322680600636,56.56083445045727,57.05812501538411,287531200
2020-03-25,59.26939392089844,62.34245973328567,58.97488132854125,60.53193331315153,303602000
2020-03-26,62.38833236694336,62.446266859922645,59.47217711965345,59.51080257065681,252087200
2020-03-27,59.8053092956543,61.76791740598874,59.638740277699725,61.014739603264104,204216800
2020-03-30,61.51201629638672,61.68341437720142,60.206022667346865,60.52950610976303,167976400
2020-03-31,61.38650131225586,63.3660094986333,60.8336888557072,61.70274302705608,197002000
2020-04-01,58.156524658203125,60.04188561745125,57.726826674200176,59.50596949204973,176218400
2020-04-02,59.126953125,59.18006218576405,57.1884834576866,58.01891202578832,165934000
2020-04-03,58.277225494384766,59.31284498948773,57.68820030765842,58.61277624472143,129880000
2020-04-06,63.3611946105957,63.51568906281684,60.20122279835169,60.56815356854759,201820400
2020-04-07,62.62731170654297,65.58933753055518,62.52350996388426,65.37206847487805,202887200
2020-04-08,64.23023223876953,64.54405384793799,63.06184016051964,63.42635444288139,168895200
2020-04-09,64.69371795654297,65.19584133375365,63.899505790640596,64.86511973614601,161834800
2020-04-13,65.96353149414062,66.07216605732911,64.17231360053658,64.77099716065541,131022800
2020-04-14,69.29489135742188,69.58457858630197,67.12225924197793,67.59299914714502,194994800
2020-04-15,68.66239929199219,69.12106449233013,67.7450688913163,68.17235045630129,131154400
2020-04-16,69.20796966552734,69.57249130619873,68.16027936470277,69.37453866907585,157125200
2020-04-17,68.26890563964844,69.27073604048029,66.83496828577375,68.72516178272222,215250000
2020-04-20,66.85184478759766,67.99851098894645,66.83253575623371,67.0980809815345,130015200
2020-04-21,64.78545379638672,66.92911797835283,64.07572694243713,66.69495629705587,180991600
2020-04-22,66.6515121459961,67.0860355273564,65.71003990834832,66.05041238241853,116862400
2020-04-23,66.39322662353516,68.01545898341168,66.35460116650802,66.59600474763815,124814400
2020-04-24,68.3099365234375,68.31959472449138,66.86875759043463,66.91704122865521,126161200
2020-04-27,68.35821533203125,68.68893686603447,67.58089596071159,68.02748643097968,117087600
2020-04-28,67.25020599365234,69.00038194653797,67.15847882168735,68.81932926175669,112004800
2020-04-29,69.45902252197266,69.92734583940624,68.53203408860236,68.73481211774124,137280800
2020-04-30,70.92435455322266,71.10058178322025,69.60870972779222,69.99736587702316,183064000
2020-05-01,69.78251647949219,72.17965163700352,69.00519685948858,69.1017567929507,240616800
2020-05-04,70.76985168457031,70.89779524622708,69.11865261133845,69.80665406694762,133568000
2020-05-05,71.83203887939453,72.66246767070962,71.08368641004002,71.2285300116976,147751200
2020-05-06,72.5731201171875,73.2031795834636,72.14824768910796,72.53207828931902,142333600
2020-05-07,73.32390594482422,73.66911859215423,72.89662434827942,73.19837876119128,115215200
2020-05-08,75.06913757324219,75.12239040799929,73.65552559886389,73.98230402182824,133838400
2020-05-11,76.25035095214844,76.74414173878206,74.36956400000152,74.57773678757478,145946400
2020-05-12,75.37896728515625,77.38319884408511,75.25793879153254,76.93296900656856,162301200
2020-05-13,74.4688491821289,76.47792710847203,73.39411530032484,75.55810589582264,200622400
2020-05-14,74.92632293701172,74.98683718466037,72.98744407851115,73.70877656980059,158929200
2020-05-15,74.48335266113281,74.52934407916516,72.66792527667609,72.70181680027588,166348400
2020-05-18,76.23827362060547,76.61104348348049,75.11513293810333,75.80499689236754,135178400
2020-05-19,75.79774475097656,77.10000541594032,75.76627615398213,76.25522871352638,101729600
2020-05-20,77.27185821533203,77.34204942619355,76.6158784313997,76.65460843756124,111504800
2020-05-21,76.69576263427734,77.67367499164858,76.45854411277335,77.1338852173559,102688800
2020-05-22,77.18953704833984,77.27183551713587,76.33265345783,76.43431323052285,81803200
2020-05-26,76.6667251586914,78.48456841631166,76.61104938291827,78.30544857938091,125522000
2020-05-27,77.000732421875,77.14596806852482,75.78560919845494,76.52388732434491,112945200
2020-05-28,77.03463745117188,78.29091382648822,76.4004493161322,76.67639044487011,133560800
2020-05-29,76.95958709716797,77.73658783652532,76.60376308600569,77.27668110998019,153532400
2020-06-01,77.90603637695312,78.02706486056282,76.78288850329889,76.91360133395523,80791200
2020-06-02,78.26669311523438,78.2909002875674,77.19922108217762,77.63976650286615,87642800
2020-06-03,78.69757843017578,78.95900415271024,78.01497584988421,78.58623426753769,104491200
2020-06-04,78.01981353759766,78.81859867793425,77.64704369151033,78.52087329742372,87560400
2020-06-05,80.24188232421875,80.30239656428226,78.24007392223491,78.26911957554665,137250400
2020-06-08,80.71631622314453,80.75020774515244,79.23009024878114,79.93931540745123,95654400
2020-06-09,83.26519775390625,83.65732897173929,80.36535917971183,80.39682777642588,147712400
2020-06-10,85.4073715209961,85.87453965160508,83.77348714351568,84.2116096226659,166651600
2020-06-11,81.30691528320312,84.97649895645569,81.20525551685317,84.55289936035253,201662400
2020-06-12,82.0088882446289,84.18740070270101,80.90027071068629,83.44186857843707,200146000
2020-06-15,83.02313232421875,83.67426627857331,80.50331793854433,80.66549938713932,138808800
2020-06-16,85.22342681884766,85.4945368687229,83.4418908130573,85.07335265810912,165428800
2020-06-17,85.10480499267578,86.02704141186865,84.98377651365317,85.96652717235735,114406400
2020-06-18,85.13870239257812,85.55504068464955,84.53113702208627,85.06124238777585,96820400
2020-06-19,84.65217590332031,86.3078449275457,83.54597361995395,85.84309961565448,264476000
2020-06-22,86.86698913574219,87.00980187063504,84.99830891368086,85.0443003318489,135445200
2020-06-23,88.72114562988281,90.13718045697547,87.68998051908838,88.1087417587427,212155600
2020-06-24,87.155029296875,89.26818923809188,86.78225950639512,88.35079128217394,192623200
2020-06-25,88.31206512451172,88.35079512662277,86.55231359048508,87.3099530977363,137522400
2020-06-26,85.59862518310547,88.4282723384794,85.45096655963653,88.2079995637923,205256800
2020-06-29,87.5713882446289,87.66579402801841,85.02978953914176,85.50664216317482,130646000
2020-06-30,88.30237579345703,88.58800861953088,87.1405053436716,87.1598666501381,140223200
2020-07-01,88.1353530883789,88.9220381809634,88.08694613026117,88.37983297329643,110737200
2020-07-02,88.1353530883789,89.67483914156468,88.02159341265586,89.0406511103845,114041600
2020-07-06,90.49301147460938,90.96017971455592,89.52962194946613,89.56109054157537,118655600
2020-07-07,90.21221160888672,91.64760765010688,90.10086747244101,90.87060685450933,112424400
2020-07-08,92.31327819824219,92.34474679060094,91.10057024745561,91.1877146099101,117092000
2020-07-09,92.71025848388672,93.25730230757911,91.66457041968785,93.20404946948581,125642800
2020-07-10,92.87242126464844,92.93051996359854,91.69602787555728,92.30600881208682,90257200
2020-07-13,92.44398498535156,96.77922651804644,92.23097365442625,94.17469096863013,191649200
2020-07-14,93.97380065917969,94.1650203886337,90.89483503243176,91.82674866099546,170989200
2020-07-15,94.62007141113281,96.09419752364778,93.42430934647335,95.84487913129125,153198000
2020-07-16,93.45578002929688,94.31024088700049,92.85789898357274,93.49451003316076,110577600
2020-07-17,93.26697540283203,94.06092201052024,92.79496133182224,93.90600938284572,92186800
2020-07-20,95.23247528076172,95.37044953138843,93.01039399095433,93.35411815070974,90318000
2020-07-21,93.91809844970703,96.09661104261261,93.6687800817764,96.02157397759412,103433200
2020-07-22,94.18191528320312,94.86209455920707,93.5332045850981,93.62034152051962,89001600
2020-07-23,89.89512634277344,93.99314942038049,89.08665688068213,93.91568941051719,197004400
2020-07-24,89.67243957519531,90.01616378626149,86.31268703007238,88.0966534330444,185438800
2020-07-27,91.79767608642578,91.88965891007823,90.50993871626743,90.73262697532834,121214000
2020-07-28,90.28966522216797,91.54594138277622,90.28481935549645,91.36923715007886,103625600
2020-07-29,92.02037048339844,92.20433612820618,90.73504867705178,90.77135574195019,90329200
2020-07-30,93.13384246826172,93.23792519284922,90.78830982976133,91.19496376791191,158130000
2020-07-31,102.88391876220703,103.03399293401982,97.62159407755033,99.61614896320704,374336800
2020-08-03,105.47633361816406,108.09054616095987,104.4645371706777,104.76226254133908,308151200
2020-08-04,106.18070983886719,107.26996618839969,104.94379489849536,105.6651273181697,173071600
2020-08-05,106.56559753417969,106.88511455690511,105.43761099297775,105.90236369757778,121776800
2020-08-06,110.28357696533203,110.77737527223312,106.30900549573542,106.89720218347466,202428800
2020-08-07,107.77620697021484,110.26176460572711,106.98082882286342,109.80587577731004,198045600
2020-08-10,109.34273529052734,110.35878355757946,106.69713055176304,109.21906124837834,212403600
2020-08-11,106.09085845947266,109.10504953060087,105.83138875527999,108.60794103965802,187902400
2020-08-12,109.61672973632812,109.87377217439806,106.98567459916234,107.17966637873178,165598000
2020-08-13,111.55667114257812,112.55817011651827,110.50667052619417,110.99408465160128,210082000
2020-08-14,111.4572525024414,111.54697388434195,109.65067355223327,111.38208013380518,165565200
2020-08-17,111.16625213623047,112.60181637912858,110.54062239475888,112.57756555807367,119561600
2020-08-18,112.09259033203125,112.51695384329368,110.58428087027461,110.91892299463439,105633600
2020-08-19,112.23322296142578,113.64453639963617,112.13865437861999,112.49996719549999,145538000
2020-08-20,114.7236328125,114.83760501028006,112.25747159683876,112.27444791147464,126907200
2020-08-21,120.6356430053711,121.11820259811186,115.66937453320799,115.68149624546582,338054800
2020-08-24,122.07845306396484,124.91805616382935,120.21610549023623,124.83317459173283,345937600
2020-08-25,121.07695007324219,121.42129395286675,119.35767277780953,120.95328347307442,211495600
2020-08-26,122.72350311279297,123.17939196014703,121.32673854222942,122.391288286882,163022400
2020-08-27,121.25640869140625,123.65709200762272,120.11425938434616,123.32487721481381,155552400
2020-08-28,121.05998229980469,122.64588380173389,120.83688511649021,122.2287948592591,187630000
2020-08-31,125.16537475585938,127.06652934071126,122.21666180862303,123.74922172483744,225702700
2020-09-01,130.1510772705078,130.75247109042868,126.61067882372832,128.77371625173845,151948100
2020-09-02,127.45450592041016,133.83693302305636,123.18662864355862,133.45864396806553,200119000
2020-09-03,117.25041198730469,124.97140134269283,116.8818246649217,123.09935930505591,257599600
2020-09-04,117.3280029296875,119.98572845730746,107.56036930998823,116.46472703859587,332607200
2020-09-08,109.43244934082031,115.41718621267334,109.29665359399448,110.52851712600398,231366600
2020-09-09,113.79732513427734,115.56267714207601,111.79918148817357,113.73912907477926,176940500
2020-09-10,110.08232116699219,116.88183937183103,109.12204920606632,116.74604363595516,182274400
2020-09-11,108.63705444335938,111.77007275174712,106.6971070425851,111.12988655734183,180860300
2020-09-14,111.89614868164062,112.4490333059739,109.41301877590674,111.27536620520715,140150100
2020-09-15,112.07077026367188,115.26198485471991,110.19872059172918,114.77699796976391,184642000
2020-09-16,108.76315307617188,112.51695412354394,108.67585899150183,111.77007759799923,154679000
2020-09-17,107.02690124511719,108.83105303274593,105.44584667867372,106.42552224944927,178011000
2020-09-18,103.63197326660156,107.55066740012516,102.90449308489,107.08508422800398,287104900
2020-09-21,106.77469635009766,106.88139403880808,100.00427732246104,101.4010416835348,195713800
2020-09-22,108.45275115966797,109.47122644967507,105.8823269140235,109.29663089711133,183055400
2020-09-23,103.90359497070312,108.74376210707231,103.56409822420848,108.26847702241763,150718700
2020-09-24,104.9705581665039,106.93960365288808,101.84724157417912,102.01213533208141,167743300
2020-09-25,108.90863800048828,109.0638373334494,104.43705897382922,105.17424100477153,149981400
2020-09-28,111.50816345214844,111.85735453793174,109.39362072171006,111.5566650919616,137672400
2020-09-29,110.66429901123047,111.84766814275456,110.1599159291002,111.11049343812664,99382200
2020-09-30,112.3326416015625,113.73910777869786,110.2084044241761,110.37329816208843,142675200
2020-10-01,113.28323364257812,114.18530951408272,112.35205974301084,114.1077098390407,116120400
2020-10-02,109.62642669677734,111.90587086149135,108.85045216012577,109.50033277715342,144712000
2020-10-05,113.00190734863281,113.14740484674029,110.1404886205297,110.48967965586358,106243800
2020-10-06,109.76222229003906,112.63334341918222,108.87954271233731,112.22594886007512,161498200
2020-10-07,111.62458801269531,112.08047688818796,110.70310845150664,111.17840094740609,96849000
2020-10-08,111.51786804199219,112.90493061170089,111.1492733309645,112.7594330889432,83477200
2020-10-09,113.45780944824219,113.48690747123634,111.46936067345082,111.81855175000258,100506900
2020-10-12,120.66471862792969,121.42129686008033,115.69845107798898,116.45502931013961,240226800
2020-10-13,117.46380615234375,121.62499394990238,116.05734733652297,121.50859444916024,262330500
2020-10-14,117.55111694335938,119.33586502763562,116.028258506117,117.36681956932418,150712000
2020-10-15,117.08551788330078,117.56080289760202,114.60238771843201,115.15527240046332,112559200
2020-10-16,115.44625854492188,117.90029805270329,115.24256497002679,117.63840102761567,115393800
2020-10-19,112.49755096435547,116.80422908289772,112.1871596819352,116.35804207693808,120639300
2020-10-20,113.98159790039062,115.40746025257594,112.15804282671203,112.71092747344602,124423700
2020-10-21,113.36083221435547,115.14558032107824,112.95343762450592,113.16683302863848,89946000
2020-10-22,112.2744369506836,114.49567723930029,111.14926409518415,113.92338900408984,101988000
2020-10-23,111.58574676513672,113.05040874920564,110.84856486980061,112.89520944479378,82572600
2020-10-26,111.59547424316406,113.05043475532885,109.490625744662,110.58670073335905,111850700
2020-10-27,113.09893035888672,113.75851276167866,111.10078693291935,112.02225897491293,92276800
2020-10-28,107.8610610961914,111.96405267029793,107.76406521649079,111.59546536731106,143937800
2020-10-29,111.85735321044922,113.41901126991604,108.83103296967955,108.99593410290058,146129200
2020-10-30,105.59133911132812,108.6273541724171,104.4855696692542,107.72527832227131,190272600
2020-11-02,105.5040283203125,107.35668150297613,104.09756951905206,105.83382320217856,122866900
2020-11-03,107.12389373779297,108.14236164402186,105.46523966166725,106.36731546450528,107624400
2020-11-04,111.49847412109375,112.119256698551,108.97654397513469,110.71279779031768,138235500
2020-11-05,115.45594024658203,116.02822843855644,113.36080141230897,114.40836712929038,126387100
2020-11-06,115.32479095458984,115.8203256136095,112.83736946099638,114.96527887670223,114457900
2020-11-09,113.0219955444336,118.53123307425452,112.75965407719045,117.08348090470506,154515300
2020-11-10,112.6819076538086,114.25597110360664,110.89407325748324,112.27381767890381,138023400
2020-11-11,116.10211181640625,116.23814181960135,113.13859256042241,113.86732789743012,112295000
2020-11-12,115.83006286621094,117.11263688524541,115.2082092456536,116.22844178007917,103162300
2020-11-13,115.87863159179688,116.27700303551688,114.52804275815001,116.05352836084144,81581900
2020-11-16,116.88914489746094,117.55957633149036,114.80010222486767,115.54826720324448,91183000
2020-11-17,116.00494384765625,117.24865091924097,115.5871353083196,116.16041093814378,74271000
2020-11-18,114.68352508544922,116.42277457305377,114.65437685369791,115.24708227624227,76322100
2020-11-19,115.27621459960938,115.68430461397098,113.49809857736044,114.25598215062608,74113000
2020-11-20,114.0130615234375,115.40251710432108,113.96448361868471,115.27620565626937,73604300
2020-11-23,110.62201690673828,114.2851304944073,110.5248536828197,113.85760341347095,127959300
2020-11-24,111.90457916259766,112.56529939521855,109.39772821414678,110.68030932430327,113874200
2020-11-25,112.74020385742188,113.43979090606146,111.90458681744444,112.27381743371453,76499200
2020-11-27,113.28433227539062,114.158816151439,112.92482759135008,113.26490259506915,46691300
2020-11-30,115.67457580566406,117.54013622605181,113.49808123546687,113.65354831037159,169410200
2020-12-01,119.24053192138672,119.96926723797301,116.60736920035771,117.57901628913943,127728200
2020-12-02,119.59031677246094,119.87209529729249,117.46240743053765,118.56036589233359,89004200
2020-12-03,119.45429992675781,120.27047995352808,118.74499426371094,120.01784962535093,78967600
2020-12-04,118.78385162353516,119.37655691588907,118.07454601670749,119.12392660773527,78260400
2020-12-07,120.2413330078125,121.038083362331,118.7838623046875,118.84215876062711,86712000
2020-12-08,120.85346984863281,121.43646406909802,119.60004413555974,120.84375871454999,82225500
2020-12-09,118.32717895507812,122.37894545635208,117.5692954268489,120.99920839659741,115089200
2020-12-10,119.74579620361328,120.35793867044406,116.74340998030307,117.0834850101648,81312200
2020-12-11,118.93931579589844,119.2793907717679,117.13205173775964,118.95874547462877,86939800
2020-12-14,118.32717895507812,119.85266455789507,118.09398573402578,119.12392925566253,79184500
2020-12-15,124.25421142578125,124.27364851643785,120.61053530086464,120.8145802742906,157243700
2020-12-16,124.18619537353516,124.73031529802184,122.97163667560737,123.79754252066066,98208600
2020-12-17,125.05097198486328,125.90602613060179,124.40968137555939,125.24529842903367,94359800
2020-12-18,123.06881713867188,125.43963827870924,122.54412684965975,125.30360828671483,192541500
2020-12-21,124.59430694580078,124.672040495101,119.94983486476208,121.47532055765235,121251600
2020-12-22,128.1407928466797,130.59905822032985,125.97400967057341,127.87844404273568,168904800
2020-12-23,127.24693298339844,128.6752408300138,127.07202876522139,128.41290674198933,88223700
2020-12-24,128.22828674316406,129.67604646021374,127.38295839338778,127.59672197110412,54930100
2020-12-28,132.81439208984375,133.4459565252946,129.72454782086086,130.19094891974845,124486200
2020-12-29,131.04603576660156,134.85489050709643,130.53106400488656,134.13588116304936,121047300
2020-12-30,129.9286346435547,132.13427742745725,129.6177004950943,131.735898609551,96452100
2020-12-31,128.9278564453125,130.91973597132423,127.98535756948488,130.27844532518537,99116600
2021-01-04,125.74082946777344,129.8217435013824,123.16596368827079,129.73429883825594,143301900
2021-01-05,127.29546356201172,128.00477652137644,124.78861261288198,125.23557674034254,97664900
2021-01-06,123.0105209350586,127.33435496235823,122.7967573877346,124.0987683518539,155088000
2021-01-07,127.20799255371094,127.89786827960387,124.23475582828988,124.72057921025156,109578200
2021-01-08,128.30599975585938,128.86955684085643,126.53759495540402,128.67521556411702,105158200
2021-01-11,125.32304382324219,126.47930629071162,124.85665734789745,125.52709624591981,100384500
2021-01-12,125.14813995361328,126.0129052139805,123.26314235039197,124.85664288048969,91951100
2021-01-13,127.17887878417969,127.72299874717103,124.84693184960055,125.1092658720847,88636800
2021-01-14,125.25502014160156,127.2857588427231,125.10926419379747,127.09143240514113,90221800
2021-01-15,123.53520202636719,126.52787663913662,123.39917203606663,125.1287025525268,111598500
2021-01-19,124.20565032958984,125.0607045202907,123.34088500532488,124.15706500945309,90757300
2021-01-20,128.28652954101562,128.73349360549489,124.90520273020637,125.01208447435442,104319500
2021-01-21,132.9893341064453,135.7099489572785,129.80233279797613,130.00638521290585,120150900
2021-01-22,135.12693786621094,135.88482124174027,131.1917650617903,132.41603478545585,114459400
2021-01-25,138.8677978515625,140.97627022018892,132.6686847833474,139.01355380816258,157611700
2021-01-26,139.1009979248047,140.20867499016745,137.36174136904043,139.52852500725305,98390600
2021-01-27,138.0322265625,140.2087220647341,136.4290142912036,139.36337874928745,140843800
2021-01-28,133.20309448242188,137.96417406452278,132.82415271471342,135.5642045936499,142621100
2021-01-29,128.21853637695312,132.86300755142042,126.51815423658083,131.97880528014946,177523800
2021-02-01,130.3367462158203,131.5415940017464,127.21775238608966,129.95780442586786,106239800
2021-02-02,131.1626434326172,132.4452098565485,130.79341280132044,131.8816527763116,83305400
2021-02-03,130.14239501953125,131.92051071941538,129.82174974648763,131.91078476116337,89880900
2021-02-04,133.49459838867188,133.5043095225396,130.7739834636992,132.43550657690793,84183100
2021-02-05,133.0810089111328,133.72325779067754,132.20522578325316,133.65514858435046,75693800
2021-02-08,133.2269744873047,133.2756324021585,131.29050232328603,132.3706427004726,71297200
2021-02-09,132.3511962890625,134.17090160726997,132.19551172596402,132.94478730279516,76774200
2021-02-10,131.7478485107422,133.30481256046917,130.7844753345388,132.80852265986002,73046600
2021-02-11,131.49488830566406,132.72098784651604,130.17147291387968,132.24416393424985,64280000
2021-02-12,131.72836303710938,131.88406238888496,130.093564388388,130.73581307823173,60145100
2021-02-16,129.6070556640625,132.35118706954955,129.2178071626484,131.84518629017936,80576300
2021-02-17,127.32024383544922,128.6631249352014,125.98710322664614,127.71921790831898,97918500
2021-02-18,126.22069549560547,126.50288771185818,123.98256451257895,125.72440543319924,96856700
2021-02-19,126.37638092041016,127.19379548505816,125.3351725587671,126.7364377000899,87668800
2021-02-22,122.6104736328125,126.23040308983671,122.22123254914695,124.56639727156255,103916400
2021-02-23,122.47425079345703,123.30138352656303,115.20519947854247,120.43074421044315,158273000
2021-02-24,121.97796630859375,122.1823162213377,118.94190197736167,121.57899955251936,111039900
2021-02-25,117.7352523803711,123.05810538980377,117.29736077604736,121.32599026278942,148199500
2021-02-26,117.99800872802734,121.49143122307309,117.93961772875939,119.29222499597206,164560400
2021-03-01,124.35233306884766,124.48856634693102,119.4868376397081,120.42101187120407,116307900
2021-03-02,121.754150390625,125.25730532990295,121.64710890595583,124.95564701355688,102260900
2021-03-03,118.7764892578125,122.32830292077314,118.5624062400326,121.45251213174535,112966300
2021-03-04,116.89837646484375,120.2750310748952,115.42900236715201,118.47479946720621,178155000
2021-03-05,118.1536865234375,118.65970219404976,114.40725661331615,117.72552798386944,153766600
2021-03-08,113.22978973388672,117.74496808125187,113.08382341259126,117.67685145453473,154376600
2021-03-09,117.83256530761719,118.77647261328785,115.59444185391254,115.8279835568737,129525800
2021-03-10,116.7524185180664,118.88350022910564,116.23666982400522,118.4164168777091,111943300
2021-03-11,118.67915344238281,119.89552719538874,117.99798711036199,119.24355264557505,103026500
2021-03-12,117.77416229248047,117.9103955487277,115.95447204511132,117.16111263936789,88105100
2021-03-15,120.654541015625,120.66427408423421,117.18057793774676,118.14395127784391,92403800
2021-03-16,122.19203186035156,123.7976465733389,121.36489925795071,122.31853204805573,115227900
2021-03-17,121.4038314819336,122.47423888090718,119.04892629520441,120.71293209328559,111932600
2021-03-18,117.28763580322266,119.86634995731801,117.08328587882134,119.57441725151209,121229700
2021-03-19,116.76215362548828,118.16341864155612,116.46049529392347,116.67457827406234,185549500
2021-03-22,120.0707015991211,120.53779245026008,117.02490398115997,117.09302062360135,111912300
2021-03-23,119.24356079101562,120.89782623844285,118.8543196786337,120.0123099463268,95467100
2021-03-24,116.85945129394531,119.59386443754735,116.83999258124882,119.51601473844956,88530500
2021-03-25,117.34599304199219,118.38721599444037,115.79876935123002,116.32424364926871,98844700
2021-03-26,117.94932556152344,118.2120664416162,115.72092802368101,117.1124598512715,94071200
2021-03-29,118.12450408935547,119.28249444245718,117.48226251708941,118.37751194468804,80819200
2021-03-30,116.674560546875,117.16111000084517,115.66253679171842,116.87891042664381,85671900
2021-03-31,118.86405181884766,120.19719278132602,117.89095275757859,118.37750228821312,118323800
2021-04-01,119.69116973876953,120.83942678607517,119.19488720011346,120.33341860340158,75089100
2021-04-05,122.51314544677734,122.76615322395301,119.75927394764648,120.53775598934625,88651200
2021-04-06,122.8148193359375,123.71006860087718,122.26988629191437,123.09701892635115,80171300
2021-04-07,124.45936584472656,124.47882455845117,121.7736104771957,122.4450511751175,83466700
2021-04-08,126.85320281982422,126.88239460577601,125.06270398931379,125.48112948683244,88844600
2021-04-09,129.42213439941406,129.46105181635357,125.98709698254243,126.30822135345079,106686700
2021-04-12,127.70953369140625,129.2762238665418,127.11594263503031,128.95509937555343,91420000
2021-04-13,130.81370544433594,131.03752892907758,128.380957683949,128.87724772998885,91266500
2021-04-14,128.4782257080078,131.36833015937881,128.11818392495562,131.3099466105929,87222800
2021-04-15,130.88182067871094,131.36837019796266,130.04495491166549,130.22012045971883,89347100
2021-04-16,130.55096435546875,131.04723949609195,129.69463249088383,130.6871976204425,84922400
2021-04-19,131.21266174316406,131.82571884662076,129.75301328602865,129.91843832937323,94264200
2021-04-20,129.52920532226562,131.88410306298763,128.26417368348118,131.38782793049364,94812300
2021-04-21,129.90870666503906,130.15198139662152,127.76789199677557,128.79937448295544,68847100
2021-04-22,128.39068603515625,130.54122653689166,127.8749447465964,129.46108603950333,84566500
2021-04-23,130.70669555664062,131.48516306112936,128.6047976585629,128.6047976585629,78657500
2021-04-26,131.095947265625,131.4267974851822,129.96714844185797,131.2029887894015,66905100
2021-04-27,130.7747802734375,131.76734545845767,130.5023137282654,131.37809693084532,66015800
2021-04-28,129.98658752441406,131.38785269000346,129.5000379446019,130.69694575341165,107760100
2021-04-29,129.88922119140625,133.38265710155315,128.88693063436986,132.79879189335512,151101000
2021-04-30,127.9236068725586,129.96710595621136,127.54409883928643,128.23499084555246,109839500
2021-05-03,128.9745635986328,130.4634190600625,128.2836714700979,128.48801399046965,75135100
2021-05-04,124.41069030761719,127.95277706059726,123.29162511092602,127.66084442697165,137564700
2021-05-05,124.65401458740234,126.94078881910761,124.52750693879655,125.72441480809984,84000900
2021-05-06,126.24987030029297,126.25959594495404,123.71007387822482,124.44963120105919,78128300
2021-05-07,126.92244720458984,127.94592476658238,126.21086763240989,127.54628780481441,78973300
2021-05-10,123.64729309082031,126.26937098545628,123.60830211734293,126.1426633359984,88071200
2021-05-11,122.73101806640625,123.08192191649415,119.67029018955704,120.38186236478138,126142800
2021-05-12,119.6702880859375,121.4930768252382,119.16342036759427,120.28438654552215,112172300
2021-05-13,121.81474304199219,122.96495055227784,121.12267010296466,121.43459040557941,105861300
2021-05-14,124.23212432861328,124.66101753625983,122.67252280548946,123.06242504546209,81918000
2021-05-17,123.0819320678711,123.72527195908786,122.00970635261075,123.61804864388507,74244600
2021-05-18,121.69776153564453,123.78372980629568,121.62952920667057,123.36458623209384,63342900
2021-05-19,121.54182434082031,121.76601312715728,119.75802646818856,120.05045503106065,92612000
2021-05-20,124.09564971923828,124.49530152830624,121.94144912599474,122.06817161997536,76857100
2021-05-21,122.26313781738281,124.76825004025154,122.04869119774337,124.59279439116175,79295400
2021-05-24,123.89097595214844,124.70977148763245,122.76026751533502,122.82849985689472,63092900
2021-05-25,123.69602966308594,125.08018314804377,123.13067172111496,124.59279971373591,72009500
2021-05-26,123.64729309082031,124.17366007761332,123.22814942189817,123.75451640869117,56575900
2021-05-27,122.116943359375,124.41735893784336,121.92199591174959,123.24765937855402,94625600
2021-05-28,121.4638442993164,122.62380153028337,121.405361560534,122.39960530367183,71311100
2021-06-01,121.14215850830078,122.1851426884376,120.81074644955004,121.92196296159237,67637100
2021-06-02,121.90245056152344,122.07790617267895,120.91795665587394,121.14214539210477,59278900
2021-06-03,120.42085266113281,121.6977752920281,120.02120080570538,121.53206925104124,76229200
2021-06-04,122.71151733398438,122.97470451422886,120.72302254551224,120.93746915555829,75169300
2021-06-07,122.72126007080078,123.13065406520676,121.67827588309044,122.98443979955707,71057600
2021-06-08,123.54004669189453,125.21662849111421,123.0234294041827,123.40358202860334,74403800
2021-06-09,123.92019653320312,124.52454534046706,123.32559732645998,123.99817846383709,56877900
2021-06-10,122.92594909667969,124.95343460907164,122.7602430768465,123.81296936037242,71186400
2021-06-11,124.13468170166016,124.22241326007945,122.91624154472048,123.33538525617847,53522400
2021-06-14,127.18562316894531,127.24410590291394,123.8617230721818,124.59278699385679,96906500
2021-06-15,126.3668441772461,127.30261260822043,126.12315618593904,126.65927274152149,62746300
2021-06-16,126.86394500732422,127.58526671760069,125.21662690472674,127.07839160028391,91815000
2021-06-17,128.46253967285156,129.20336059736883,126.37657131032402,126.52279301183641,96721700
2021-06-18,127.16615295410156,128.18963065921508,126.95170632339287,127.40984095504005,108953300
2021-06-21,128.9596710205078,129.066894317528,125.94769141357571,127.01016734634604,79663300
2021-06-22,130.5972442626953,130.6947253937975,128.29682937988724,128.79396232556323,74783600
2021-06-23,130.32431030273438,130.9286665216875,129.8661757752273,130.39255006678223,60214200
2021-06-24,130.0416717529297,131.240612583958,129.57378007008424,131.0554073186903,68711000
2021-06-25,129.7492218017578,130.50952706925113,129.45679326652197,130.09039090512184,70783700
2021-06-28,131.37705993652344,131.83519451956099,129.98317185834844,130.04165459260284,62111300
2021-06-29,132.88790893554688,133.043872786454,130.95790461954863,131.39653993588485,64556100
2021-06-30,133.50204467773438,133.94068011687085,132.439553660315,132.7319822442512,63261400
2021-07-01,133.80416870117188,133.86265142282898,132.33228412965926,133.1510868534501,52485800
2021-07-02,136.42625427246094,136.46523779604922,134.272046474327,134.41825327969627,78852600
2021-07-06,138.4342498779297,139.53570925876045,136.53348691022637,136.53348691022637,108181800
2021-07-07,140.91989135742188,141.23180423568894,139.0581116318865,139.91588320227135,104911600
2021-07-08,139.62347412109375,140.42276298269945,137.11835448019005,138.0053823208354,105575500
2021-07-09,141.4462432861328,141.97260274724476,139.04834716131978,139.1458282969305,99890800
2021-07-12,140.85166931152344,142.62572515772004,140.36429329314447,142.51850183873523,76299700
2021-07-13,141.96287536621094,143.7369310790402,140.00362927408963,140.39352411006757,100827100
2021-07-14,145.3842010498047,145.79360982701007,143.95131495017475,144.36072372738016,127050800
2021-07-15,144.73118591308594,146.21281325196273,143.37628110522587,145.4720070192926,106820300
2021-07-16,142.6939239501953,145.97883295333372,142.19680585690423,144.71166743629377,93251400
2021-07-19,138.8533935546875,140.43250161447835,138.09308832622733,140.1205738932986,121434600
2021-07-20,142.45999145507812,143.38601770583355,139.35054523026795,139.83792120496685,96350000
2021-07-21,141.72891235351562,142.44049190950972,140.97836414159778,141.85563485293181,74993500
2021-07-22,143.0935821533203,144.4582288663732,142.12857241610413,142.25529492286392,77338200
2021-07-23,144.8091278076172,144.96509166825837,143.210535419876,143.82463382519293,71447400
2021-07-26,145.2283172607422,146.04710543551434,143.9708787526298,144.5264945756414,72434100
2021-07-27,143.06434631347656,145.4427434254304,141.87514775749966,145.35500444699645,104818600
2021-07-28,141.319580078125,143.25934245179494,138.94118215723424,141.15387397688778,118931200
2021-07-29,141.96287536621094,142.84990322262558,140.92964066468824,141.03686397561236,56699500
2021-07-30,142.17730712890625,142.63544169374407,140.47149137109437,140.73467853831747,70440600
2021-08-02,141.8459014892578,143.2397895751834,141.582714310116,142.6646895204393,62880000
2021-08-03,143.6394500732422,144.30227426975748,141.51448305654833,142.12858155366985,64786600
2021-08-04,143.23976135253906,144.05854922239413,142.58667948918819,143.55168904021573,56368300
2021-08-05,143.3470001220703,144.10730535100612,142.47947159810346,143.2690181917266,46397700
2021-08-06,142.66363525390625,143.61056217962263,142.16577244694983,142.8686463484262,54126800
2021-08-09,142.61485290527344,143.21034301067533,142.05841963396023,142.72223685529076,48908700
2021-08-10,142.1365203857422,144.19632898598317,141.84365370926938,142.95653516321173,69023100
2021-08-11,142.39031982421875,143.22986295766566,142.0681679932176,142.57580253562702,48493500
2021-08-12,145.34823608398438,145.5044336133679,142.37078584930737,142.71246608285676,72282600
2021-08-13,145.55328369140625,145.88519235268876,144.74302556240244,145.42637130499,59375000
2021-08-16,147.5252227783203,147.59356480078714,142.9858407795006,145.00659283395282,103296000
2021-08-17,146.61732482910156,148.07187159409528,145.5434853619502,146.65636676617194,92229700
2021-08-18,142.87843322753906,147.134719463398,142.67342208980006,146.23660593235846,86326000
2021-08-19,143.21035766601562,144.4794367790495,141.06269334170713,141.5800847276963,86960300
2021-08-20,144.66493225097656,144.96755574158394,143.288469055807,143.9327728785443,60549600
2021-08-23,146.14874267578125,146.6173203855108,144.3720292286724,144.78203658666285,60131800
2021-08-24,146.06088256835938,147.27139120779157,145.60206158624175,145.89492826143862,48606400
2021-08-25,144.83084106445312,146.7442235104866,144.28416462153382,146.24634576040117,58991300
2021-08-26,144.03038024902344,145.5727977281921,144.00109506679658,144.82112485660906,48597200
2021-08-27,145.06515502929688,145.21158091727293,143.33725507209095,143.97178711441077,55802400
2021-08-30,149.4776153564453,149.83882401907485,145.07490345956626,145.45562564226032,90956700
2021-08-31,148.2183380126953,149.16526528048843,147.69117494824357,149.02859613337498,86453100
2021-09-01,148.88214111328125,151.29338682527435,148.71618680019012,149.19453621732464,80313700
2021-09-02,149.99505615234375,151.03961075732303,148.77479043390352,150.20982411045497,71115500
2021-09-03,150.6295928955078,150.95174481050074,149.4483692072004,150.10242979976638,57808700
2021-09-07,152.9627227783203,153.51915609845358,150.71743128739138,151.28363626481305,82278300
2021-09-08,151.42022705078125,153.30430885094364,150.3171028469861,153.24573852079723,74420200
2021-09-09,150.405029296875,152.39649574316758,150.2878736971047,151.7912489116524,57305700
2021-09-10,145.42633056640625,151.7814665359228,145.16274910531013,151.3128888573864,140893200
2021-09-13,145.9925537109375,147.81806596111582,145.21158088499752,147.04686479158386,102404300
2021-09-14,144.5965576171875,147.4763957492906,143.4153491043727,146.7735217186003,109296300
2021-09-15,145.4849090576172,145.88515965134906,142.88818092204215,145.02608811276684,83281300
2021-09-16,145.2506561279297,145.4263821295721,143.71801019803328,144.9089906791146,68034100
2021-09-17,142.58555603027344,145.27991132028194,142.29268938190515,145.27991132028194,129868800
2021-09-20,139.53976440429688,141.39456149508126,137.90949193283979,140.3793074328847,123478900
2021-09-21,140.01812744140625,141.16030897663776,139.38359538478255,140.5062336067531,75834000
2021-09-22,142.3805694580078,142.94675948187773,140.28170408222925,141.01386330488788,76404300
2021-09-23,143.3372344970703,143.58128753921014,142.17553963315416,143.16150856090553,64838200
2021-09-24,143.4251251220703,143.96204492535793,142.09747565204063,142.19510285111807,53477900
2021-09-27,141.9119873046875,142.48796392317834,140.39887004950094,142.00961449990794,74150700
2021-09-28,138.53428649902344,141.30672576458994,138.31951860844126,139.84240736288436,108972300
2021-09-29,139.43243408203125,141.0138935757981,138.65146109771675,139.08099698388077,74602000
2021-09-30,138.13400268554688,140.9454981075738,137.91923484659685,140.24262425206706,89056700
2021-10-01,139.25665283203125,139.5202342750178,135.80086848455736,138.52449374270236,94639600
2021-10-04,135.83018493652344,138.82716398233575,134.98088496397907,138.38785651091933,98322000
2021-10-05,137.75328063964844,138.85640500413678,136.0449095810652,136.17182191207743,80861100
2021-10-06,138.62217712402344,138.7686030429388,135.07852092806354,136.15236065284557,83221100
2021-10-07,139.8814697265625,140.78935501402486,139.32503639848235,139.6569450430087,61732700
2021-10-08,139.500732421875,140.7502829805711,139.16882381318146,140.60385709315267,58773200
2021-10-11,139.41285705566406,141.36528138783962,138.43664488957629,138.8857090401355,64452200
2021-10-12,138.14381408691406,139.84242905892054,137.68499305819657,139.82290063970592,73035900
2021-10-13,137.5580596923828,138.03639411972742,135.88873033671427,137.8802114942071,78762700
2021-10-14,140.3402862548828,140.45744186952987,138.1438084019397,138.72954178771872,69907100
2021-10-15,141.3945770263672,141.453147377337,140.09621296187518,140.35003767716657,67940300
2021-10-18,143.0639190673828,143.34701408719482,139.7545598847163,140.03765490452832,85589200
2021-10-19,145.22134399414062,145.62159463310732,143.06392303976392,143.51297237963328,76378900
2021-10-20,145.70945739746094,146.18780683574556,144.59657585778285,145.16278083703227,58418800
2021-10-21,145.9242401123047,146.0804376870695,144.35253739380764,145.27017952577518,61421000
2021-10-22,145.15298461914062,146.60753116579318,145.10417103326708,146.12919675335147,58883400
2021-10-25,145.10421752929688,145.8168484447923,144.1084766625064,145.14325947301697,50720600
2021-10-26,145.7680206298828,147.25185252804923,145.4653823192533,145.77777738990952,60893400
2021-10-27,145.3092041015625,146.16826078037482,144.95776708428832,145.80706700277705,56094900
2021-10-28,148.9407501220703,149.5264686918417,146.1585385042387,146.25616571377768,100077900
2021-10-29,146.2366180419922,146.373287179863,142.92725865743117,143.7179883048137,124953200
2021-11-01,145.41661071777344,146.13899838558393,144.2842007193759,145.44589589912687,74588300
2021-11-02,146.45138549804688,147.96451766703325,145.11396440756303,145.12373606469237,69122000
2021-11-03,147.88641357421875,148.35499132920407,146.25614074482093,146.81257403590004,54511500
2021-11-04,147.36903381347656,148.80405236999567,147.05663868837075,147.9742807485948,60394600
2021-11-05,147.89697265625,148.79639720102944,146.70425393179946,148.49333201847526,65463900
2021-11-08,147.07574462890625,148.18047945260236,146.80200740282297,148.02405391839477,55020900
2021-11-09,147.43746948242188,148.04359979638906,146.7042415538898,146.84111017051336,56787900
2021-11-10,144.61204528808594,146.77262935345158,144.54361846371455,146.6650887001066,65187100
2021-11-11,144.5631866455078,146.0882980655143,144.37743321812488,145.62882237351127,41000000
2021-11-12,146.6357879638672,147.03660782102534,144.18190939663026,145.11066161989166,63804000
2021-11-15,146.6455078125,148.4834696173668,146.0882477223873,147.00722862482073,59222800
2021-11-16,147.6231689453125,148.10221638704422,146.00028814358132,146.5868762388628,59256200
2021-11-17,150.05751037597656,151.53373689410836,147.61341784542643,147.62318884522813,88807000
2021-11-18,154.33953857421875,155.12165110785514,149.62733629184328,150.27258025090998,137827700
2021-11-19,156.9596710205078,157.41916174351337,153.02956490955935,154.1245139086052,117305600
2021-11-22,157.41912841796875,161.99446283900974,157.39957149925132,158.0643575600625,117467900
2021-11-23,157.8003692626953,158.18164704165864,155.50291667307366,157.51684621926728,96041900
2021-11-24,158.3185577392578,158.51408217991857,156.06998937776268,157.15516717862224,69463600
2021-11-26,153.30328369140625,156.8618824271744,152.8633499442556,156.00157185337474,76959800
2021-11-29,156.65652465820312,157.58527662553794,155.23893937813287,155.80597050665025,88748200
2021-11-30,161.60340881347656,161.8184901598309,156.34371666317804,156.41215841772612,174048100
2021-12-01,161.0852508544922,166.49158221025922,160.85061260681175,163.73463874085127,152052500
2021-12-02,160.09783935546875,160.52800204808736,154.27113083970096,155.19011206164845,136739200
2021-12-03,158.2208251953125,161.27106387224808,156.1482387862574,160.35208237613887,118023100
2021-12-06,161.62301635742188,164.12576562524714,160.6062651438914,160.6160361472199,107497000
2021-12-07,167.3519287109375,167.74299254141582,164.57544264356054,165.2988995417756,120405400
2021-12-08,171.16468811035156,172.02501344578044,166.8826332677211,168.280661937793,116998900
2021-12-09,170.65634155273438,172.7973693361273,170.03065436230736,170.9985205283445,108923700
2021-12-10,175.43692016601562,175.6129025465312,170.78337438452806,171.29174969567407,115402700
2021-12-13,171.80995178222656,178.05705234389498,171.60464142456377,177.06962931153166,153237000
2021-12-14,170.4314727783203,173.76521877848376,168.35888695654498,171.33089709564845,139380400
2021-12-15,175.2903594970703,175.48588396086842,168.4566698432585,171.19405708911282,131063300
2021-12-16,168.40773010253906,177.08915070687198,166.93150372687032,175.27074544292535,150185800
2021-12-17,167.31280517578125,169.59070130648584,165.89523442801953,166.12985777423478,195432700
2021-12-20,165.953857421875,166.76529780791768,163.71507557030543,164.51673004048737,107499100
2021-12-21,169.1214599609375,169.3267554134747,165.33799395674112,167.72343104614094,91185900
2021-12-22,171.712158203125,171.92723953166936,168.30019977990446,169.17029609354066,92135300
2021-12-23,172.33786010742188,172.89512039322665,171.35045204505695,171.9174833311616,68356600
2021-12-27,176.29730224609375,176.3852860059842,173.1102106304085,173.12975263201184,74919600
2021-12-28,175.28053283691406,177.27492068975482,174.5375340801528,176.1310871789595,79144300
2021-12-29,175.36854553222656,176.59059189162147,174.15627017338588,175.31966069433915,62348900
2021-12-30,174.2149200439453,176.53193000592643,174.10737937130014,175.45652327947462,59773000
2021-12-31,173.59901428222656,175.22188041192248,173.29593427269404,174.1073747963206,64062300
2022-01-03,177.939697265625,178.7902515625947,173.73587028238754,173.85318194367048,104487900
2022-01-04,175.68136596679688,178.84891521802436,175.11433471652768,178.54585013474667,99310400
2022-01-05,171.00828552246094,176.14088047095728,170.7345483186125,175.5934060632604,94537600
2022-01-06,168.15354919433594,171.37975399378487,167.80159930862231,168.83789205056922,96904000
2022-01-07,168.31976318359375,170.2457092977057,167.2052575825263,169.0236630282213,86709100
2022-01-10,168.33932495117188,168.64239004792708,164.40921985835627,165.2988731483881,106765600
2022-01-11,171.16468811035156,171.26244286002324,166.99995985190662,168.46641535499305,76138300
2022-01-12,171.60467529296875,173.2177708823876,170.910561158879,172.1814777238459,74805200
2022-01-13,168.33932495117188,172.6702498945838,167.94826118313497,171.8490383580425,84505800
2022-01-14,169.1996612548828,169.89377524696252,167.26392904254132,167.50833831927105,80440800
2022-01-18,166.00277709960938,168.6814931182034,165.6214992398613,167.67452813175186,90956700
2022-01-19,162.51258850097656,167.2541337478389,162.22908034487583,166.1982840356235,94815000
2022-01-20,160.8310546875,165.8854360990158,160.50843269303434,163.24581922868165,91420500
2022-01-21,158.7780303955078,162.61036568511253,158.67048972769118,160.74307541554964,122848900
2022-01-24,158.00570678710938,158.67050778679211,151.24045969712583,156.44149634340394,162294600
2022-01-25,156.20684814453125,159.1202024043847,153.5085752311325,155.4247355135648,115798400
2022-01-26,156.11888122558594,160.71377291639465,154.29070450112417,159.84367643647036,108275300
2022-01-27,155.65939331054688,160.17607231774176,154.74041197266266,158.81715723147198,121954600
2022-01-28,166.5209197998047,166.5404767176366,159.1593140383979,162.0042414218655,179935700
2022-01-31,170.8714141845703,171.0864955438015,165.71926239899202,166.35473547583268,115541600
2022-02-01,170.70521545410156,170.93006781127377,168.45664712970438,170.1186272242385,86213900
2022-02-02,171.90768432617188,171.94679815950911,169.45382085751916,170.8420635898593,84914300
2022-02-03,169.03346252441406,172.29878204430065,168.27090671710556,170.57813105955574,89418100
2022-02-04,168.74957275390625,170.42346859121156,167.0756769166009,168.05455952783922,82465400
2022-02-07,168.03501892089844,170.27665387927516,167.3400055860888,169.20967525085985,77251200
2022-02-08,171.1380615234375,171.64708470161528,167.8098514342005,168.10351922686326,74829200
2022-02-09,172.5574188232422,172.9196005956565,171.20655609241282,172.33228001362485,71285000
2022-02-10,168.48526000976562,171.77430598076174,167.92730472233933,170.46260694632986,90865900
2022-02-11,165.07876586914062,169.42500712943504,164.49143031742815,168.6908451580762,98670700
2022-02-14,165.31370544433594,165.99892030677,163.04269054419584,163.83558309476697,86185500
2022-02-15,169.14112854003906,169.29775335068365,166.65477315145358,167.35956986279012,62527400
2022-02-16,168.9062042236328,169.67951494494773,166.45899759893967,168.2209893560315,61177400
2022-02-17,165.31370544433594,168.27971865617212,164.91235997613748,167.4182971510757,69589300
2022-02-18,163.76705932617188,166.93862933962222,162.68049906023276,166.23384762062662,82772700
2022-02-22,160.8499755859375,163.16992227378196,158.72578746937097,161.4960266681506,91162800
2022-02-23,156.6897430419922,162.64133603328534,156.37649344425944,162.04421705709984,90009200
2022-02-24,159.30337524414062,159.4110529381091,148.7901697172211,149.3579234730035,141147500
2022-02-25,161.36875915527344,161.63304663182,157.47279670147265,160.38007843595776,91974200
2022-02-28,161.6331024169922,161.9267702066246,158.99990563300975,159.6166064975814,95056600
2022-03-01,159.75364685058594,163.0818568508139,158.5496253630897,161.22197083806662,83474400
2022-03-02,163.04270935058594,163.82581854222389,159.5089420061074,160.9185355637426,79724800
2022-03-03,162.7196502685547,165.3430634011942,162.05401727070716,164.91235266773373,76678400
2022-03-04,159.72430419921875,162.05405003585454,158.67690737340956,161.01643666085187,83737200
2022-03-07,155.93601989746094,161.5352302369313,155.68150083148916,159.91028134097652,96418800
2022-03-08,154.1152801513672,159.44040392728598,152.50991327214726,155.46614292973925,131148300
2022-03-09,159.50894165039062,159.95923428896205,156.04370327606966,158.06998280822745,91454900
2022-03-10,155.17245483398438,157.00296029096637,152.6860849715575,156.81697023000987,105342000
2022-03-11,151.46250915527344,155.91642822664025,151.23737032666907,155.57381332247203,96970100
2022-03-14,147.43930053710938,150.86538982544317,146.9302923114544,148.25177493215907,108732100
2022-03-15,151.81492614746094,152.28480063427574,147.204396636905,147.71340492610565,92964300
2022-03-16,156.21987915039062,156.6212246232631,151.19822129277074,153.73352378158447,102300200
2022-03-17,157.22813415527344,157.60011436017203,154.30128444798586,155.26058530967927,75615400
2022-03-18,160.5171661376953,161.0066074424884,156.3862803303168,157.1204422875064,123511700
2022-03-21,161.88763427734375,162.8371517415441,159.5676719986422,160.0571133745572,95811400
2022-03-22,165.25502014160156,165.84234092603705,161.42758437627373,162.01490516070922,81532000
2022-03-23,166.6156463623047,168.99432437394225,164.1096938716203,164.44252537221885,98062700
2022-03-24,170.39413452148438,170.4626485498089,166.6156463524789,167.44768776251115,90131400
2022-03-25,171.03036499023438,171.578536843318,169.10196511927478,170.20810721060892,80546200
2022-03-28,171.8917999267578,172.0190445148475,168.36781639958284,168.53422465828777,90371900
2022-03-29,175.18080139160156,175.2297335624975,172.6161193391935,172.95873415482575,100589400
2022-03-30,174.01596069335938,175.8171010585222,172.96854916161706,174.77948791199498,92633200
2022-03-31,170.92271423339844,174.27049138056105,170.7171422878286,174.0845012718467,103049300
2022-04-01,170.62908935546875,171.18705982199177,168.30914147934837,170.355003316795,78751300
2022-04-04,174.67184448242188,174.720791608407,170.75631338866327,170.88357292891146,76468400
2022-04-05,171.36322021484375,174.53480585728352,170.7367358216346,173.75169663163055,73401800
2022-04-06,168.20138549804688,169.96337702443967,166.53728819844997,168.72019203962893,89058800
2022-04-07,168.50486755371094,169.69910564386342,166.26323274049562,167.54556668896316,77594700
2022-04-08,166.49813842773438,168.1524524173325,165.62693350816983,168.1524524173325,76575500
2022-04-11,162.24978637695312,165.46052001953282,162.0050657338506,165.1472853633742,72246700
2022-04-12,164.11949157714844,166.2828141709391,163.12102695263263,164.4718899777678,79265200
2022-04-13,166.8015594482422,167.4280436035417,163.24822639803168,163.85512872257044,70618900
2022-04-14,161.7995147705078,167.6532440657547,161.55479409572018,167.01696134936807,75329400
2022-04-18,161.5841827392578,163.08187215208477,160.1158586140106,160.45845861462905,69023900
2022-04-19,163.8649444580078,164.2760883021938,160.44865367684753,161.53521398147984,67723800
2022-04-20,163.69854736328125,165.31371275678185,162.59242008519655,165.19623667762264,67929800
2022-04-21,162.90562438964844,167.9077145784473,162.4063996901802,165.343047199771,87227800
2022-04-22,158.37339782714844,164.32500539707067,158.08952846576778,162.9447923826861,84882400
2022-04-25,159.4404296875,159.72429911751857,155.11376965466397,157.71758646013552,96046400
2022-04-26,153.48880004882812,158.91180327087787,153.41048764569481,158.82370741856425,95623200
2022-04-27,153.26364135742188,156.4156292897006,152.09876878373368,152.61757531774515,88063200
2022-04-28,160.18435668945312,161.04577820352466,155.57381282317428,155.88706244158715,130216800
2022-04-29,154.32089233398438,162.69034461110863,153.9293451254628,158.42241431732145,131747600
2022-05-02,154.62429809570312,154.88858563658798,150.0333364297974,153.40069487713816,123055300
2022-05-03,156.11221313476562,157.31624964341847,153.01895506893698,154.81029731534235,88966500
2022-05-04,162.51409912109375,162.964376768375,155.8968429541357,156.29818841895514,108256500
2022-05-05,153.45945739746094,160.6150881198339,151.67788357069364,160.38994926297363,130525300
2022-05-06,154.18487548828125,156.3023722983105,151.14587460582203,152.93986371222095,116124600
2022-05-09,149.06761169433594,152.76342612282588,148.5088364921623,151.88112823098254,131577900
2022-05-10,151.46937561035156,153.65550196924158,149.92046680625165,152.45950928453797,115366700
2022-05-11,143.6170196533203,152.3908891933398,142.94059580220576,150.4792663261752,142689800
2022-05-12,139.7545166015625,143.32288335129687,136.06851615454784,139.96039053030978,182602000
2022-05-13,144.2150115966797,145.18553469561974,140.2937279042498,141.74459868206603,113990900
2022-05-16,142.6759033203125,144.616949555646,141.34266624082053,142.68571610317943,86643800
2022-05-17,146.30308532714844,146.82265416778552,143.79345144967377,145.93055862687706,78336300
2022-05-18,138.0487823486328,144.46007380411618,137.14687404841018,143.96011558077154,109742900
2022-05-19,134.64706420898438,138.87224434894858,133.91182362893935,137.127274568989,136095600
2022-05-20,134.88233947753906,137.93113785871375,130.00034593006458,136.3528207232791,137426100
2022-05-23,140.29373168945312,140.44077384848245,134.94117272312687,135.07841705772444,117726300
2022-05-24,137.5978546142578,139.17617200488684,134.62748321427134,138.03899606760518,104132700
2022-05-25,137.75469970703125,138.99969650386015,135.61759232548434,135.7058176181396,92482700
2022-05-26,140.9505157470703,141.49949297179577,134.4411865880973,134.68626677474316,90601500
2022-05-27,146.69520568847656,146.73441193920726,142.4013957458045,142.5288422380691,90978500
2022-05-31,145.91098022460938,147.69517170019813,143.95033814163904,146.1364648342796,103718400
2022-06-01,145.78350830078125,148.753879037452,144.77376414576858,146.95007745203338,74286600
2022-06-02,148.2343292236328,148.2931460840145,143.96992734384497,144.9208398093746,72348100
2022-06-03,142.51902770996094,145.05805472503135,141.61713446378366,144.00910439920688,88570300
2022-06-06,143.2640838623047,145.6462712304333,142.0484806619193,144.13656879270374,71598400
2022-06-07,145.78350830078125,146.06779474236185,141.26422895235845,141.5093091448792,67808200
2022-06-08,145.0482940673828,146.92069570984725,144.5581335933167,145.65608826850138,53950200
2022-06-09,139.83299255371094,145.0384948829892,139.72515664096548,144.18562036487367,69473000
2022-06-10,134.43138122558594,137.98993516430295,134.3627515970909,137.51938542071767,91437900
2022-06-13,129.28472900390625,132.53938671229503,128.85338540144875,130.25523715092532,122207100
2022-06-14,130.14736938476562,131.25513655089347,128.89256009857948,130.51009821175379,84784300
2022-06-15,132.7648468017578,134.63726323315953,129.5592083618082,131.64728162043858,91533000
2022-06-16,127.50055694580078,129.78470685138856,126.5006252583711,129.48080971072673,108123900
2022-06-17,128.9709930419922,130.46108474224513,127.25543176187765,127.51032472551074,134520300
2022-06-21,133.19618225097656,134.36276639582726,130.6963761788774,130.7943992837295,81000500
2022-06-22,132.68646240234375,135.04902480535304,131.27479767249656,132.1374700396713,73409200
2022-06-23,135.54898071289062,135.86267563561398,132.96093402675356,134.1275183400123,72433800
2022-06-24,138.87225341796875,139.117333627322,137.01944763359853,137.1468791706762,89116800
2022-06-27,138.87225341796875,140.66624234545563,138.19582964679236,139.89178050713437,70207900
2022-06-28,134.73532104492188,140.59763645444562,134.61768731128618,139.33302894232776,67083400
2022-06-29,136.49008178710938,137.90174634957765,133.98046254650382,134.75492447437682,66242400
2022-06-30,134.02947998046875,135.64700354645933,131.13753620204082,134.5490488814723,98964500
2022-07-01,136.1959991455078,136.30383506160413,132.99036001507756,133.36287185008192,71051600
2022-07-05,138.77420043945312,138.82321946775843,134.23531066321448,135.05879144662464,73353800
2022-07-06,140.10745239257812,141.28383440664965,138.30366564043456,138.56835645511603,74064300
2022-07-07,143.46995544433594,143.66601661315485,140.46036340026106,140.4701612232241,66253700
2022-07-08,144.14637756347656,144.64635079248632,142.1465295229667,142.40140757015126,64547800
2022-07-11,142.01907348632812,143.7542455393016,140.95052737444695,142.8033331399919,63141600
2022-07-12,142.98959350585938,145.5286208059207,142.19553604555907,142.89155544175705,77588800
2022-07-13,142.6268768310547,143.5679764107693,139.32318560371215,140.1760748610569,71185600
2022-07-14,145.5482635498047,146.01881345268225,140.43098661066193,141.24465485515523,78140700
2022-07-15,147.2147674560547,147.89119117713278,145.28353435270415,146.83244295612025,76259900
2022-07-18,144.1758270263672,148.58727184385728,143.813098058474,147.77360356027648,81420900
2022-07-19,148.0284423828125,148.25391198084102,144.01893385798232,145.0090524915063,82982400
2022-07-20,150.0283203125,150.69494637561027,147.41086501912858,148.14610577429508,64823400
2022-07-21,152.2928466796875,152.50851845862235,148.94994906470606,151.45956799212024,65086600
2022-07-22,151.0576629638672,153.2045683993023,150.39105184778396,152.33208328648058,66675400
2022-07-25,149.94007873535156,151.9889458272938,149.28326552705713,150.97921649648936,53623900
2022-07-26,148.61663818359375,150.0773065915356,147.83237855759032,149.2636385384265,55138700
2022-07-27,153.7044677734375,154.23384929996675,149.16559334630273,149.57732622332216,78620700
2022-07-28,154.2534942626953,154.53778073211737,151.37134852302864,153.8907653704556,81378700
2022-07-29,159.3119354248047,160.409904944982,156.36117506106663,158.0669387195233,101786900
2022-08-01,158.3316192626953,160.3706884793457,157.72382510643268,157.84145882480365,67829400
2022-08-02,156.86114501953125,159.21392420256825,156.48863324172908,156.94938527079637,59907000
2022-08-03,162.86070251464844,163.3116417148104,157.58657171952117,157.67479700322565,82507500
2022-08-04,162.54698181152344,163.8998292386339,161.19413438441296,162.7430429706028,55474100
2022-08-05,162.32119750976562,162.8120387299593,160.0142377831412,160.22039768650808,56697000
2022-08-08,161.85000610351562,164.73615535552312,161.1922805564501,163.32253000929188,60276900
2022-08-09,161.8990936279297,162.78261696114208,160.25968547297944,161.0155852740051,63135500
2022-08-10,166.1399688720703,166.23812814464867,163.8428202002786,164.60853143111325,70170500
2022-08-11,165.40374755859375,167.85795466533673,165.10923970992633,166.9449818323968,57149200
2022-08-12,168.9475555419922,169.01626552422525,166.2970009450499,166.7093207555899,68039400
2022-08-15,170.0176239013672,170.21395743937939,168.21133138479297,168.37821564106778,54091700
2022-08-16,169.8605499267578,170.52810192661653,168.51564947224608,169.61512926108554,56377100
2022-08-17,171.3527069091797,172.92339013736907,169.4089794863745,169.60531301748716,79542000
2022-08-18,170.96002197265625,171.6962839363271,169.94889007422466,170.56735491708034,62290100
2022-08-19,168.37820434570312,170.55754092380556,168.1720444080825,169.86053968443733,70346300
2022-08-22,164.50051879882812,166.74856479243974,164.0783875985378,166.58168059023137,69026800
2022-08-23,164.16677856445312,165.6196796113523,163.5974008535258,164.0195321647684,54147100
2022-08-24,164.4613037109375,165.03068148199358,163.20475103663767,164.2551587296091,53841500
2022-08-25,166.91546630859375,167.02345197761028,165.2662469773801,165.6883632421721,51218200
2022-08-26,160.62290954589844,167.91681938586046,160.56401098389765,167.44561591056575,78961000
2022-08-29,158.4239501953125,159.91609703205498,156.89252766433086,158.19815240165843,73314000
2022-08-30,155.99920654296875,159.58234252318653,154.83100169515882,159.16022613846985,77906200
2022-08-31,154.3401336669922,157.63858767600124,154.2615972644816,157.3735291899389,87991100
2022-09-01,155.06661987304688,155.5181855673853,151.8368751102563,153.77079140207798,74229900
2022-09-02,152.9559326171875,157.42259054092534,152.1313229947609,156.82376367669738,76957800
2022-09-06,151.6994171142578,154.21252227519972,150.87480729194033,153.60388383195894,73714800
2022-09-07,153.1031951904297,153.8001813128386,150.79623553618094,151.9840778426693,87449600
2022-09-08,151.63070678710938,153.49589780674214,149.88329791132227,151.8074024718103,84923800
2022-09-09,154.48736572265625,154.92913481819144,151.91536244109605,152.62217501880943,68028800
2022-09-12,160.43638610839844,161.25118449428555,156.38204700518378,156.66672837890903,104956000
2022-09-13,151.02206420898438,157.59933535695706,150.56067213786505,156.97105902298662,122656600
2022-09-14,152.4651336669922,154.22235404144755,150.79627611743592,151.95465448242936,87965400
2022-09-15,149.57896423339844,152.39640331677907,148.6071081028978,151.81719923234522,90481100
2022-09-16,147.93954467773438,148.5776472684102,145.65222273370736,148.44021232229758,162278800
2022-09-19,151.65032958984375,151.72886599832884,146.36888718799335,146.5750321533895,81474200
2022-09-20,154.02598571777344,155.1843789131033,150.2759661753886,150.5900968013731,107689800
2022-09-21,150.90428161621094,155.83233347953606,150.78648447327026,154.45796856830157,101696800
2022-09-22,149.94219970703125,151.6405063427645,148.14571882351763,149.58879338602387,86652500
2022-09-23,147.6745147705078,148.69547312127722,145.83877299693037,148.4206031759059,96029900
2022-09-26,148.00827026367188,150.95331767501642,146.898964278694,146.91860212230296,93339400
2022-09-27,148.98016357421875,151.88595100420483,147.20332025510484,149.94222342090066,84442700
2022-09-28,147.0953369140625,147.88068609523327,142.18692325585735,144.93563790031018,146691400
2022-09-29,139.87013244628906,144.03247205665744,138.1031007730531,143.42383363893248,128138200
2022-09-30,135.66851806640625,140.4787712884576,135.47218456289696,138.69210195416497,124925300
2022-10-03,139.8406982421875,140.44935170481597,135.16789396191245,135.67837316238783,114311700
2022-10-04,143.423828125,143.54162523892447,141.61752082886468,142.3734205948832,87830100
2022-10-05,143.71832275390625,144.6803824609242,140.39041942925496,141.43101553965928,79471000
2022-10-06,142.76608276367188,144.8374334955695,142.5599378213271,143.13912691743977,68402200
2022-10-07,137.52394104003906,140.47881588020488,136.89566464180587,139.9290609248713,85925600
2022-10-10,137.84786987304688,139.29094450363405,136.03176603772727,137.84786987304688,74899000
2022-10-11,136.43423461914062,138.76083241469453,135.68816128454225,137.33738075448184,77033700
2022-10-12,135.8059539794922,137.78895683135124,135.6292583188671,136.58149154588781,70433700
2022-10-13,140.3708038330078,140.9598044199806,131.90868942611982,132.5173428390662,113224000
2022-10-14,135.84524536132812,141.87277603175662,135.65872326737428,141.66661609125816,88598000
2022-10-17,139.80142211914062,140.282437004532,137.7006219624551,138.48597103526853,85250900
2022-10-18,141.1168670654297,144.0128276023933,138.03438444661543,142.82500010106065,99136600
2022-10-19,141.224853515625,142.2948839097448,138.9080820775627,139.09460416043055,61758300
2022-10-20,140.7634735107422,143.21768011702426,140.0370229627389,140.40025572638473,64522000
2022-10-21,144.57240295410156,145.1417806685085,140.03701908535325,140.25299045906925,86548600
2022-10-24,146.71246337890625,147.47817461798252,143.3256613631015,144.49386606815804,75981900
2022-10-25,149.54954528808594,149.6968066869272,146.62413491177585,147.34075911907576,74732300
2022-10-26,146.61428833007812,149.20592954793565,145.32827166402765,148.19479776463467,88194300
2022-10-27,142.14764404296875,146.31979510961392,141.48991849585923,145.35775035197634,109180200
2022-10-28,152.8872528076172,154.61500878306214,145.11232844918345,145.4853576495381,164762400
2022-10-31,150.5312042236328,151.4147275390832,149.13721674827332,150.35450854811523,97943200
2022-11-01,147.89048767089844,152.60256746450293,146.39834080336652,152.23934967138234,80379300
2022-11-02,142.37338256835938,149.3825935812287,142.34393329774386,146.2215753813775,93604600
2022-11-03,136.33607482910156,140.18426855678922,136.20845130657773,139.45781809061094,97918500
2022-11-04,136.0706024169922,140.28900066971147,132.13735779737468,139.71867839937045,140814800
2022-11-07,136.60157775878906,136.8277351131925,133.40581664759068,134.82178704829124,83374600
2022-11-08,137.17189025878906,139.06967336647747,135.19544046730184,138.06670690734794,89908500
2022-11-09,132.61917114257812,136.23776400792798,132.34384521853534,136.18859544917657,74917800
2022-11-10,144.4188995361328,144.4188995361328,137.171901375878,138.88286812786214,118854000
2022-11-11,147.20166015625,147.50648417895965,141.96061049585242,143.38642351170455,93979700
2022-11-14,145.8053436279297,147.77196548965426,144.9695233350431,146.4838305708861,73374100
2022-11-15,147.5360107421875,151.02676861885655,146.08071431905194,149.67963703147598,89868300
2022-11-16,146.30685424804688,147.36883205309908,144.83188757505272,146.64119143040293,64218300
2022-11-17,148.20468139648438,148.95199258833983,143.71094152135223,143.98626748699053,80389400
2022-11-18,148.76513671875,150.15160903599656,147.46717380781297,149.76811828911318,74829600
2022-11-21,145.53985595703125,147.86047052115927,145.25470236836378,147.65398361312236,58724100
2022-11-22,147.6736602783203,147.909660354169,144.47789906303868,145.65788443814483,51804100
2022-11-23,148.54879760742188,149.29610855403772,146.8476588015229,146.95582360996656,58301400
2022-11-25,145.63821411132812,146.3953678932279,144.66473067745702,145.83487333926465,35195900
2022-11-28,141.81314086914062,144.19275214587688,140.98716307142482,142.7177853624681,69246000
2022-11-29,138.81402587890625,142.39327767480953,138.007718580844,141.8819517027843,83763800
2022-11-30,145.5595245361328,146.23801151936658,138.20436253781247,139.04016787618127,111380900
2022-12-01,145.83485412597656,146.64117635966434,144.1632284025417,145.7365320270306,71250400
2022-12-02,145.3431854248047,145.5300169012177,143.21923022579475,143.52406921601985,65447400
2022-12-05,144.18287658691406,148.40127358572423,143.33722864489778,145.30385037013258,68826400
2022-12-06,140.52499389648438,144.8417290558683,139.55151049910586,144.61557170242608,64727200
2022-12-07,138.58787536621094,140.97731424983792,137.66356048798676,139.8170142991394,69721100
2022-12-08,140.26930236816406,141.1247931057231,138.7451823842777,139.98414879173407,62128300
2022-12-09,139.78750610351562,143.14060047218985,138.54852454565471,139.96449489513216,76097000
2022-12-12,142.07858276367188,142.08841047017535,138.70581892060486,140.31844803096612,70462700
2022-12-13,143.04226684570312,147.4671667934874,141.83279839446703,147.00500937638787,93886200
2022-12-14,140.8199920654297,144.21241242784126,138.80420126905452,142.92427726159215,82291200
2022-12-15,134.22195434570312,139.43350575702271,133.7597969655739,138.75501875197617,98931900
2022-12-16,132.26513671875,135.3527321802719,131.49815545789718,134.40876216882202,160156900
2022-12-19,130.16085815429688,132.94362978303496,129.12839371956332,132.85513540362356,79592600
2022-12-20,130.09205627441406,131.0261987808424,127.72227301817315,129.19723960857664,77432800
2022-12-21,133.1894989013672,134.52680273214906,130.53456166494178,130.7607190395491,85928000
2022-12-22,130.02322387695312,132.31434056379908,128.12544063659777,132.10785363301125,77852100
2022-12-23,129.65940856933594,130.21006041152802,127.47645662054781,128.7350936895975,63814900
2022-12-27,127.85992431640625,129.21689825725943,126.57178934548489,129.18740012847,69007800
2022-12-28,123.93653106689453,128.84325132058044,123.76936998157427,127.50594763388183,85438400
2022-12-29,127.44693756103516,128.30241331797103,125.59831560715067,125.8539710621533,75703700
2022-12-30,127.76162719726562,127.78129762399215,125.30335650339804,126.2670048571161,77034200
2023-01-03,122.98272705078125,128.7154254385632,122.0977455022682,128.1057773178633,112117500
2023-01-04,124.25118255615234,126.51280092971427,122.9925456360047,124.77233620258212,89113600
2023-01-05,122.93354797363281,125.63765344479737,122.67789249421179,125.0083349534918,80962700
2023-01-06,127.456787109375,128.11560378272642,122.80572954739813,123.90704074173942,87754700
2023-01-09,127.9779052734375,131.18350835097178,127.72224984563988,128.2925719576192,70790800
2023-01-10,128.54824829101562,129.06940194282927,125.98180587179891,128.08609090104719,63896200
2023-01-11,131.26220703125,131.28186245070447,128.28277553296553,129.0595847172529,69458900
2023-01-12,131.18350219726562,132.01930740516633,129.24637865052426,131.64565949039473,71379600
2023-01-13,132.51101684570312,132.66835024455597,129.46276101465787,129.82658137088367,57809700
2023-01-17,133.67129516601562,134.99875596810472,131.8915047175872,132.5798193932039,63646600
2023-01-18,132.9534912109375,136.29674271738915,132.7764874230637,134.53662257229425,69672800
2023-01-19,133.0124969482422,133.9761376268957,131.53753029546903,131.84235433638028,58280400
2023-01-20,135.56910705566406,135.71661273457056,131.98002726434026,133.02233471040634,80223600
2023-01-23,138.7550048828125,140.92812862349226,135.5985702195713,135.81489982286553,81760300
2023-01-24,140.15133666992188,140.77082749424633,137.95855701188813,137.96838472187488,66435100
2023-01-25,139.49252319335938,140.05300275817604,136.49342112366645,138.53871015801215,65799300
2023-01-26,141.55747985839844,141.8426334902846,139.53184628445516,140.78065564701856,54105100
2023-01-27,143.49456787109375,144.77287517943125,140.69214050710963,140.77080718806803,70555800
2023-01-30,140.61349487304688,143.12094131391822,140.46600420175812,142.54079133466578,64015300
2023-01-31,141.88194274902344,141.93111130163894,139.9054929686203,140.31848180314623,65874500
2023-02-01,143.00294494628906,144.16325999959267,138.96155019582764,141.56731895311415,77663600
2023-02-02,148.30299377441406,148.65697138188685,145.6972102432423,146.41502317640206,118339000
2023-02-03,151.9215087890625,154.75344851150095,145.36282797711132,145.55948712358486,154357300
2023-02-06,149.1977996826172,150.5449461888697,148.2636570715711,150.02379246889225,69858300
2023-02-07,152.0690460205078,152.63936822302708,148.12597415973434,148.12597415973434,83322600
2023-02-08,149.38462829589844,152.00023955919008,148.64714493246836,151.3119247541495,64120100
2023-02-09,148.3521728515625,151.7544365931666,147.90968576195635,151.21361237069686,56007100
2023-02-10,148.716552734375,149.0415427118315,146.95374470434558,147.19010514987264,57450700
2023-02-13,151.51339721679688,151.91715888947925,148.62788900472555,148.65743217523777,62199000
2023-02-14,150.8732452392578,151.4345954776921,148.56878800441328,149.80964612462722,61707600
2023-02-15,152.97091674804688,153.13833305811258,150.5581292969133,150.78463194852628,65573800
2023-02-16,151.37551879882812,153.95572244720177,151.02098573800205,151.17854429955682,68167900
2023-02-17,150.23312377929688,150.6762863218937,148.55894582557343,150.03616431892533,59144100
2023-02-21,146.22494506835938,149.00212332766463,146.15601601247863,147.91882364629484,58867200
2023-02-22,146.64840698242188,147.67260518894304,144.92498541296462,146.60900607426132,51011300
2023-02-23,147.1309356689453,148.05666153497864,145.00375275195816,147.81045848665238,48394200
2023-02-24,144.4818115234375,144.95451719493005,143.50684198813192,144.8757304118409,55469600
2023-02-27,145.6734619140625,146.90447752822308,145.21059884097443,145.46665970602933,44998500
2023-02-28,145.1711883544922,146.81582313308783,144.5999954030627,144.81665531660641,50547000
2023-03-01,143.1030731201172,144.99391093566584,142.80762642427203,144.59999202590106,55479000
2023-03-02,143.6939697265625,144.48182259076125,141.71448733904464,142.18720807379,52238100
2023-03-03,148.73622131347656,148.81500811176437,145.09241829817535,145.79162671403117,70732300
2023-03-06,151.49371337890625,153.926201531547,151.1293375512549,151.4543124625378,87558000
2023-03-07,149.2975616455078,151.69064849711955,148.83469862838186,151.3656586110283,56182000
2023-03-08,150.5482940673828,151.1391876253047,149.52409559763862,150.4892077170001,47204800
2023-03-09,148.30288696289062,152.19289270805663,147.9483539187185,151.22778082054958,53833600
2023-03-10,146.24465942382812,148.64760438030467,145.3681768808884,147.92869544727571,68572400
2023-03-13,148.18472290039062,150.81417020284252,145.4567883472071,145.56511831219402,84457100
2023-03-14,150.2725067138672,151.07020228030825,147.82033368029548,148.98240499263105,73695900
2023-03-15,150.6664276123047,150.9224733808993,147.6430468705848,148.89376260307495,77167900
2023-03-16,153.4830322265625,154.08376844517147,149.33696504123728,149.84907174243986,76161100
2023-03-17,152.6459197998047,154.35949876084172,151.93685367986137,153.70951897971963,98944600
2023-03-20,155.00949096679688,155.42312546588803,151.80885014610277,152.71489092530072,73641400
2023-03-21,156.86093139648438,156.9791040860205,154.16253977805687,154.93070734117964,73938300
2023-03-22,155.4329376220703,159.6774765177441,155.41323716716616,156.88061300312046,75701800
2023-03-23,156.51622009277344,159.09643867673987,155.28520465118157,156.41774787367245,67622100
2023-03-24,157.81619262695312,157.90482213956633,155.45264879499626,156.44730394409444,59196500
2023-03-27,155.87608337402344,158.32827131215595,155.47230674076903,157.51087533277843,52390300
2023-03-28,155.25567626953125,156.0829301456233,153.6110412861723,155.57082346557496,45992200
2023-03-29,158.3282928466797,158.60403911493316,156.92986104995282,156.94954647836764,51305700
2023-03-30,159.89414978027344,160.00247975071784,158.82070781762587,159.07675364456477,49501700
2023-03-31,162.3955535888672,162.4940408365555,159.45097422374334,159.9729235769942,68749800
2023-04-03,163.64625549316406,163.76442815863666,161.7258745440201,161.775118163648,56976200
2023-04-04,163.11448669433594,164.30610131295074,162.60238002597387,164.06975594835677,46278300
2023-04-05,161.2728729248047,162.54328933366952,159.34264903941414,162.2379998945446,51511700
2023-04-06,162.1592254638672,162.45467221127325,159.53962067833683,159.96308282888376,45390100
2023-04-10,159.56915283203125,159.56915283203125,157.64877164706385,158.96841666370352,47716900
2023-04-11,158.3578338623047,159.8941387722609,158.0722298566841,159.88429605818737,47644200
2023-04-12,157.66847229003906,159.59869619161648,157.35332510698044,158.77145737665472,50133100
2023-04-13,163.0455322265625,163.28189260314673,158.96840964951016,159.17522685740187,68445600
2023-04-14,162.70086669921875,163.794009087704,161.33197803499354,162.09027277975596,49386500
2023-04-17,162.72056579589844,162.87813940299813,161.53879379674336,162.58269264644778,41516200
2023-04-18,163.94174194335938,164.86746811951792,163.13418846133288,163.57736611842117,49923000
2023-04-19,165.0841064453125,165.60605581206516,163.0258371209191,163.28189796071484,47720200
2023-04-20,164.1189727783203,165.3204450523275,163.04553091898333,163.56748026442403,52456400
2023-04-21,162.51376342773438,163.92203809382642,161.99181400338804,162.54330660065614,58337300
2023-04-24,162.8190155029297,163.08491902519904,161.4008834202169,162.49402564838778,41949600
2023-04-25,161.2827606201172,163.78417796430023,161.2433597017252,162.68119268208375,48714100
2023-04-26,161.2728729248047,162.76979197769046,160.32746143764658,160.58350725145092,45498800
2023-04-27,165.85227966308594,165.99999552987848,162.68118215487013,162.68118215487013,64902300
2023-04-28,167.1029815673828,167.27041291997128,165.33033104891717,165.93106728858945,55275900
2023-05-01,167.0143585205078,167.86129792357815,166.07878959348815,166.70906903109534,52472900
2023-05-02,165.9803009033203,167.76282424517206,164.99548835131355,167.5067633643402,48425700
2023-05-03,164.90684509277344,168.32414556576836,164.6212560883793,166.925713661642,65136000
2023-05-04,163.2720489501953,164.50306450874902,161.81453073644045,162.3857237588548,81235400
2023-05-05,170.9338836669922,171.65279246173276,168.16654839153733,168.38320830672657,113453200
2023-05-08,170.86495971679688,171.20965008439242,169.49607101524845,169.86044681233003,55962800
2023-05-09,169.16122436523438,170.90433143409618,168.99380806621033,170.42178299192224,45326900
2023-05-10,170.92404174804688,171.38690478906514,169.28924951921832,170.39224965147537,53724500
2023-05-11,171.11117553710938,171.9384144483228,169.5551699505623,171.20966280003566,49514700
2023-05-12,170.18418884277344,171.65357963293758,168.63588721671283,171.21966032250447,45533100
2023-05-15,169.69107055664062,170.81530899814229,169.09935977781652,170.7659972586019,37266700
2023-05-16,169.69107055664062,170.74626955321972,169.42479920138675,169.61217478294208,42110300
2023-05-17,170.30252075195312,170.53919306240596,168.06389984598047,169.33607370599472,57951600
2023-05-18,172.62986755371094,172.81724313624747,170.19401507639674,170.60820660461047,65496700
2023-05-19,172.7383575439453,173.95134816577144,172.5213979143073,173.95134816577144,55809500
2023-05-22,171.79161071777344,172.2945693897219,171.05197977463047,171.57465110395842,43570900
2023-05-23,169.1881103515625,170.9829553293692,168.9119826700276,170.7364116817252,50747300
2023-05-24,169.46420288085938,170.0361858304857,168.16246051619328,168.7245720913502,45143500
2023-05-25,170.59835815429688,171.49576564962197,169.31632809947834,170.02637505144457,56058300
2023-05-26,173.0045928955078,173.3399036765556,170.7166757800904,170.92377905521317,54835000
2023-05-30,174.8487548828125,176.51539231960112,174.12885165758402,174.51345913931758,55964400
2023-05-31,174.79946899414062,176.8704419237823,174.31623796446905,174.87836477742368,99625300
2023-06-01,177.60018920898438,177.62977324467488,174.4838737017158,175.24323239604442,68901800
2023-06-02,178.44827270507812,179.26679934554073,176.78163539298924,178.52716847079088,61996900
2023-06-05,177.0972442626953,182.3929972823034,175.57852688511534,180.10507993454968,121946500
2023-06-06,176.7323455810547,177.62975297431,174.97694105936182,177.4818328127375,64848400
2023-06-07,175.36155700683594,178.7046879636189,174.86846975629078,175.97298038220674,61944600
2023-06-08,178.07357788085938,178.33983422301452,175.00657387447097,175.44047811466785,50214900
2023-06-09,178.45816040039062,179.71059129506313,178.13272098000036,178.99068805786467,48900000
2023-06-12,181.24903869628906,181.34766218390052,178.468033910057,178.76388932505995,54274900
2023-06-13,180.77566528320312,181.60404834381112,179.91769818813273,180.2727216495119,54929100
2023-06-14,181.4068145751953,181.84073380664427,179.50350482104812,180.83483150172444,57462900
2023-06-15,183.4383544921875,183.9413132306641,181.23918907707676,181.4167083517838,65433200
2023-06-16,182.36338806152344,184.40477651433866,181.72238065098958,184.1483615118621,101256200
2023-06-20,182.4521484375,183.52709013546678,181.8604527350327,181.8604527350327,49799100
2023-06-21,181.4167022705078,182.84665255889604,180.06563271508736,182.34369383727915,49515700
2023-06-22,184.4146728515625,184.4639845971855,181.13070922445527,181.19974867789384,51245300
2023-06-23,184.09909057617188,184.96692915011988,182.45218058994394,182.9847233686237,53117000
2023-06-26,182.7085723876953,185.4501365723536,182.6691169769034,184.24700235631448,48088700
2023-06-27,185.45999145507812,185.78543087633778,183.10303478095216,183.31999439512526,50730800
2023-06-28,186.63356018066406,187.2745677103686,185.00637796044083,185.33180236622022,51216800
2023-06-29,186.96884155273438,187.4422162021352,186.32783407243755,186.4658979165552,46347300
2023-06-30,191.28831481933594,191.7912585176698,188.6157746627016,188.9806695476879,85213200
2023-07-03,189.79916381835938,191.19952989799955,189.10882958307744,191.10090642215079,31458200
2023-07-05,188.68479919433594,190.31198136153697,187.98460856583768,188.92148652956726,46920300
2023-07-06,189.15814208984375,189.36524537083605,186.5842258571581,187.2153769807983,45094300
2023-07-07,188.04376220703125,190.0062550438309,187.60985803081866,188.7636804868427,46815000
2023-07-10,186.0023956298828,187.36332142042107,184.4540942539423,186.6434031135775,59922200
2023-07-11,185.47972106933594,186.68285528837708,184.02018687082855,186.5447914459214,46638100
2023-07-12,187.14637756347656,189.04968751691854,185.86434744027207,187.05761040387253,60750200
2023-07-13,187.9057159423828,188.54673850979384,187.15622860664624,187.86627557643092,41342300
2023-07-14,188.05364990234375,188.53686585918993,187.00830716161786,187.6000029338883,41616200
2023-07-17,191.3080291748047,191.6334686208352,189.1581605746784,189.2469126832782,50520200
2023-07-18,191.05160522460938,191.64331601668746,189.75971887799713,190.6768691009351,48288200
2023-07-19,192.40267944335938,195.48939585264796,189.9865395225249,190.4303301514657,80507300
2023-07-20,190.4598846435547,193.7537038386121,189.83858989767532,192.39277822300156,59581200
2023-07-21,189.28634643554688,192.2744541324422,188.58615588066942,191.4164870851642,71951700
2023-07-24,190.08514404296875,192.21528467718613,189.59205676918674,190.73602285584008,45377800
2023-07-25,190.9431610107422,191.75183157414924,190.25284165651257,190.6571769382161,37283200
2023-07-26,191.81094360351562,192.93518195125802,190.64726489612826,190.99241694846552,47471900
2023-07-27,190.54869079589844,194.47366217807738,189.8879555038913,193.30998316918408,47460200
2023-07-28,193.12255859375,193.91150122150714,191.45592124266818,191.9785925358936,48291400
2023-07-31,193.7340087890625,193.77346420221568,192.56045853696887,193.34940127389015,38824100
2023-08-01,192.90560913085938,194.0101198390568,192.58016971551623,193.52690392813534,35175100
2023-08-02,189.91751098632812,192.48155598125388,189.19760772385698,192.3434921357412,50389300
2023-08-03,188.52699279785156,189.7103992851957,188.05363321247987,188.92147165885288,61235200
2023-08-04,179.4739227294922,184.78940327661547,179.40488328381886,182.95511789971007,115956800
2023-08-07,176.37734985351562,180.59817633552169,174.8980878140883,179.61200164257014,97576100
2023-08-08,177.31423950195312,177.77774288126048,175.1249301501114,177.20575966748046,67823000
2023-08-09,175.72645568847656,178.42856448196,174.56276182695083,178.3693964131728,60378500
2023-08-10,175.50950622558594,178.25107058876787,175.14462641506705,176.9986245515979,54686900
2023-08-11,175.56875610351562,176.38838822312198,174.34425781198718,175.10464195853916,52036700
2023-08-14,177.2178955078125,177.44501774834183,175.09474782272636,175.74650562753334,43675600
2023-08-15,175.2329864501953,177.23762299403361,174.8379899652799,176.6451282666605,43622600
2023-08-16,174.36398315429688,176.30935657463468,174.29485048513217,174.9169842350172,46964900
2023-08-17,171.8260955810547,175.29223725703497,171.31258808782235,174.9268647491592,66062900
2023-08-18,172.30999755859375,172.9123770667114,169.8116075662743,170.14735612669347,61172200
2023-08-21,173.64309692382812,173.92948217703207,171.56934282132403,172.88272795365145,46311900
2023-08-22,175.0157470703125,175.46012191641384,174.04799506153495,174.8478727981476,42038900
2023-08-23,178.85716247558594,179.2817980823254,176.10202612434662,176.289654759779,52722800
2023-08-24,174.17637634277344,178.8374075605793,173.8109887437673,178.41277199096436,54945800
2023-08-25,176.37852478027344,176.91177162464882,173.62338845938785,175.16389608553052,51449600
2023-08-28,177.9387664794922,178.33376298082638,176.31925671498092,177.8400098200833,43820700
2023-08-29,181.8196563720703,182.58991008586239,177.2573820568172,177.45488030453177,53003900
2023-08-30,185.30557250976562,185.5030858470339,182.43194029759772,182.62943856671393,60813900
2023-08-31,185.52281188964844,186.75719481874472,185.13768501849643,185.4931879048022,60794500
2023-09-01,187.0929412841797,187.54718572230075,185.92767607044595,187.1225652663115,45766500
2023-09-05,187.32992553710938,187.60642607121574,185.26604116890505,185.92766852324166,45280000
2023-09-06,180.62478637695312,186.4905763861184,179.20277485131902,186.04618648324464,81755800
2023-09-07,175.34164428710938,175.98353252575788,171.37186410651492,172.99137409505227,112488800
2023-09-08,175.953857421875,177.9881329660241,175.56873058484743,176.121746745329,65551300
2023-09-11,177.119140625,178.0473990105972,175.12437356668377,177.82027676778657,58953100
2023-09-12,174.0973663330078,177.87951732730735,172.6358612060169,177.24751388848827,90370200
2023-09-13,172.03350830078125,175.0848996684252,171.80637096422893,174.30476112108144,84267900
2023-09-14,173.54437255859375,173.89987544974738,171.41135521167203,171.82610607332606,60895800
2023-09-15,172.82345581054688,174.29484548306786,171.64833608181547,174.2750911398521,109259500
2023-09-18,175.74652099609375,177.13890868226434,173.96900640397726,174.2751309871455,67257600
2023-09-19,176.83277893066406,177.38578010579235,174.91701409671836,175.3021409914078,51826900
2023-09-20,173.29750061035156,177.45489404541186,173.20861358406935,177.0203888259045,58436200
2023-09-21,171.75697326660156,174.09737357666756,171.68785565712008,172.36923745366522,63149100
2023-09-22,172.60623168945312,174.8676297137013,171.87548661966315,172.48773574692532,56725400
2023-09-25,173.88011169433594,174.75899170155245,171.97421669351675,172.02359502231215,46172700
2023-09-26,169.81158447265625,173.01109513731117,169.51532957863083,172.63585300181884,64588900
2023-09-27,168.30068969726562,170.87808171574733,166.93794126401278,170.46333088230946,66921800
2023-09-28,168.55746459960938,169.8807195182162,165.5258128129139,167.2243249736919,56294400
2023-09-29,169.07095336914062,170.90771561508154,168.21181267677895,169.870831028669,51861100
2023-10-02,171.5792236328125,172.12235512412923,168.79444856905252,169.0808338409062,52164500
2023-10-03,170.24607849121094,171.46072207785286,168.6858318118607,170.1078282132375,49594600
2023-10-04,171.4903564453125,172.03348795172127,168.8339619515459,168.9524578917983,53020300
2023-10-05,172.7247314453125,173.2579782200924,170.52258153582127,171.61871413723316,48527900
2023-10-06,175.2725067138672,175.76625988669193,171.0163417068709,171.6286058875163,57266700
2023-10-09,176.75379943847656,176.81304741944209,173.6036511931428,174.60102736508813,42390800
2023-10-10,176.16123962402344,177.4746247468579,175.72673446240606,175.87486944103904,43698000
2023-10-11,177.5536651611328,177.60304349794123,175.38115395493855,175.9736487921809,47551100
2023-10-12,178.45228576660156,180.0619109305439,176.80313684087554,177.8202822818536,56743100
2023-10-13,176.61550903320312,179.6570151987734,175.91437292525092,179.1533924067404,51427100
2023-10-16,176.48712158203125,176.84262444155877,174.3047260977915,174.5417330268598,52517000
2023-10-17,174.9367218017578,176.19085892709333,172.6160912129652,174.44296868905948,57549400
2023-10-18,173.64309692382812,175.36136323860268,172.92222157401596,173.38635072108465,54764400
2023-10-19,173.26788330078125,175.6181383369893,173.0012523479638,173.84062376512662,59302900
2023-10-20,170.7200927734375,173.22835212793277,170.4830858385587,173.11972583296543,64244000
2023-10-23,170.83859252929688,171.8359684831129,167.80694090892598,168.77470794688867,55980100
2023-10-24,171.27308654785156,171.50020876645127,169.3079436842464,170.8879597127696,43816600
2023-10-25,168.9623565673828,170.89786073622298,168.5179666183954,169.73261037900426,57157000
2023-10-26,164.804931640625,169.2388405091802,163.600172706508,168.2414494672427,70625300
2023-10-27,166.11830139160156,166.8490614359056,164.745668316651,164.82467062426355,58499100
2023-10-30,168.16244506835938,169.03145545417337,166.7601878982554,166.90832288755587,51131000
2023-10-31,168.636474609375,168.76484019690602,165.80232095364974,167.23421730907862,44846000
2023-11-01,171.79649353027344,172.05323977559237,167.9945877763323,168.86359824995364,56934900
2023-11-02,175.35150146484375,175.5588693503195,173.26786256268767,173.32711052996643,77334800
2023-11-03,174.4429931640625,174.61088250590672,171.18423421755685,172.06311427874405,79829200
2023-11-06,176.9907684326172,177.1882666996337,174.0085099439187,174.1763842242903,63841300
2023-11-07,179.54843139648438,180.1606805785339,176.7340319643902,176.94139988237026,70530000
2023-11-08,180.60504150390625,181.15804266662394,179.3212801943679,180.07179468790036,49340300
2023-11-09,180.1310272216797,181.81965455110011,179.53851741631973,180.67415869856794,53763500
2023-11-10,184.31369018554688,184.48180071812672,181.47581782404296,181.91089548671326,66133400
2023-11-13,182.73158264160156,183.9478113332898,182.14818998578377,183.7401702602705,43627500
2023-11-14,185.34202575683594,186.0045247766197,184.214786141562,185.5991101996175,60108400
2023-11-15,185.90565490722656,187.3789832148446,185.67823345303117,185.7474572062222,53790500
2023-11-16,187.58663940429688,188.82264852852316,186.5384909930313,187.44820698590362,54412900
2023-11-17,187.5668487548828,188.24912816814668,186.4593894684262,188.12057839811112,50922700
2023-11-20,189.30714416503906,189.76200213676566,187.75472463510502,187.76460727588125,46505100
2023-11-21,188.50621032714844,189.37636552049437,187.61628985249988,189.26759612132614,38134500
2023-11-22,189.16871643066406,190.77057938008178,188.6940931656517,189.3467095850447,39617700
2023-11-24,187.84375,188.76333367409984,187.13180743837248,188.73367065803237,24048300
2023-11-27,187.66574096679688,188.5358962659671,186.7857030257735,187.79429075090235,40552600
2023-11-28,188.2689208984375,188.94131776896225,187.28011350908017,187.65586514519703,38415400
2023-11-29,187.25042724609375,189.9399842182602,186.85491037465812,188.7633011569372,43014200
2023-11-30,187.8239288330078,188.18979776505014,186.08363355367433,187.71515943504943,48794400
2023-12-01,189.0995330810547,189.4159436040849,187.11202054575708,188.19971472368132,45704800
2023-12-04,187.30979919433594,187.92287010978143,185.3519645510873,187.85364634190645,43389500
2023-12-05,191.25511169433594,192.22413865175915,188.05137051787239,188.08104861869373,66628400
2023-12-06,190.1674346923828,192.58011192579394,189.95977851245675,192.27358406476233,41089700
2023-12-07,192.0955810546875,192.81740609388598,191.42318430562543,191.4627450433353,47477700
2023-12-08,193.5194549560547,193.79631975243228,191.50227991044673,192.02634649559002,53406400
2023-12-11,191.01779174804688,191.3243346926335,189.27749628821252,190.9485830810774,60943700
2023-12-12,192.53065490722656,192.54053754746204,189.5741159727842,190.91889435682484,52696900
2023-12-13,195.74427795410156,195.78382360297798,192.6690869899489,192.90639105920806,70404200
2023-12-14,195.8926239013672,197.3857175620074,193.964452594447,195.8036348613561,66831600
2023-12-15,195.35865783691406,196.17935458626624,194.79503045579114,195.3190970971854,128538400
2023-12-18,193.6974639892578,194.4291868327445,192.21425301938103,193.8952224343076,55751900
2023-12-19,194.7357177734375,194.7456004150459,193.69746706046115,193.96444926391277,40714100
2023-12-20,192.6493377685547,195.46742966263125,192.6493377685547,194.69616113684165,52242800
2023-12-21,192.50099182128906,194.87413831888384,191.33420648650613,193.90511142023345,46482500
2023-12-22,191.43307495117188,193.22281352230834,190.8101216032956,192.99537700889314,37149600
2023-12-26,190.88925170898438,191.719846217368,190.6717128965979,191.44298138124012,28919300
2023-12-27,190.98814392089844,191.33423254727063,188.95120308408815,190.3355425015734,48087700
2023-12-28,191.41334533691406,192.48125917871982,191.0079306668944,191.96707508718282,34049900
2023-12-29,190.37506103515625,192.2241257878035,189.58401220758475,191.72972215657148,42672100
2024-01-02,183.56219482421875,186.33085840634024,181.83178197139316,185.05528848269014,82488700
2024-01-03,182.187744140625,183.79950485996184,181.37691491631995,182.15808112880916,58414500
2024-01-04,179.8739471435547,181.04073256447913,178.85547678867908,180.1112512492328,71983600
2024-01-05,179.15211486816406,180.71443234786256,178.1534248404595,179.95306152436652,62379700
2024-01-08,183.48309326171875,183.52265400582175,179.46853775144191,180.05193047893468,59144500
2024-01-09,183.0677947998047,183.07767744176536,180.68476543102267,181.8614486084712,42841800
2024-01-10,184.1060333251953,184.31367440860302,181.8614365329183,182.2866315170422,46792900
2024-01-11,183.51272583007812,184.9563909902637,181.56477442626638,184.45208965863696,49128400
2024-01-12,183.83901977539062,184.64984886412603,183.11719479522333,183.97745217005283,40477800
2024-01-16,181.57467651367188,182.19761480887055,178.90488492167398,180.1211286782067,65603000
2024-01-17,180.6353302001953,180.88253205239923,178.28197882705663,179.2411232206481,47317400
2024-01-18,186.51870727539062,187.0229935165519,183.75004409317066,184.00712853391946,78005800
2024-01-19,189.41592407226562,189.80155831594578,186.70660172518024,187.21088801676132,68903000
2024-01-22,191.71983337402344,193.14371820043874,190.1080727596782,190.14763349819026,60133900
2024-01-23,192.9954071044922,193.55903452389106,191.66052626402544,192.83720939883855,42355600
2024-01-24,192.32301330566406,194.18197579456825,192.16480052192722,193.23271418014866,53631300
2024-01-25,191.99671936035156,194.07322080915367,190.94858599423335,193.03497008475262,54822100
2024-01-26,190.2662811279297,192.5800863732271,189.7916578927919,192.09558049769083,44594000
2024-01-29,189.5840301513672,190.04877081575225,187.45810037105477,189.86089500402176,47145600
2024-01-30,185.93531799316406,189.65324309628332,185.37170567810733,188.80286821503816,55859400
2024-01-31,182.33607482910156,185.00586682539145,182.28664653050623,184.94652570867123,55467800
2024-02-01,184.76853942871094,184.85752846784007,181.76257176566293,181.93066720224104,64885400
2024-02-02,183.76983642578125,185.2332669548565,177.24370243482153,177.84687547061628,102551700
2024-02-05,185.579345703125,187.1317803970082,183.75994390321247,186.0440863383638,69668800
2024-02-06,187.18121337890625,187.19109601961685,184.67953227102765,184.76852130142626,43490800
2024-02-07,187.2899932861328,188.91163664571195,186.49894443287428,188.50622203381667,53439000
2024-02-08,186.21221923828125,187.41855040104747,185.25307484073457,187.27023532431497,40962000
2024-02-09,186.97454833984375,188.10322646586073,186.13298359451971,186.77652244170517,45155200
2024-02-12,185.2914276123047,186.79633688725167,184.93500212895557,186.54881961012742,41781900
2024-02-13,183.20237731933594,184.36077144619387,181.68757282391297,183.92513863049606,56529500
2024-02-14,182.3212127685547,183.6875129162611,180.62820312290157,183.4796068721132,54630500
2024-02-15,182.03408813476562,182.65783644316613,179.5490203671251,181.72716915991907,65434500
2024-02-16,180.49948120117188,183.0142649801448,179.86583763061847,181.59845842120637,49752500
2024-02-20,179.7569122314453,180.61826736487214,178.21240712023044,179.984623854957,53665600
2024-02-21,180.50941467285156,181.07374623255754,178.8658962581704,180.13318356154335,41371400
2024-02-22,182.53903198242188,183.1231842228548,180.64801151557128,181.65787110291916,52292200
2024-02-23,180.7073974609375,183.20236045475278,180.4202689919066,183.1726595934398,45119700
2024-02-26,179.36090087890625,180.94500218994074,178.8559560281093,180.43017719516277,40867400
2024-02-27,180.81631469726562,182.09349711935678,177.77679547469845,179.30151026553332,54318900
2024-02-28,179.6183319091797,181.30144633523983,178.34114943443706,180.69750358801915,48953900
2024-02-29,178.95498657226562,180.75691955299587,177.74710108364005,179.4698267249393,136682600
2024-03-01,177.87579345703125,178.73714862022334,175.6184374307493,177.76688526684862,73563100
2024-03-04,173.36109924316406,175.14321147352493,172.06409607852763,174.4006596751229,81510100
2024-03-05,168.43052673339844,170.3314573247722,167.9354922531265,169.06417026385637,95132400
2024-03-06,167.44046020507812,169.53941670485264,167.00482743895031,169.36119643359416,68587700
2024-03-07,167.32167053222656,169.0344857697736,166.81674075207243,167.47017484778516,71765100
2024-03-08,169.03448486328125,171.9749911536114,167.26226790901475,167.32166963491963,76267000
2024-03-11,171.03443908691406,172.6482565736913,170.34139373001014,171.2225546353428,60139500
2024-03-12,171.50967407226562,172.30173241116674,169.31171935776177,171.43046672764987,59825400
2024-03-13,169.43051147460938,171.4700511814422,169.0641756745517,171.05422401757613,52488700
2024-03-14,171.2819061279297,172.57889386699833,170.34134376890867,171.19280355973063,72913500
2024-03-15,170.9057159423828,170.9057159423828,168.59885322457814,169.47011882986195,121752700
2024-03-18,171.99481201171875,175.94519331439105,171.79680120539754,173.82644596151624,75604200
2024-03-19,174.3313446044922,174.85607994565953,171.31163124958826,172.6086191723699,55215200
2024-03-20,176.89564514160156,176.89564514160156,173.35119593354977,173.97494430389506,53423100
2024-03-21,169.66812133789062,175.72735394947048,169.14338597139206,175.29172116809335,106181300
2024-03-22,170.569091796875,171.33144918231721,168.37113733503185,170.05425166968308,71160100
2024-03-25,169.15328979492188,170.23246134793257,167.76718417070535,168.8760716915293,54288300
2024-03-26,168.02462768554688,169.71763732680742,167.8959138727621,168.31174106723407,57388400
2024-03-27,171.58888244628906,171.87601096065072,168.42066417893392,168.7176879462108,60273300
2024-03-28,169.77700805664062,170.51955971989585,168.81664003025037,170.04433088544315,65672700
2024-04-01,168.34144592285156,169.54933141950085,167.79690490268092,169.48992969134684,46240500
2024-04-02,167.16323852539062,167.6582730022656,166.55929585931307,167.4008605129018,49329500
2024-04-03,167.9652099609375,168.98497988400436,166.90584392266877,167.11374996517486,47691700
2024-04-04,167.14346313476562,170.21266810452119,167.14346313476562,168.59885072968464,53704400
2024-04-05,167.89588928222656,168.6978426903414,167.27214102824712,167.90578453281648,42104800
2024-04-08,166.77716064453125,167.51971257536823,166.5692545639612,167.35140261724945,37425500
2024-04-09,167.9850311279297,168.3909631058002,166.6781477036779,167.02466284236104,42373800
2024-04-10,166.11378479003906,167.4107728345435,165.45044033625643,167.12365945587084,49709300
2024-04-11,173.30169677734375,173.7175391133101,166.49003132152566,166.66823651643443,91070300
2024-04-12,174.7966766357422,176.58869902312352,172.47991891196477,172.5294102738014,101670900
2024-04-15,170.97503662109375,174.8759113224836,170.7869210734751,173.61851932570818,73531800
2024-04-16,167.69790649414062,172.0343988146065,166.59892920522176,170.04436539186383,73711200
2024-04-17,166.33160400390625,168.95528100035153,166.33160400390625,167.9256158132339,50901200
2024-04-18,165.381103515625,166.96521980912772,164.8959794200199,166.36127717179573,43122900
2024-04-19,163.36138916015625,164.74747975255278,162.45052746983075,164.559379327856,68149400
2024-04-22,164.1930389404297,165.59893510418706,163.13367296874276,163.8762247169617,48116400
2024-04-23,165.2425079345703,165.391027347015,163.28217556978177,163.7079130900853,49537800
2024-04-24,167.34149169921875,167.6187098522012,164.5593998092657,164.8861093338651,48251800
2024-04-25,168.2028350830078,168.9156860278579,166.4801094484109,167.84640961058278,50558300
2024-04-26,167.6186981201172,169.63843239437367,167.49987955768663,168.19293999888993,44838400
2024-04-29,171.77696228027344,174.2818355072499,171.38094074443057,171.64824848286057,68169400
2024-04-30,168.6384735107422,173.2521991943247,168.31174889120035,171.60868084411632,65934800
2024-05-01,167.6186981201172,170.99483730573115,167.43058257791944,167.8959162536964,50383100
2024-05-02,171.31167602539062,171.6978024171198,169.19292849767666,170.79683580066592,94214900
2024-05-03,181.55885314941406,185.14289799826793,180.84600228009177,184.796367814728,163224100
2024-05-06,179.90545654296875,182.3707188474722,178.62825898838415,180.53910014061182,78569700
2024-05-07,180.58859252929688,183.06376520709566,179.51933122687228,181.6281680754234,77305800
2024-05-08,180.92523193359375,181.25195654794928,179.6480343404535,181.03414013837894,45057100
2024-05-09,182.737060546875,182.82616313989396,180.30148392023486,180.74701199258516,48983000
2024-05-10,181.4779510498047,183.50042466657956,180.56585391849484,183.3120539854214,50759500
2024-05-13,184.68020629882812,185.4931713127623,183.03445892506747,183.84742393900163,72044800
2024-05-14,185.82034301757812,186.6828817403559,184.6901339480471,185.89965779253163,52393600
2024-05-15,188.09066772460938,189.0126735344407,185.76084369802737,186.29621459797372,70400000
2024-05-16,188.20962524414062,189.45881387860598,188.03117836935675,188.83421956137332,52845200
2024-05-17,188.23939514160156,189.17132485957902,187.55531842828847,187.88248620977504,41282900
2024-05-20,189.39932250976562,190.27176982167657,187.38675756521698,187.7040166341828,44361300
2024-05-21,190.69808959960938,191.07481584379752,189.28036268210627,189.44890089382775,42309400
2024-05-22,189.26052856445312,191.16405275409193,188.63594934473116,190.61877317517173,34648500
2024-05-23,185.27508544921875,189.35969818168277,185.02723244112752,189.3398657052663,51005900
2024-05-24,188.3484344482422,188.94328765804346,186.42509288132968,187.19840810516956,36327000
2024-05-28,188.3583221435547,191.34246603837306,187.47596629905738,189.86525709809982,52280100
2024-05-29,188.65577697753906,190.59895109353056,187.8824768517226,187.98162409974876,53068000
2024-05-30,189.6471710205078,190.52952698465035,188.99285067972127,189.12172393667825,49889100
2024-05-31,190.59893798828125,190.9161970579539,188.2790377703441,189.79589676882185,75158300
2024-06-03,192.3636474609375,193.31540952983562,190.86662095571478,191.24334718637152,50080500
2024-06-04,192.680908203125,193.64257895328527,191.37223723797064,192.96841099700254,47471400
2024-06-05,194.18785095214844,195.20900403542353,193.19643901671662,193.72188613227584,54156800
2024-06-06,192.80979919433594,194.8124556459051,192.5024638984892,194.0094143560484,41181800
2024-06-07,195.1990966796875,195.24867030234284,192.47271383884646,192.97832848334124,53103900
2024-06-10,191.4614715576172,195.60558138834554,190.49980075281104,195.20900753042525,97010200
2024-06-11,205.3709716796875,205.38089548057218,191.96709351098235,191.98691085726122,172373300
2024-06-12,211.2401580810547,218.3089152196564,205.1231328450552,205.58909768640683,198134300
2024-06-13,212.4001007080078,214.888539245905,209.7827737762817,212.8958066808934,97862700
2024-06-14,210.6651153564453,213.32209192759066,209.48533280144244,212.01343611534222,70122700
2024-06-17,214.80923461914062,217.06965275202606,210.89316027395952,211.53757201804441,93728300
2024-06-18,212.4496307373047,216.75236950252116,211.17071615482777,215.72129274553387,79943300
2024-06-20,207.87925720214844,212.40010854906527,207.0563985691976,212.09275812722348,86172500
2024-06-21,205.7080841064453,210.07029091430852,205.33134270047418,208.58317289420788,241805100
2024-06-24,206.3524932861328,210.87332959032133,204.8158016590104,205.93610206103614,80727000
2024-06-25,207.27447509765625,209.5646339662685,206.81841900726565,207.35377473031713,55549700
2024-06-26,211.41859436035156,213.01476817493463,208.8310086144187,209.68362348048936,66213200
2024-06-27,212.26133728027344,213.88725252390637,210.52636610021247,212.84626679032016,49772700
2024-06-28,208.81117248535156,214.21437951883613,208.4939285392998,213.91695291908772,82542700
2024-07-01,214.88853454589844,215.64200216221636,210.10001313722785,210.26855134899324,60402900
2024-07-02,218.37831115722656,218.4873670751859,213.25271326862932,214.2936836981781,58046200
2024-07-03,219.64732360839844,219.64732360839844,217.1489612238199,218.11063203893852,37369800
2024-07-05,224.39614868164062,224.5052045874235,219.74642480522968,219.74642480522968,60412400
2024-07-08,225.8634796142578,225.89322076278884,221.3327197032473,225.13973799267995,59085900
2024-07-09,226.71607971191406,227.42989753320916,224.4259205051531,225.97252074204383,48076100
2024-07-10,230.9791717529297,231.07831900756045,227.28120909695775,227.33078272427315,62627700
2024-07-11,225.61563110351562,230.39422897123262,223.83108651749725,229.40281699319425,64710600
2024-07-12,228.5601043701172,230.64207551688347,226.71607753741577,226.9540218514806,53046500
2024-07-15,232.38694763183594,235.1926451763578,231.08820043911544,234.44908623752588,62631300
2024-07-16,232.8033447265625,234.24088892580107,230.3347237014565,232.98179160349451,43234300
2024-07-17,226.9143524169922,229.47219684306242,224.6935843942369,227.47944931340314,57345900
2024-07-18,222.25473022460938,228.46097889584826,220.36114484151935,228.3023493485251,66034600
2024-07-19,222.3836212158203,224.85224251867803,221.36246807560826,222.88925101284036,49151500
2024-07-22,222.03663635253906,225.82382229500527,221.17409763275575,225.06043082550624,48201800
2024-07-23,223.0775909423828,224.9910238167192,220.76759935066607,222.44308791792702,39960300
2024-07-24,216.66317749023438,222.86942645430565,215.2652980307627,222.07629380801336,61777600
2024-07-25,215.6221923828125,218.95333716975932,212.77682977395946,217.04981289629316,51391200
2024-07-26,216.08815002441406,217.6050090608147,214.15488466672127,216.8217851678197,41601300
2024-07-29,216.3657684326172,217.41666277155184,213.89714701413598,215.09676223529075,36311800
2024-07-30,216.92092895507812,218.43778796730905,214.2639371695869,217.3075789949067,41643800
2024-07-31,220.17276000976562,221.89782218872546,218.7352157578384,219.53825698895486,50036300
2024-08-01,216.48471069335938,222.55214689360594,215.15622233135366,222.44309097566543,62501000
2024-08-02,217.97181701660156,223.6625266661827,215.8402875210575,217.26790792406092,105568600
2024-08-05,207.4727783203125,211.66644653820467,194.31673780556494,197.38019703112641,119548600
2024-08-06,205.45028686523438,208.18659343179937,199.34320096724198,203.53686913101606,69660500
2024-08-07,208.01806640625,211.80525225793107,204.61751548926864,205.12313014700663,63516400
2024-08-08,211.47808837890625,212.36044444161047,207.0365669160157,211.27980900719393,47161100
2024-08-09,214.38291931152344,214.91827509282652,210.1495861717322,210.2784745623819,42201600
2024-08-12,215.91146850585938,217.8767320905019,213.9958359256548,214.4623401059105,38028100
2024-08-13,219.62364196777344,220.23902400333975,217.38044783379533,217.38044783379533,44155300
2024-08-14,220.07029724121094,221.37054778476931,218.06532277692483,218.92885985517657,41960600
2024-08-15,223.0479736328125,223.67329096872731,221.10255033510867,222.9288713384501,46414000
2024-08-16,224.36807250976562,225.14226768918678,221.98592068094572,222.25391598005478,44340200
2024-08-19,224.2092742919922,224.30853630427512,221.38047353975193,224.04054098731652,40687800
2024-08-20,224.82461547851562,225.47970829184257,223.7725049787654,224.09013124410717,30299000
2024-08-21,224.71546936035156,226.28371522001356,223.37552309496598,224.8345868015738,34765500
2024-08-22,222.859375,226.64102413052154,222.2340576918725,226.09511339685906,43695300
2024-08-23,225.15219116210938,226.52192810531062,222.66087229355688,223.98097823318813,38677300
2024-08-26,225.48965454101562,225.58891654674125,222.22414052811973,225.0727813784282,30602200
2024-08-27,226.3333282470703,227.14723425887112,223.21669220638537,224.31843379232603,35934600
2024-08-28,224.8048095703125,228.149730282918,224.00082364270057,226.22416240429726,38052200
2024-08-29,228.08023071289062,231.18694665641485,227.17701311839377,228.38793686624163,51906300
2024-08-30,227.296142578125,228.6857199244299,225.787447784096,228.47729089511273,52990800
2024-09-03,221.1125030517578,227.29614502733148,219.52440165721936,226.84949624301046,50190600
2024-09-04,219.206787109375,220.12986023982222,215.86185105944423,220.01075793789536,43840200
2024-09-05,220.72535705566406,223.80228200866125,219.87175539355434,219.98093752982143,36615400
2024-09-06,219.17698669433594,223.56409767944487,218.13479623481732,222.28368749781316,48423000
2024-09-09,219.2663116455078,219.62363365317324,215.0975649862482,219.17698492990527,67180000
2024-09-10,218.47227478027344,219.83207646515766,215.1174187834135,217.29112653781655,51591000
2024-09-11,221.0032958984375,221.43008920211523,216.26878297144034,219.81222755985956,44587100
2024-09-12,221.1125030517578,221.88669831664953,218.18445530425632,220.84450772306226,37455600
2024-09-13,220.84449768066406,222.37303270856336,220.25889118684435,221.9164638014437,36766600
2024-09-16,214.71047973632812,215.60377723416104,212.32832783334672,214.92882889414335,59357400
2024-09-17,215.17697143554688,215.28615358843467,212.904016801209,214.14471619981742,45519300
2024-09-18,219.04795837402344,221.05293280374121,215.92138686335736,215.9313221513165,59894900
2024-09-19,227.1670684814453,228.11001204196916,222.9586262544957,223.31594824973243,66781300
2024-09-20,226.5020751953125,231.3556905514529,225.92638886705737,228.2589097535001,318679900
2024-09-23,224.7849578857422,227.74278104335218,224.12986496132828,225.64847983003366,54146000
2024-09-24,225.6782684326172,227.64354731931365,224.05047131587074,226.94874349226038,43556100
2024-09-25,224.68568420410156,225.59883710649478,222.35317851779175,223.2563961324406,42308700
2024-09-26,225.8271484375,226.79985253593196,223.73284722402752,225.608784129346,36636700
2024-09-27,226.09512329101562,227.81226214161182,225.6087788258606,226.7601514881057,34026000
2024-09-30,231.266357421875,231.266357421875,227.9412771261621,228.3283747151782,54541900
2024-10-01,224.52688598632812,227.9412778656533,222.07526286618742,227.81225543239978,63285000
2024-10-02,225.09263610839844,225.67824256269316,221.360617941662,224.20925878310885,32880600
2024-10-03,223.9908905029297,225.12240767637772,221.65838486968212,223.46483520314058,34044200
2024-10-04,225.11248779296875,226.3035561118749,222.46235586119454,226.20429410810965,37245100
2024-10-07,220.04052734375,224.01076551273388,219.68320530273118,222.8296172342201,39505400
2024-10-08,224.09014892578125,224.29857792676054,221.58889489724396,222.63108533790577,31855700
2024-10-09,227.83212280273438,228.04056698162543,223.15717559100585,223.55419337095574,33591100
2024-10-10,227.33583068847656,227.7924147414137,225.47974919262126,226.08521111865923,28183500
2024-10-11,225.85691833496094,227.70307961960657,225.6484741750507,227.5938974682738,31759200
2024-10-14,229.5790252685547,230.00581860221664,226.89911753216435,226.99836439928595,39882100
2024-10-15,232.1100311279297,235.72294688412148,230.64103225198252,231.87181141001133,64751400
2024-10-16,230.055419921875,230.39288648800354,228.1298522341637,229.87676649695567,34082200
2024-10-17,230.4226837158203,232.11004699556463,228.8048220166126,231.69315867439417,32993800
2024-10-18,233.25146484375,234.42267769537074,232.2688255608399,234.42267769537074,46431500
2024-10-21,234.72044372558594,235.08770100400858,232.70554934615632,232.70554934615632,36254500
2024-10-22,234.1051025390625,234.46242459274853,230.86936376892484,232.1497589598997,38846600
2024-10-23,229.04299926757812,233.39041424004768,226.06532109909307,232.33830371042365,52287000
2024-10-24,228.85446166992188,229.10260155629064,226.710529416834,228.26884002769643,31109500
2024-10-25,229.6881866455078,231.48471683213373,227.86188088691335,228.03061417648678,38802300
2024-10-28,231.66339111328125,232.98349712196287,230.81972458948547,231.58399967772363,36087100
2024-10-29,231.93138122558594,232.5864741436605,230.59143496071306,231.36563017470797,35417200
2024-10-30,228.387939453125,231.7328600109945,227.8420287171323,230.87925826342104,47070900
2024-10-31,224.22911071777344,228.11994197442104,223.693120129287,227.63358238786932,64370100
2024-11-01,221.2514190673828,223.67326642200996,218.6310628621847,219.32585141181025,65276700
2024-11-04,220.35812377929688,221.13231895883285,218.0752491010658,219.34572401852256,44944500
2024-11-05,221.78741455078125,222.28369429475046,219.49460455688452,220.14969745378525,28111300
2024-11-06,221.06285095214844,224.387931303672,219.54423614319148,220.95366880237512,54561100
2024-11-07,225.7874298095703,226.18446269494834,222.89909318788202,222.95864433437472,42137700
2024-11-08,225.51914978027344,227.20835428792034,224.9726384261151,225.72780810336752,38328800
2024-11-11,222.8064727783203,224.26714170400084,220.0938084143074,223.57158868270503,42005600
2024-11-12,222.8064727783203,224.15783943194586,221.9420008205612,223.12444853772337,40398300
2024-11-13,223.69081115722656,225.21109667354565,221.3457931121334,222.5878574334345,48566200
2024-11-14,226.77114868164062,227.41701609796436,223.57158960851197,223.59146688403666,44923900
2024-11-15,223.57159423828125,225.47940335635096,222.8462328667566,224.96270031544069,47923700
2024-11-18,226.57241821289062,228.28149999782985,223.74050538640262,223.8199993254601,44633700
2024-11-19,226.8307647705078,228.6988344551977,225.22105418122663,225.53901477922054,36211800
2024-11-20,227.5461883544922,228.47027695087482,224.45593165289552,226.61215353970658,35169600
2024-11-21,227.06924438476562,228.69883223369175,224.2770861035494,227.42695953023323,42108300
2024-11-22,228.41067504882812,229.25528492407807,226.61216818417898,226.61216818417898,38168300
2024-11-25,231.39161682128906,231.7692092379923,228.28149797848934,229.99057974831032,90152800
2024-11-26,233.56773376464844,234.07450576495518,231.8487208075284,231.8487208075284,45986200
2024-11-27,233.43853759765625,234.1937224347506,232.32565277909848,232.9814664022851,33498400
2024-11-29,235.8233184814453,236.3002669685808,232.48464874765904,233.31931239062584,28481400
2024-12-02,238.06893920898438,239.26131787624368,235.65437354492806,235.76367580720535,48137100
2024-12-03,241.10952758789062,241.21882985808793,237.3833345065081,238.28756099978403,38861000
2024-12-04,241.46726989746094,242.56029272240895,239.7184485394643,241.32815927991484,44383900
2024-12-05,241.49705505371094,242.98753231090083,240.59284370740727,242.4410361127995,40033900
2024-12-06,241.29832458496094,243.0769692456264,240.5431549096241,241.36788746709487,36870600
2024-12-09,245.18350219726562,245.67039687977774,240.21524480725012,240.29473874492055,44649200
2024-12-10,246.19703674316406,246.63424582967986,243.7824557106041,245.32261857013248,36914800
2024-12-11,244.9251708984375,249.20780656351602,244.69662013013263,246.3858398593606,45205800
2024-12-12,246.3858184814453,247.1608653940442,244.1202792424049,245.32260415969785,32777500
2024-12-13,246.55474853515625,247.70737273801882,244.67674782957272,246.24671899982582,33155300
2024-12-16,249.44625854492188,249.78411156803347,246.07778066556844,246.41563368868003,51694800
2024-12-17,251.87078857421875,252.2185726786221,248.19428090188288,248.49237939681157,51356400
2024-12-18,246.47525024414062,252.66569465886903,246.16722071424974,250.559158393614,56774100
2024-12-19,248.20419311523438,250.400169527173,245.5213371883983,245.92873792847348,60882300
2024-12-20,252.87437438964844,253.38113119374523,244.13023820234332,246.46531011815415,147495300
2024-12-23,253.6494140625,254.02699130961165,251.84096111600803,253.15258832932108,40858800
2024-12-24,256.5608215332031,256.5707374276886,253.66927695641888,253.868019379837,23234700
2024-12-26,257.3755798339844,258.44874034869076,255.99442012888886,256.55086249805703,27237100
2024-12-27,253.9673614501953,257.0576331183779,251.45342458389948,256.1931309155478,42355300
2024-12-30,250.5989227294922,251.8906728018858,249.15813098648073,250.62873106361576,35557500
2024-12-31,248.83021545410156,251.6720594492945,247.84649497663966,250.83739579916153,39480700
2025-01-02,242.30191040039062,247.51858047528103,240.28479918438643,247.34964638751123,55740700
2025-01-03,241.81504821777344,242.629834626151,240.35437918764114,241.81504821777344,40244100
2025-01-06,243.44461059570312,245.75982034447205,241.65603491404494,242.75898865424097,45045600
2025-01-07,240.67234802246094,243.9911405526811,239.81780708502322,241.4374487975533,40856000
2025-01-08,241.1592254638672,242.1628232218062,238.52605495049286,240.38417847646193,37628900
2025-01-10,235.3463897705078,238.63537417198498,231.52082500923515,238.48631733341054,61710900
2025-01-13,232.91192626953125,233.18021644375222,228.2616441132745,232.04745423938814,49630700
2025-01-14,231.79901123046875,234.62097773623856,230.9941559742804,233.2596800887061,39435300
2025-01-15,236.35987854003906,237.4429702030776,232.94171493841435,233.1503884256181,39832000
2025-01-16,226.81088256835938,236.49898454969573,226.58234697208553,235.84318609247865,71759100
2025-01-17,228.5199432373047,230.81527553043833,227.02946614701875,230.6463566129693,68488300
2025-01-21,221.2265625,222.99526090225285,217.98726416864307,222.57792910461188,98070400
2025-01-22,222.4090118408203,222.6971640978084,218.39465138442915,218.39465138442915,64126500
2025-01-23,222.2401123046875,225.58871322146769,220.88874557201237,223.3132578125695,60234800
2025-01-24,221.36566162109375,224.19757422629087,220.00436403066544,223.35296445648333,54697900
2025-01-27,228.40074157714844,230.67619691244207,222.55806572164707,222.59782027357136,94863400
2025-01-28,236.74740600585938,238.66516132615985,229.3447052045828,229.3844597561093,75707600
2025-01-29,237.84043884277344,238.33726462451705,232.52439691334908,232.63369919180946,45486100
2025-01-30,236.0816650390625,239.26134692510684,235.7040877651042,237.1548105184623,55658300
2025-01-31,234.50177001953125,245.62073349000855,231.9580244316672,245.62073349000855,100959800
2025-02-03,226.56248474121094,230.35824094469035,224.2671520837408,228.52992572925916,73063300
2025-02-04,231.32208251953125,231.64998934854387,225.21111642561868,225.80731341689966,45067300
2025-02-05,230.9941864013672,231.19291368703577,226.82085275464706,227.0791967098242,39620300
2025-02-06,231.73941040039062,232.31573010563136,228.96711414866223,229.8216550685821,29925300
2025-02-07,226.18490600585938,232.5144614947352,225.81724462416,231.12335539671392,39707200
2025-02-10,226.45346069335938,229.378010419489,226.00582893863492,228.36338248973718,33115600
2025-02-11,231.39735412597656,233.99363668198936,226.93096309298542,227.00058728303875,53718400
2025-02-12,235.62501525878906,235.71455375787428,229.4675472393098,229.98481838871234,45243300
2025-02-13,240.2605438232422,241.06628412426815,234.3318774239705,235.66483088933668,53614100
2025-02-14,243.3143768310547,244.25938055012708,239.7233505557091,239.9819785190441,40896200
2025-02-18,243.18507385253906,243.8913336127375,240.56889220053384,242.86674847770814,48822500
2025-02-19,243.5829620361328,244.716969605811,241.88195827091008,243.37407429304395,32204200
2025-02-20,244.5379180908203,245.4829218502696,243.00600383864503,243.65259654249155,32316900
2025-02-21,244.25938415527344,247.38287960480025,243.93111682470231,244.6572756706751,53197400
2025-02-24,245.80125427246094,247.55199828948733,243.1353323966777,243.64264638435856,51326400
2025-02-25,245.74154663085938,248.68599549611233,243.62275227067275,246.69650753214344,48013300
2025-02-26,239.09666442871094,243.6923767743236,237.87313357927937,243.04579925662603,44433600
2025-02-27,236.05276489257812,241.18564780716906,235.81402085750776,238.1516754344793,41153600
2025-02-28,240.5688934326172,240.8175794410065,228.9900734891547,235.70459571566596,56833400
2025-03-03,236.77890014648438,242.7473638198223,234.8689935924468,240.51913191748446,47184000
2025-03-04,234.68994140625,238.80819608105105,233.44651142335266,236.46059966619734,53798100
2025-03-05,234.50096130371094,235.30670153327668,228.0251680036218,234.18263593082168,47227600
2025-03-06,234.09310913085938,236.60981025581015,231.93451645578955,233.20778757123546,45170400
2025-03-07,237.81346130371094,240.10136041796665,233.5261018066448,233.87426828677374,46273600
2025-03-10,226.28436279296875,234.91874867921032,223.04150278970278,234.3019970725287,72071200
2025-03-11,219.6792755126953,224.65299583409444,216.3070937419303,222.63366659789358,76137400
2025-03-12,215.83953857421875,220.58447147788527,213.7804264853068,218.9829331071368,62547500
2025-03-13,208.57791137695312,215.70028194858565,207.3245394208188,214.81496040955514,61368300
2025-03-14,212.36790466308594,212.8254784087618,208.4784519318959,210.13967261110687,60107600
2025-03-17,212.87522888183594,214.08881784956162,208.86641153353526,212.18885305172668,48073400
2025-03-18,211.5720977783203,214.01915944879542,210.37840804794794,213.03437263106773,42432400
2025-03-19,214.1086883544922,217.61017604964766,212.62651443867486,213.0940452987452,54385400
2025-03-20,212.97471618652344,216.34689805154306,211.1045924362575,212.86529372925065,48862900
2025-03-21,217.12277221679688,217.68976839110027,210.16950634984832,210.4480334492585,94127800
2025-03-24,219.56983947753906,220.3158974796034,217.4311459430569,219.8384246082871,44299500
2025-03-25,222.573974609375,222.92214108802088,218.92326587520165,219.6096416779903,34493600
2025-03-26,220.36563110351562,223.83729303324841,219.31120492080973,222.3352199198642,34466100
2025-03-27,222.67343139648438,223.80743885219795,219.40071541682642,220.22635468753003,37094800
2025-03-28,216.7547149658203,222.6336557419088,216.5358700680628,220.504904155295,39818600
2025-03-31,220.96249389648438,224.43414081005062,215.09349507460487,215.86939419548492,65299300
2025-04-01,222.01690673828125,222.5043215641154,217.74944665223015,218.65466729819107,36412700
2025-04-02,222.71324157714844,224.00641185945875,219.8583310514353,220.15675729790527,35905900
2025-04-03,202.1220245361328,206.39942653372108,200.19221885499383,204.45966369883956,103419000
2025-04-04,187.389892578125,198.82944937179326,186.35535024633944,192.87092693410324,125910900
2025-04-07,180.50625610351562,193.12954493623218,173.70219548773406,176.26863687444822,160466300
2025-04-08,171.5137481689453,189.33955773730443,168.32062862424334,185.71869040589692,120859500
2025-04-09,197.80484008789062,199.55558397169528,170.9865365771085,171.04621878540135,184395900
2025-04-10,189.41915893554688,193.7562435722064,182.0381599544528,188.0762635840202,121880000
2025-04-11,197.10850524902344,198.4911987157403,185.08205468111316,185.12185293864357,87435900
2025-04-14,201.45556640625,211.8207974391945,200.10271391024364,210.32868138530173,101352900
2025-04-15,201.0775604248047,202.4403549077855,198.7498630049633,200.7990333068026,51343900
2025-04-16,193.24891662597656,199.64511311117855,191.35889396287376,197.31741584829123,59732400
2025-04-17,195.94467163085938,197.78495412822454,193.39812938355274,196.16351652823,52164700
2025-04-21,192.1447296142578,192.78136508405416,188.81233157759124,192.25415204712533,46742500
2025-04-22,198.690185546875,200.53045296496776,194.93999616163734,195.0892017003565,52976400
2025-04-23,203.52464294433594,206.9067667134076,201.7341005812904,204.9172785719325,52929200
2025-04-24,207.27479553222656,207.73238443559362,201.87334307751462,203.81309077731203,47311000
2025-04-25,208.18002319335938,208.6475540878433,205.1162098506388,205.28531450927932,38222300
2025-04-28,209.03550720214844,210.38835967290976,206.3696005213303,208.89624364686077,38743100
2025-04-29,210.09986877441406,211.1244537916441,207.27478452266,207.59310986089218,36827600
2025-04-30,211.3831024169922,212.4574277707069,205.5837430092506,208.19992461631293,52286500
2025-05-01,212.19879150390625,213.43226431553572,207.8020097882055,207.98107159612528,57365700
2025-05-02,204.2707061767578,205.9020858869881,201.09747008207196,205.00680709347017,101010600
2025-05-05,197.8446502685547,203.0272736250085,197.1682315771274,202.03252954096354,69018500
2025-05-06,197.4666290283203,199.59538061408486,195.98447015970467,197.1682179665783,51216500
2025-05-07,195.21852111816406,198.3917570874617,192.23428894820486,198.12317194216024,68536700
2025-05-08,196.45199584960938,198.99853803284546,193.65675249053749,196.68078271707188,50478900
2025-05-09,197.48654174804688,199.4859718922483,196.5017396407649,197.95407268173315,36453900
2025-05-12,209.95706176757812,210.4351760021984,205.93303241640405,210.1363584051843,63775800
2025-05-13,212.08859252929688,212.55673652410627,208.17412935394688,209.59847136477597,51909300
2025-05-14,211.490966796875,213.09460539099953,209.7478820292828,211.5905625216416,49325800
2025-05-15,210.6144561767578,212.11849916658366,208.71199985896817,210.11643191755599,45029500
2025-05-16,210.42520141601562,211.73003772257164,208.94109887256835,211.52086084946143,54737900
2025-05-19,207.9550018310547,208.65223273202483,203.45285841572866,207.0884445111699,46140500
2025-05-20,206.0426025390625,207.64624130377067,204.2198318786679,206.84939942841044,42496600
2025-05-21,201.2914276123047,206.22186440009241,199.91689108628387,204.3592586621154,59211800
2025-05-22,200.56431579589844,201.94882252859867,198.91087172706415,199.91689038506837,46742400
2025-05-23,194.49839782714844,196.9187884239126,192.69555244631704,192.9047141233614,78432900
2025-05-27,199.4188690185547,199.94677348688452,196.64984031499387,197.51641281084125,56288500
2025-05-28,199.62802124023438,201.92889064401075,199.1100718095576,199.79734764673603,45339700
2025-05-29,199.15989685058594,203.00464471322186,197.72558456215265,202.775557811137,51396800
2025-05-30,200.05633544921875,201.1619498266407,196.00241099917397,198.5821728136608,70819900
2025-06-02,200.90296936035156,201.33127809714276,199.32921098525782,199.488582384924,35423300
2025-06-03,202.46676635742188,202.9647905668523,200.16589694161215,200.55435521702816,46381600
2025-06-04,202.01856994628906,205.42505409163678,201.30141378953226,202.10821066626008,43604000
2025-06-05,199.83721923828125,203.9409342732031,199.35910500622674,202.69587362440456,55126100
2025-06-06,203.11419677734375,204.8871617909174,201.2515910514923,202.19783403313102,46607700
2025-06-09,200.65396118164062,205.18598475848052,199.22961916524454,203.58234611432158,72862600
2025-06-10,201.869140625,203.54250994980842,199.77744796710627,199.8073282051838,54672600
2025-06-11,197.9945068359375,203.69190510411792,197.62597377823997,202.69585666840098,60989900
2025-06-12,198.41285705566406,198.890956077424,196.58013147350607,198.29333609984755,43904600
2025-06-13,195.67372131347656,199.57822954037988,194.92668495173118,198.94075911963023,51447300
2025-06-16,197.6359405517578,197.90487790098294,195.78328974313985,196.52037110088898,43020700
2025-06-17,194.86691284179688,197.60604600468164,194.43861931524052,196.42074594971083,38856200
2025-06-18,195.80319213867188,196.78928550519313,194.29916455806153,195.16572178414586,45394700
2025-06-20,200.2057342529297,200.90296511361447,196.08209436431653,197.45664606001856,96813500
2025-06-23,200.70376586914062,201.50060768152076,198.17380945321412,200.83325703321927,55814300
2025-06-24,199.50851440429688,202.63610603642124,199.4089034764897,201.78945874554142,54064000
2025-06-25,200.7635498046875,202.8652129211553,199.82726170562196,200.6539838527012,39525700
2025-06-26,200.2057342529297,201.83925306874522,198.67182635942322,200.63402778217431,50799100
2025-06-27,200.28541564941406,202.41695863400855,199.20968154525062,201.09221242791352,73188600
2025-06-30,204.3592529296875,206.57048164253425,198.4726031076903,201.211736268348,91912800
2025-07-01,206.99879455566406,209.35942450018746,205.3254252695324,205.85332972802502,78788900
2025-07-02,211.6005401611328,212.49697770796604,207.31752868499885,208.08449026524102,67941800
2025-07-03,212.70616149902344,213.80180573654258,210.97303162710094,211.31168447150716,34955800
2025-07-07,209.12037658691406,215.37555986284275,207.97492690746134,211.83958469799765,50229000
2025-07-08,209.1801300048828,210.59451698338924,207.6262968509882,209.26978591644843,42848900
2025-07-09,210.3056640625,210.49491569520316,206.40115605631001,208.70202548866368,48749400
2025-07-10,211.57064819335938,212.6364120977978,209.2000480941239,209.678147079363,44443600
2025-07-11,210.32559204101562,211.29176024279,209.03072603053,209.73792710960444,39765800
2025-07-14,207.79562377929688,210.07658325197187,206.71988962428105,209.10044482334126,38840100
2025-07-15,208.28369140625,211.05270487364396,208.09443976951917,208.39325734338402,42296300
2025-07-16,209.32955932617188,211.5606982702429,207.81556132948495,209.46900551017632,47490500
2025-07-17,209.19009399414062,210.96305897069354,208.761785269157,209.7379236663323,48068100
2025-07-18,210.3455047607422,210.95309492429405,208.87135730762196,210.0367321724359,48974600
2025-07-21,211.64036560058594,214.92732845073886,210.7937335563828,211.2618775331451,51377400
2025-07-22,213.55279541015625,214.1006251327807,211.39137195770533,212.29777975345726,46404100
2025-07-23,213.3037872314453,214.29983576430007,211.5706725113145,214.15043456376964,46989300
2025-07-24,212.91529846191406,214.8376797586153,212.68621158769832,213.05474462863134,46022600
2025-07-25,213.03485107421875,214.38947759784276,212.5567368669443,213.85160291428238,40268800
2025-07-28,213.20419311523438,214.00103498726418,212.21809958876685,213.18426788884761,37858000
2025-07-29,210.43515014648438,213.96115480223384,209.9869314052821,213.33363944545516,51411700
2025-07-30,208.22393798828125,211.5507362671114,206.89919168476044,211.06266703997414,45512500
2025-07-31,206.74978637695312,209.01080544085684,206.3414028602417,207.66614913739534,80698400
2025-08-01,201.58030700683594,212.7360475386617,200.7037794341265,210.03674932642843,104434500
2025-08-04,202.5464630126953,207.0585613783641,200.88304868853191,203.70186769022786,75109300
2025-08-05,202.1181640625,204.5285996595603,201.36117265797924,202.59626309701343,44155100
2025-08-06,212.4073486328125,214.5289368613384,204.77761325937152,204.81746371165528,108483100
2025-08-07,219.16053771972656,219.97730473834642,215.7241736307253,218.01508808955717,90224800
2025-08-08,228.4437255859375,230.08719950298993,218.38362983130105,219.95738825778145,113854000
2025-08-11,226.53909301757812,228.91238364576833,224.12592192869855,227.27701087414155,61806100
2025-08-12,229.0021209716797,230.14888579943394,226.429412881848,227.36674823663387,55626200
2025-08-13,232.6717529296875,234.33703985510917,229.77992501054072,230.4181341091737,69878500
2025-08-14,232.12330627441406,234.4567012802976,230.19875827485632,233.39969406647393,51916300
2025-08-15,230.9366455078125,233.6190590405621,228.69299310222902,233.33985018068216,56038700
2025-08-18,230.23863220214844,232.46233685580373,229.46083388892833,231.04634466466607,37476200
2025-08-19,229.90956115722656,232.2130419457167,228.70298322789472,230.62753117126795,39402600
2025-08-20,225.3723907470703,229.81981519856654,225.13307755654054,229.33119207499826,42263900
2025-08-21,224.26551818847656,225.88095827873425,223.14868274098328,225.63166356522294,30621200
2025-08-22,227.11744689941406,228.44369658121065,224.77408575714253,225.53193619713707,42477800
2025-08-25,226.51914978027344,228.6531118971015,225.59176554347297,225.84106025439092,30983100
2025-08-26,228.6630859375,228.84258604761433,224.05612439304167,226.22996704217394,54575100
2025-08-27,229.8397674560547,230.24859923631865,227.6160475796746,227.96506627689797,31259500
2025-08-28,231.9039306640625,232.75153884501827,228.69301327644948,230.16884905542523,38074700
2025-08-29,231.485107421875,232.7216147258446,230.71727541448905,231.85405874294378,39418400
2025-09-02,229.0719451904297,230.19876225122124,226.32970313085187,228.6032698757151,44075600
2025-09-03,237.79725646972656,238.17618932549604,233.69885053091846,236.5408165177042,66427800
2025-09-04,239.10353088378906,239.22318747047024,236.07211403385233,237.7772812570227,47549400
2025-09-05,239.01380920410156,240.63921565449175,237.8171975861315,239.3229322237051,54870400
2025-09-08,237.20892333984375,239.47250850410185,235.6732593017711,238.62491556233425,48999500
2025-09-09,233.6888885498047,238.10638391026913,232.70167593051625,236.33140663047269,66313900
2025-09-10,226.1501922607422,231.76431424305812,225.31256565050364,231.53496736029473,83440800
2025-09-11,229.3810577392578,229.7998710451417,226.010588238333,226.23995033725743,50208600
2025-09-12,233.40968322753906,233.84842918261825,228.373926506362,228.57335925244223,55824200
2025-09-15,236.03224182128906,237.5180438551372,234.36695488957946,236.33139853346725,42699500
2025-09-16,237.4781494140625,240.53949594661788,235.65332541334,236.51088466190768,63421100
2025-09-17,238.3157958984375,239.42266510979977,237.05934071942244,238.2958480596019,46508000
2025-09-18,237.20892333984375,240.51954939992544,235.98238232851827,239.29302360434258,44249600
2025-09-19,244.8074188232422,245.60516498271895,239.53234916144805,240.5494606794321,163741300
2025-09-22,255.35755920410156,255.9160073848096,247.42002368458668,247.5995237986898,105517400
2025-09-23,253.7122344970703,256.6140289111009,252.86464151383097,255.15815615601056,60275200
2025-09-24,251.5981903076172,255.01852163586054,250.33176892231356,254.49998437943248,42303700
2025-09-25,256.14532470703125,256.4444966190252,250.99989343760635,252.49566170312627,55202100
2025-09-26,254.73931884765625,256.87328100426123,253.06405044687503,253.38315498635407,46076300
2025-09-29,253.7122344970703,254.28063380560434,252.29624220529692,253.8418726304012,40127700
2025-09-30,253.9116668701172,255.1980209495745,252.39595068950493,254.1410137555297,37704300
2025-10-01,254.72933959960938,258.0599285933123,254.21080232618834,254.32049261064776,48713900
2025-10-02,256.40460205078125,257.45162766856953,253.43299812845933,255.85613542550084,42630200
2025-10-03,257.2920837402344,258.5086431914624,253.23357360959045,253.9515436206674,49155600
2025-10-06,255.96583557128906,258.33912604890287,254.3304629034206,257.2621558739689,44664100
2025-10-07,255.75645446777344,256.6738420114173,254.70939836699205,256.0855101139428,31955800
2025-10-08,257.3320007324219,257.7906945345413,255.38748958216482,255.79633660873378,36496900
2025-10-09,253.32330322265625,257.27213808351553,252.42584836214985,257.08267167133846,38322000
2025-10-10,244.5780792236328,255.65673769030235,243.31165772832736,254.22079760361632,61999100
2025-10-13,246.96133422851562,248.98560621270488,244.86725241658198,248.67648318296307,38142900
2025-10-14,247.07101440429688,248.14796941642882,244.00966795095763,245.90431694508948,35478000
2025-10-15,248.63658142089844,251.10959602979932,246.77186176083558,248.78616738422895,33893600
2025-10-16,246.7519073486328,248.33741809379524,244.43846029169785,247.54965348458146,39777000
2025-10-17,251.5782470703125,252.66518358811555,246.57242016484557,247.3203043073955,49147000
2025-10-20,261.50018310546875,263.63416054313814,254.90884523128253,255.168106265739,90483000
2025-10-21,262.0286865234375,264.5415968076956,261.0913359303388,261.141213133835,46695900
2025-10-22,257.72088623046875,262.1084670888602,254.70938662410154,261.9090191460537,45015300
2025-10-23,258.84765625,259.8847307097371,257.2821086816683,259.2066564378435,32754900
2025-10-24,262.07855224609375,263.3848541030092,258.44880663072195,260.4531458541269,38253700
2025-10-27,268.0516357421875,268.3607587413759,263.9033682058253,264.13273028939324,44888200
2025-10-28,268.2410888671875,269.12859257872884,267.39348082722177,268.23110734142335,41534800
2025-10-29,268.93914794921875,270.6443152614699,266.35642794866993,268.5203194424725,51086700
2025-10-30,270.63433837890625,273.36662916750566,267.72259312931254,271.2226702585742,69886500
2025-10-31,269.60723876953125,276.53764389728985,268.4006608909581,276.2085578376442,86167100
2025-11-03,268.2909851074219,270.08592548154905,265.4988962118729,269.6571458353552,50194600
2025-11-04,269.2781982421875,270.72408938596277,266.86501191822913,267.5730004152706,49274800
2025-11-05,269.3778991699219,270.93349568379296,266.17693326929896,267.8521863717013,43683100
2025-11-06,269.0089416503906,272.6287059365568,267.1342708755924,267.1342708755924,51204000
2025-11-07,267.7126159667969,271.5218466038475,266.0173996929098,269.03885049148494,48227400
2025-11-10,268.9303283691406,273.2223721938244,266.9639805623884,268.46119877683986,41312400
2025-11-11,274.73956298828125,275.3983427074405,269.2996575494418,269.3096487524697,46208300
2025-11-12,272.962890625,275.2187095291286,271.19618380015726,274.49005224267427,48398000
2025-11-13,272.4438171386719,276.1868626363035,271.58539619817094,273.6016390736082,49602800
2025-11-14,271.90484619140625,275.4482508823214,269.10005949599775,270.5473523374902,47431300
2025-11-17,266.9639892578125,269.98836893107386,265.237217022597,268.3214829895084,45018300
2025-11-18,266.94403076171875,270.20795552947055,264.8279672087311,269.48928956232544,45677300
2025-11-19,268.0619812011719,271.70520656667077,265.0076580872151,265.0376012369211,40424500
2025-11-20,265.7562561035156,274.91922505965954,265.42688147061517,270.327749378444,45823600
2025-11-21,270.98651123046875,272.8230952896135,265.17732758833057,265.4568071090486,59030800
2025-11-24,275.4083557128906,276.48633959077114,270.397645153795,270.397645153795,65585800
2025-11-25,276.45635986328125,279.8600396675645,274.7395483878858,274.75950033189645,46914200
2025-11-26,277.0353088378906,279.0116481613461,276.11703191175064,276.4464065684995,33431400
2025-11-28,278.3328857421875,278.4826014787427,275.4781737009374,276.7458380127342,20135600
2025-12-01,282.57501220703125,282.89442609469603,275.62792768573877,277.4944549964911,46587700
2025-12-02,285.6592712402344,286.86701880065203,282.10587559562896,282.47518456741903,53669500
2025-12-03,283.623046875,288.0847586222564,282.77461708045536,285.6692634925469,43538700
2025-12-04,280.179443359375,284.20196835267484,278.07334059490756,283.5731318378766,43989100
2025-12-05,278.26300048828125,280.6186397013617,277.53434330937836,280.01974631085085,47265800
2025-12-08,277.3746643066406,279.15136205700173,275.6378704438954,277.6142094762677,38211800
2025-12-09,276.6659851074219,279.5107061083118,276.4064879695729,277.6441787437343,32193300
2025-12-10,278.26300048828125,279.2312028389952,275.92734368017386,277.23491184461454,33038300
2025-12-11,277.514404296875,279.07150890817053,273.3022288840155,278.5824273392719,33248000
2025-12-12,277.763916015625,278.70217518025987,276.30663218031253,277.38461586894516,39532900
2025-12-15,273.6016540527344,279.63046152672615,272.33402020742307,279.63046152672615,50409100
2025-12-16,274.1007385253906,274.9891026980292,271.2859911871425,272.3140798989353,37648600
2025-12-17,271.33587646484375,275.6478724530811,271.13626563598973,274.50001118897205,50138700
2025-12-18,271.68524169921875,273.12257373871984,266.4549687260805,273.1025913325419,51630700
2025-12-19,273.1625061035156,274.09077415448866,269.399477884542,271.6453053723066,144632000
2025-12-22,270.4674987792969,273.37210596231955,270.00836035897595,272.3539780142796,36571800
2025-12-23,271.85491943359375,271.99467443806464,269.06012395403746,270.3377490962612,29642000
2025-12-24,273.3022155761719,274.9192064044749,271.69521595033444,271.8349404799371,17910600
2025-12-26,272.89300537109375,274.8593534534055,272.35399820928086,273.65160578690546,21521800
2025-12-29,273.2523498535156,273.8512128461511,271.8449608988494,272.1843267483383,23715200
2025-12-30,272.57354736328125,273.57169281796894,271.77504318392386,272.30405905646904,22139600
2025-12-31,271.3558349609375,273.17246717497864,271.24605357156486,272.553621806917,27293600
2026-01-02,270.5074462890625,277.32476727085935,268.5011639041959,271.7551282774649,37838100
2026-01-05,266.764404296875,271.00652312062255,265.64648609237463,270.1381413175191,45647200
2026-01-06,261.87347412109375,267.05385240251036,261.63392891626114,266.5048844877732,52352100
2026-01-07,259.84722900390625,263.1910228349833,259.3282042611396,262.7119324450406,48309800
2026-01-08,258.55963134765625,258.80916773471864,255.22581364132833,256.5433578451618,50419300
2026-01-09,258.8890075683594,259.7274461787287,255.74485516422806,258.5995368285105,39997000
2026-01-12,259.7673645019531,260.81540508500296,256.32375036738995,258.679389570116,45263800
2026-01-13,260.5658874511719,261.3244878277737,257.9108470550362,258.24022168851656,45730800
2026-01-14,259.4779052734375,261.33447181199796,256.23393227813756,259.0087756526009,40019400
2026-01-15,257.7311706542969,260.55593980217856,256.57331808587395,260.16664839115424,39388600
2026-01-16,255.05612182617188,258.41986733264514,254.4572284259222,257.4217218192236,72142800
2026-01-20,246.2425079345703,254.31750190322293,242.9685916985444,252.26132447540706,80267500
2026-01-21,247.1907501220703,251.09350304772093,244.72532928784554,248.23880604127606,54641700
2026-01-22,247.8894500732422,250.53452965267718,247.68980878155546,248.737864640942,39708300
2026-01-23,247.58001708984375,248.94748685874615,244.22624741136653,246.86136630134166,41689000
2026-01-26,254.93637084960938,256.08423219515316,249.33677343540953,251.01365072947274,55969200
2026-01-27,257.7910461425781,261.4642450011371,257.73115984508394,258.6894015269614,49648300
2026-01-28,255.96444702148438,258.3799421919039,254.03801819206552,257.1721946066941,41288000
2026-01-29,257.801025390625,259.16847988830324,253.93820707645818,257.52154586161765,67253000
2026-01-30,258.99884033203125,261.4143357105436,251.71235892004358,254.6968198516284,92443400
2026-02-02,269.50927734375,269.98836769074944,258.72928762151224,259.5477742456141,73913400
2026-02-03,268.98028564453125,271.3758289780004,267.11372779647115,268.70080609664296,64394700
2026-02-04,275.97723388671875,278.432693698261,271.7850411492978,271.7850411492978,90545700
2026-02-05,275.3983459472656,278.98168486317746,272.72332314901723,277.6142303156022,52977400
2026-02-06,277.6042175292969,280.3890519626743,276.4164219647768,276.6060720438839,50453400
2026-02-09,274.3672180175781,277.9439398399519,271.4499228389202,277.6541982366954,44623400
2026-02-10,273.4280700683594,275.11651686144285,272.68876099546605,274.6369782150198,34376900
2026-02-11,275.24639892578125,279.92208361183503,274.1973776592452,274.44714753122867,51931300
2026-02-12,261.4891052246094,275.46621856633783,259.94051360693726,275.3363333447182,81077200
2026-02-13,255.5445556640625,261.9886306947134,255.21485759663088,261.7688319830923,56290700
2026-02-17,263.6371154785156,266.0449008431299,255.30478047881587,257.8124646511843,58469100
2026-02-18,264.106689453125,266.57441720150126,262.20844437502524,263.35737977838915,34203300
2026-02-19,260.3401184082031,264.2365527856389,259.81060750150084,262.35827847824623,30845300
2026-02-20,264.3364562988281,264.5063132392292,257.9223826043077,258.73163460792017,42070500
2026-02-23,265.9349670410156,269.1819753311392,263.13755670993424,263.24744081710827,37308200
2026-02-24,271.8895263671875,274.6369951599546,267.46358073991865,267.61343657617186,47014600
2026-02-25,273.97760009765625,274.6869380517792,270.8005039088116,271.5298429675081,33714300
2026-02-26,272.6987609863281,275.8558253670768,270.55071567552415,274.6969199809464,32345100
2026-02-27,263.93682861328125,272.5588900215503,262.6480379442022,272.5588900215503,72366500
2026-03-02,264.476318359375,266.2846497598317,259.960490133898,262.16844722421786,41827900
2026-03-03,263.5072326660156,265.31556422164516,259.8905695547566,263.23749216234586,38568900
2026-03-04,262.2783508300781,265.9050144519466,261.179387723623,264.4063951364299,39803100
2026-03-05,260.0504150390625,261.3192350446657,257.01320478174756,260.54995479568396,49658600
2026-03-06,257.2229919433594,258.53178361058343,254.13584003818684,258.39192833924307,41120000
2026-03-09,259.6407775878906,260.9095975388004,253.44647267699952,255.45463216869055,38218500
2026-03-10,260.58990478515625,262.2384104290217,256.71350175461305,257.4128391437035,30590800
2026-03-11,260.5699157714844,261.888707997661,259.3110658747261,260.8496568052655,26218900
2026-03-12,255.52456665039062,258.71164792954545,253.94601921584928,258.4219063383753,40794000
2026-03-13,249.8897705078125,256.0940459350445,249.29033192864068,255.24483747003174,36930000
2026-03-16,252.58729553222656,253.6563027081548,249.6499992581203,251.87794235419486,32074200
2026-03-17,253.99598693847656,254.89516767044782,251.94787083452104,252.72716690012706,32361600
2026-03-18,249.70994567871094,254.70534343896443,248.7708084606242,252.3974721128864,35757900
2026-03-19,248.73085021972656,251.5982036354298,247.0723745163624,249.17043241392184,34864100
2026-03-20,247.76173400878906,248.97061168291066,245.77356028907465,247.7517334570195,88331100
2026-03-23,251.25851440429688,254.3656523266213,250.0496214753341,253.73622734962268,40546100
2026-03-24,251.4083709716797,254.5954370944537,249.32029842391177,250.1195650925759,45152300
2026-03-25,252.38746643066406,254.76528059453105,251.3684162845015,253.86611511385965,28476700
2026-03-26,252.6572265625,256.76344411909713,250.53918279672283,251.88793104116345,41796700
2026-03-27,248.57098388671875,255.2548282141602,247.8416601166152,253.666280215245,47900000
2026-03-30,246.40298461914062,250.63907198816298,245.28400520065438,249.83982057534305,39446200
2026-03-31,253.55638122558594,255.24482803058763,246.87255213324852,247.6818040942864,49598100
2026-04-01,255.3946990966797,255.94418062939917,253.096813183035,253.8461228128272,40059400
2026-04-02,255.68443298339844,255.89424639361263,250.4192795609811,253.96601496217014,31289400
2026-04-06,258.6217041015625,261.9186847371787,256.2239194053331,256.27389167390277,29329900
2026-04-07,253.26666259765625,255.96418954301222,245.47383916108728,255.92421782448065,62148000
2026-04-08,258.66168212890625,259.51090582044134,256.29386854025813,258.2121146377317,41032800
2026-04-09,260.2502136230469,260.879638597066,255.8342992320816,258.7615948993736,28121600
2026-04-10,260.240234375,261.94865175168746,258.78155637925676,259.7406946341393,31291500
2026-04-13,258.96142578125,259.9405042051452,256.4237552437805,259.49093671136296,36234700
2026-04-14,258.59173583984375,261.68888841493145,256.9532612999924,259.01136264890187,48370700
2026-04-15,266.18475341796875,266.3146386359468,257.57269269729437,257.92237663273806,49913500
2026-04-16,263.15753173828125,266.91408037974617,261.0294875448873,266.55439590858066,43323100
2026-04-17,269.98126220703125,272.0493335842862,266.47448343207725,266.7142527536172,61436200
2026-04-20,272.79864501953125,274.0275237795767,270.04120633500696,270.08114756253855,36590200
2026-04-21,265.9250183105469,272.5488901425708,265.1557075406741,271.250098918132,50209800
2026-04-22,272.9185791015625,273.48803128351057,266.62435952726383,267.5734973129919,43249200
2026-04-23,273.1783142089844,275.5161566987003,271.39995382845746,274.79681820267325,33399600
2026-04-24,270.81048583984375,272.80864483253174,269.4017800912603,272.50893317942314,38157100
2026-04-27,267.3636474609375,268.1129570778125,264.8260075108844,265.84505761361925,41466800
2026-04-28,270.4608154296875,272.97851539952296,268.4127145556596,272.0893199684016,40018900
2026-04-29,269.92132568359375,270.7905199823619,266.7942019267937,267.3037117460274,30047900
2026-04-30,271.1002502441406,275.7459641951834,267.893213328058,270.25102650288807,91848200
2026-05-01,279.88214111328125,286.95561044034525,278.1137509144006,278.6032901046287,79915400
2026-05-04,276.5751647949219,280.3716851917065,274.60697695873915,279.4025768563376,46668400
2026-05-05,283.9184265136719,284.30808218316156,276.2455026895375,276.6750995896243,49311700
2026-05-06,287.245361328125,287.76487170009636,280.8112868075762,281.66051049385584,58336100
2026-05-07,287.1754150390625,291.8611003514943,285.5169394038565,289.00371711581823,45224300
2026-05-08,293.0500183105469,294.4886952888782,289.7330669166447,289.7430674686918,52692800
2026-05-11,292.67999267578125,293.8800048828125,290.2300109863281,291.9800109863281,42247300
2026-05-12,294.79998779296875,295.2699890136719,292.55999755859375,292.55999755859375,45748100
2026-05-13,298.8699951171875,300.9200134277344,293.5,293.5,52684300
2026-05-14,298.2099914550781,300.45001220703125,295.3800048828125,299.82000732421875,35324900
2026-05-15,300.2300109863281,303.20001220703125,296.5199890136719,297.8999938964844,54862800
2026-05-18,297.8399963378906,300.6600036621094,294.9100036621094,300.239990234375,34483000
2026-05-19,298.9700012207031,300.510009765625,296.3500061035156,296.9700012207031,42243600
2026-05-20,302.25,302.79998779296875,298.0799865722656,298.17999267578125,38229800
2026-05-21,304.989990234375,305.5400085449219,300.3999938964844,301.05999755859375,42965100
2026-05-22,308.82000732421875,311.3999938964844,305.8399963378906,306.1199951171875,43670200
2026-05-26,308.3299865722656,311.82000732421875,307.6700134277344,309.55999755859375,48000500
2026-05-27,310.8500061035156,313.260009765625,308.29998779296875,308.3299865722656,50430900
2026-05-28,312.510009765625,312.79998779296875,309.57000732421875,310.67999267578125,48220400
2026-05-29,312.05999755859375,315.0,309.5299987792969,311.7799987792969,70026800
2026-06-01,306.30999755859375,310.94000244140625,305.0199890136719,309.6300048828125,48849900
2026-06-02,315.20001220703125,315.45001220703125,306.69000244140625,307.4599914550781,44534700
2026-06-03,310.260009765625,316.94000244140625,308.8500061035156,314.17999267578125,50836700
2026-06-04,311.2300109863281,313.5400085449219,309.6499938964844,313.2300109863281,44869100
2026-06-05,307.3399963378906,315.1700134277344,307.1499938964844,312.8599853515625,65310500
2026-06-08,301.5400085449219,317.3999938964844,301.1700134277344,308.739990234375,77949100
2026-06-09,290.54998779296875,300.75,287.7799987792969,300.2799987792969,70108800
2026-06-10,291.5799865722656,294.75,287.3800048828125,290.739990234375,52793300
2026-06-11,295.6300048828125,297.0,289.5899963378906,293.7200012207031,42572500
2026-06-12,291.1300048828125,297.1400146484375,289.6199951171875,296.0299987792969,38742100
2026-06-15,296.4200134277344,297.7799987792969,291.70001220703125,294.1199951171875,45732600
2026-06-16,299.239990234375,300.4800109863281,293.9700012207031,295.25,39874400
2026-06-17,295.95001220703125,302.07000732421875,294.3599853515625,300.8500061035156,42745100
2026-06-18,298.010009765625,300.57000732421875,295.6199951171875,298.1099853515625,85962200
2026-06-22,297.010009765625,302.4200134277344,296.760009765625,297.30999755859375,44879900
2026-06-23,294.29998779296875,301.6400146484375,294.17999267578125,297.5400085449219,52010900
2026-06-24,293.0799865722656,299.70001220703125,292.94000244140625,295.3599853515625,53081900
2026-06-25,275.1499938964844,288.79998779296875,273.75,287.3999938964844,107013700
2026-06-26,283.7799987792969,285.95001220703125,274.2099914550781,275.0,261775500
2026-06-29,281.739990234375,288.3699951171875,279.8500061035156,286.7300109863281,66427000
2026-06-30,289.3599853515625,289.94000244140625,280.70001220703125,281.1700134277344,65100200
2026-07-01,294.3800048828125,296.5899963378906,289.20001220703125,293.44000244140625,50164200
2026-07-02,308.6300048828125,309.4200134277344,293.67999267578125,294.1199951171875,75352800
2026-07-06,312.6600036621094,314.20001220703125,307.0,307.3599853515625,53590000
2026-07-07,310.6600036621094,315.4800109863281,310.1499938964844,315.2900085449219,42490000
2026-07-08,313.3900146484375,314.82000732421875,307.04998779296875,311.9100036621094,41323500
2026-07-09,316.2200012207031,316.5299987792969,308.1600036621094,310.510009765625,48124500
2026-07-10,315.32000732421875,316.9100036621094,312.1700134277344,314.7200012207031,34132300
2026-07-13,317.30999755859375,323.45001220703125,315.7799987792969,317.0199890136719,43257800
2026-07-14,314.8599853515625,316.19000244140625,311.9100036621094,313.760009765625,36336800
2026-07-15,327.5,328.7300109863281,317.32000732421875,317.6199951171875,60957600
2026-07-16,333.260009765625,334.67999267578125,326.7900085449219,328.010009765625,62970600
2026-07-17,333.739990234375,334.989990234375,329.0,331.9800109863281,63407100
2026-07-20,326.5899963378906,333.7099914550781,323.67999267578125,333.510009765625,53468000
2026-07-21,327.739990234375,329.6000061035156,322.2200012207031,323.1300048828125,41338900
2026-07-22,325.8900146484375,329.0,323.3399963378906,327.8699951171875,38755900
2026-07-23,321.6600036621094,323.29998779296875,319.3500061035156,321.7300109863281,40840800
2026-07-24,333.0199890136719,334.3699951171875,321.6199951171875,321.7900085449219,47489400
2026-07-27,336.9100036621094,339.57000732421875,334.0199890136719,334.5400085449219,49604300
2026-07-28,340.0799865722656,342.8900146484375,335.6000061035156,340.0299987792969,51859000
2026-07-29,338.19000244140625,344.57000732421875,337.3500061035156,339.7300109863281,56090800
2026-07-30,333.42999267578125,334.75,329.5899963378906,333.1000061035156,74817800
2026-07-31,308.9100036621094,310.69000244140625,300.0,304.80999755859375,132275300
