Price,Close,High,Low,Open,Volume
Ticker,MSFT,MSFT,MSFT,MSFT,MSFT
Date,,,,,
2015-01-02,39.68174743652344,40.241840426113875,39.49505193149399,39.596886137623784,27913900
2015-01-05,39.31684112548828,39.656289557164065,39.24894949680251,39.35078370258014,39673900
2015-01-06,38.739776611328125,39.673263878269296,38.64642723718378,39.35927317753471,36447900
2015-01-07,39.23197555541992,39.427159126869654,38.60399419288615,39.01981907724617,29114100
2015-01-08,40.3860969543457,40.521876936055044,39.64779350612929,39.67325124105913,29645200
2015-01-09,40.04664611816406,40.58128122227692,39.80054712239798,40.403070599989356,23944200
2015-01-12,39.54595947265625,40.34366976598798,39.342291101305875,40.2418323430624,23651900
2015-01-13,39.342288970947266,40.657658191964224,39.08770190191982,39.85995117907819,35270600
2015-01-14,39.00284194946289,39.24045938063213,38.71430904088285,39.00284194946289,29719600
2015-01-15,38.59550476074219,39.359269350152,38.536101207927075,39.2234893383959,32750800
2015-01-16,39.240455627441406,39.2743981967186,38.3324231077078,38.45123343055399,35695300
2015-01-20,39.36775207519531,39.58839660575821,38.671879147575076,39.29137562034672,36161900
2015-01-21,38.968902587890625,39.1556013352916,38.59550833033981,38.98587549558627,39081100
2015-01-22,39.9957275390625,40.004212371119095,39.10467125962379,39.35925830557058,35898000
2015-01-23,40.03816223144531,40.216372857943526,39.71568354736503,40.19091512194385,26211600
2015-01-26,39.893898010253906,39.99573543854628,39.240458983589264,39.88541317652149,42525500
2015-01-27,36.20238494873047,36.66064376463559,35.73564129723508,36.44848726511484,169164000
2015-01-28,34.95490264892578,36.31270614755077,34.92944490566601,36.27027549636744,84507100
2015-01-29,35.65077590942383,35.74412528495887,34.615454417651726,34.73426153660498,63585300
2015-01-30,34.28449249267578,35.285871454957245,34.24205860188735,35.260410473033915,78004900
2015-02-02,35.03126907348633,35.107645518621844,34.140212705072116,34.44571848561419,50352500
2015-02-03,35.30283737182617,35.5828854824379,34.83609375805763,35.32829835104152,52082400
2015-02-04,35.506507873535156,35.82049855088351,35.099167828995185,35.591369168845226,41614800
2015-02-05,36.02416229248047,36.18540001311411,35.52347299053892,35.82897876626599,36548200
2015-02-06,35.99020767211914,36.31268627165465,35.76956646438395,36.21933694779573,34616600
2015-02-09,35.947776794433594,36.27025539172886,35.820481674192216,35.845942640590124,31381100
2015-02-10,36.15146255493164,36.29573064333667,35.79504122578558,36.27027290189794,29670700
2015-02-11,35.96476745605469,36.193896843307215,35.8204993660434,36.193896843307215,38262500
2015-02-12,36.567291259765625,36.567291259765625,36.07508666908868,36.20238185281575,33268800
2015-02-13,37.229217529296875,37.229217529296875,36.618209079300314,36.81339264889306,40264900
2015-02-17,37.24632263183594,37.605280563181644,36.913000360927754,37.5796416424541,33695700
2015-02-18,37.20357131958008,37.348866084116686,37.08391872542562,37.28903978703946,27111700
2015-02-19,37.17793273925781,37.20357164957871,36.79333278300086,36.90444016153924,27603400
2015-02-20,37.48561477661133,37.50270847119983,36.99845589185008,37.18648001174585,29721100
2015-02-23,37.73347091674805,37.767655047863904,37.30613830505346,37.3488709141651,32518800
2015-02-24,37.68217849731445,37.86165735778134,37.536883757683086,37.7334595689999,25271700
2015-02-25,37.59672164916992,37.68218686065939,37.43433318293555,37.5625342604586,29759800
2015-02-26,37.65653610229492,37.80182756817521,37.51124137612682,37.59670982101623,28957300
2015-02-27,37.47706604003906,37.776200802836186,37.31468083300441,37.71637450233453,33807700
2015-03-02,37.502708435058594,37.76765255020286,37.22066736505342,37.32322627219672,31924000
2015-03-03,36.989891052246094,37.459959294777015,36.82750591591833,37.22919941034022,31748600
2015-03-04,36.801883697509766,36.93008151789403,36.64804370481752,36.759147830426095,25748700
2015-03-05,36.84461212158203,36.955719494866244,36.59675846590514,36.810424735911724,23193500
2015-03-06,36.20361328125,36.84461209073307,36.02413439706399,36.75059841036272,36248800
2015-03-09,36.622406005859375,36.861714501661076,36.05832705051637,36.05832705051637,32108000
2015-03-10,35.921573638916016,36.50274617630113,35.921573638916016,36.19506621412211,39159700
2015-03-11,35.878841400146484,36.21216027579993,35.75918880481332,36.16088245510783,32215300
2015-03-12,35.058353424072266,35.59679320605785,34.921607175028534,35.32330070797039,59992500
2015-03-13,35.36603546142578,35.442955434983,34.70794307883357,34.78486305239079,58007700
2015-03-16,35.51988983154297,35.588261357863075,35.28058133869942,35.442969826752055,35273500
2015-03-17,35.63954162597656,35.75064902151004,35.16947638988919,35.357500528150624,31673400
2015-03-18,36.32326126098633,36.60530226630405,35.323304810033946,35.40877000300337,44194800
2015-03-19,36.1437873840332,36.40018625858862,36.08396108864656,36.11814521437566,33879100
2015-03-20,36.648033142089844,36.733498331046505,36.31471434075571,36.37454062508296,71904500
2015-03-23,36.63093948364258,36.86169940636895,36.562564724188256,36.64803317350616,26246100
2015-03-24,36.665130615234375,36.89588730128561,36.53692955828297,36.56256846555793,25513300
2015-03-25,35.43440246582031,36.690760787814334,35.41730877827694,36.68221231389888,43469900
2015-03-26,35.22074890136719,35.56261625434301,34.972895233474155,35.229297378350374,37495600
2015-03-27,35.0156364440918,35.40878167783834,34.895983830367996,35.14383427581478,34401400
2015-03-30,35.00708770751953,35.50279511533415,34.96435509726049,35.126740320360526,35049700
2015-03-31,34.750694274902344,35.0669195531173,34.64813534202257,34.85325320778212,34887200
2015-04-01,34.80195617675781,34.83614029533731,34.451543694086794,34.69939404015564,36865300
2015-04-02,34.434452056884766,34.81905194134464,34.289157318182994,34.75067717953485,37487500
2015-04-06,35.511329650878906,35.7079022071696,34.34043952850032,34.47718579636725,39223700
2015-04-07,35.49424362182617,35.819017300725484,35.306219500601436,35.56261840066346,28809400
2015-04-08,35.40022277832031,35.63098271983689,35.07545242533098,35.43441016083126,24753400
2015-04-09,35.45151138305664,35.571163986974554,35.254938782293074,35.254938782293074,25723900
2015-04-10,35.65664291381836,35.85321557220536,35.39169545584115,35.57972289442432,28022000
2015-04-13,35.69081115722656,35.94721328120267,35.374586000688055,35.383134476974426,30276700
2015-04-14,35.59682083129883,35.92159138713903,35.37460596647102,35.72501870535461,24244400
2015-04-15,36.11814498901367,36.28907865774692,35.62244093600467,35.69081244732484,27343600
2015-04-16,36.03268051147461,36.18652049040821,35.7420942468543,35.853201622814936,22509700
2015-04-17,35.571163177490234,35.67372534447641,35.17801798490981,35.613895783590046,42387600
2015-04-20,36.673675537109375,36.895887005718286,35.62243796350941,35.66517056205479,46057700
2015-04-21,36.44291305541992,36.87879400698573,36.34889938899247,36.75059295998683,26013800
2015-04-22,36.74205780029297,36.861710404750646,36.36600303166717,36.46856194116105,25064300
2015-04-23,37.04118728637695,37.27194726533912,36.57966732845261,36.65658732144,46309500
2015-04-24,40.912811279296875,41.143571212872956,39.01545725926264,39.02400247445221,130933700
2015-04-27,41.049556732177734,41.13502518382313,40.35728020543437,40.36582542045488,59248200
2015-04-28,42.01533126831055,42.0580638662516,40.76752115081768,40.83589265546571,60730800
2015-04-29,41.92987823486328,42.14354454683413,41.451264522344474,41.63929192017136,47804600
2015-04-30,41.57090759277344,42.34010744341384,41.53672020823643,41.62218866957894,64725500
2015-05-01,41.588008880615234,41.77603626962137,41.365797361117195,41.51963735934239,38937300
2015-05-04,41.22905349731445,41.76749026266649,41.177772408109355,41.34015763349167,34039500
2015-05-05,40.68207931518555,41.16069320205833,40.43422878082981,40.87010678150885,50369200
2015-05-06,39.55391311645508,40.82736597920261,39.33170155008509,40.656432249531235,52433000
2015-05-07,39.912864685058594,40.24618358467297,39.45134470392072,39.54535839566609,32971700
2015-05-08,40.81024932861328,41.006821866082,40.613676791144556,40.6393156950746,35364900
2015-05-11,40.48548126220703,40.9470011575018,40.48548126220703,40.63932122730529,24609400
2015-05-12,40.4683837890625,40.750424785484356,39.67354513042203,40.04105131711764,29928300
2015-05-13,40.707706451416016,41.29742429559118,40.65642536311372,41.18631690108079,34184600
2015-05-14,41.6392822265625,41.7247474273389,41.0495612562247,41.0495612562247,32980900
2015-05-15,41.28032302856445,41.80166925300937,41.066656756925624,41.767481867077905,28642700
2015-05-18,41.032470703125,41.21195285494787,40.690606613577295,41.00683179298831,24136500
2015-05-19,40.92924880981445,41.127098917592086,40.585159668432425,40.91204402459763,28574800
2015-05-20,40.92924880981445,41.230324347415795,40.662579561169515,40.765804990993225,25047900
2015-05-21,40.79161071777344,40.94645050396768,40.4389208228815,40.67118050217287,22410700
2015-05-22,40.34429168701172,40.73138779676622,40.27547255902546,40.688377482513125,25720600
2015-05-26,40.07761764526367,40.32708203185341,39.733528609865665,40.28407172279772,29581900
2015-05-27,40.95504379272461,41.092678757513234,40.10342519207996,40.27546971843484,27335600
2015-05-28,40.81743621826172,41.307761314443546,40.765821841276775,40.8604465583432,19283700
2015-05-29,40.30989074707031,40.92064587197081,40.07763106264111,40.80021565370619,36519600
2015-06-01,40.628173828125,41.09269322842209,40.10343931462023,40.48193806218567,28837300
2015-06-02,40.36149597167969,40.7313906064297,40.10343078688306,40.3701000040098,21498300
2015-06-03,40.30127716064453,41.066875175167645,40.2754716289839,40.74859163779594,28002200
2015-06-04,39.8797721862793,40.56794705476815,39.742137212581525,40.249666793368924,27745500
2015-06-05,39.690521240234375,40.01740551992345,39.43245608531205,39.83676023962546,25438100
2015-06-08,39.33784484863281,39.93999926984605,39.28623048745079,39.82816979469046,22121600
2015-06-09,39.26903533935547,39.518496588427965,39.105591476556995,39.36365676129159,24406100
2015-06-10,40.09482955932617,40.28407889061617,39.30342594968539,39.3894498645794,28417400
2015-06-11,39.94859313964844,40.361498113529905,39.68192718984749,40.13784248323133,27347800
2015-06-12,39.544281005859375,39.974390642098086,39.484065919304044,39.75933582397873,23931000
2015-06-15,39.12278366088867,39.2690226867223,38.727083466359915,39.096978125173294,33254500
2015-06-16,39.42386245727539,39.776552331726286,38.96794387702638,39.01095419703706,27070300
2015-06-17,39.544281005859375,39.630301620516676,39.01954672461197,39.33782693661531,28704100
2015-06-18,40.189453125,40.25826897355492,39.71632980972422,39.75934340673237,32658300
2015-06-19,39.65611267089844,40.284075714952415,39.56149129418943,40.24966615170737,63837000
2015-06-22,39.7679443359375,40.18945330558351,39.7077292376276,39.8539682488636,20318100
2015-06-23,39.4926872253418,39.81096760301989,39.243222718915106,39.68193661386933,25896500
2015-06-24,39.26042175292969,39.785156230410394,39.183001858195205,39.28622729068207,34890900
2015-06-25,39.26903533935547,39.6217253275043,39.14000105624911,39.59591650199615,20616000
2015-06-26,38.93353271484375,39.810956989351595,38.735682625711135,39.2690210727402,49835300
2015-06-29,38.16794204711914,38.907731414857835,38.159341295123774,38.74429087512752,34081700
2015-06-30,37.978694915771484,38.46901980283005,37.79804631411001,38.4604157695962,35945400
2015-07-01,38.236759185791016,38.907729376505884,37.93568037808981,38.24535993733579,28343900
2015-07-02,38.19374084472656,38.49481630772715,37.90126613146466,38.26255668706536,21752000
2015-07-06,38.18513870239258,38.26255857977619,37.80664334711526,37.8152440972794,23034000
2015-07-07,38.10771942138672,38.27116321035253,37.26470478861474,38.14212898553496,36435800
2015-07-08,38.05611801147461,38.623862838050776,37.87546939460414,38.22815931290937,39785900
2015-07-09,38.29696273803711,38.89911689031127,38.279757958660575,38.49481277865305,32424700
2015-07-10,38.374393463134766,38.83030876045489,38.339983894644966,38.71847930360157,25465800
2015-07-13,39.17439651489258,39.243212367992875,38.66686688255468,38.69267241728267,28178300
2015-07-14,39.24321746826172,39.5356922652728,38.97655149080984,39.096981710494866,22880300
2015-07-15,39.3636474609375,39.47547692777613,39.07977669924235,39.29483159929036,26629600
2015-07-16,40.13784408569336,40.16364962212964,39.54429377731881,39.57870006540813,26271700
2015-07-17,40.10343933105469,40.24107434436828,39.79375973072972,40.043224217822335,29467100
2015-07-20,40.36149597167969,40.5421445543665,39.94859101970972,40.12923960239653,30631900
2015-07-21,40.671165466308594,40.714179054387465,39.98299071623526,40.241055837328254,42781900
2015-07-22,39.17439651489258,40.37010108561823,38.88192175589316,39.088372596671014,59152400
2015-07-23,39.664730072021484,39.76795551507367,38.79590635535571,38.94214540770084,33934000
2015-07-24,39.51849365234375,39.84537807217621,39.39806341384702,39.492688110230986,32333200
2015-07-27,39.01095199584961,39.57869671979606,38.92493136068195,39.51848161888332,39701400
2015-07-28,39.00235366821289,39.260418871226825,38.52923358244116,39.208807799510296,34328900
2015-07-29,39.8195686340332,40.24107442753073,38.93354015761068,39.05397366580183,40945900
2015-07-30,40.32710647583008,40.77442118039348,39.50989698252152,39.79376781953628,39777900
2015-07-31,40.17225646972656,40.74860203369661,40.00021189131789,40.67978617121958,31201500
2015-08-03,40.26687240600586,40.430312915182434,39.95719288842776,40.41310813293069,24125900
2015-08-04,40.89483642578125,41.04107216784726,40.155047119742086,40.2152622231195,33403900
2015-08-05,40.92924880981445,41.64322934818789,40.8948392393808,41.27333466971924,26959700
2015-08-06,40.10343933105469,41.09269324526194,39.853978125439625,41.04107888471526,27368000
2015-08-07,40.20665740966797,40.24106369278104,39.79374919754416,39.90557864172255,19163000
2015-08-10,40.714202880859375,40.85183791141982,40.292693753936646,40.387318452724074,23079900
2015-08-11,39.92279052734375,40.37870585410919,39.48407998593438,40.275480423450034,29237400
2015-08-12,40.20665740966797,40.34429238655034,39.32062916960329,39.73353410025042,30181400
2015-08-13,40.198062896728516,40.51634324086127,39.991612023255506,40.481936949600744,22627200
2015-08-14,40.4302978515625,40.516318449294786,40.01739307579168,40.025993822974726,21473400
2015-08-17,40.70559310913086,40.81742258116338,40.060428379022305,40.26688253650715,21099700
2015-08-18,40.93071746826172,41.069260063691594,40.437159265598034,40.55838362370967,23574100
2015-08-19,40.359230041503906,40.76620037271502,40.09080230981545,40.50643010838343,31485500
2015-08-20,39.53662872314453,40.23800243466589,39.53662872314453,39.89164431223453,36238200
2015-08-21,37.29396438598633,39.38076376180384,37.29396438598633,39.22490295339295,70053100
2015-08-24,36.09038543701172,36.964935063882564,34.39323759879483,35.0253384782394,88753700
2015-08-25,35.04264450073242,37.441165340376514,34.97337156669498,36.86101607871646,70616600
2015-08-26,36.982234954833984,37.094801804482195,35.55351558377593,36.37611008387838,63408000
2015-08-27,38.01266098022461,38.055954920579765,37.172744664247816,37.43251160949464,50943200
2015-08-28,38.03863525390625,38.22913254804704,37.571052788169276,37.57971355778429,28246700
2015-08-31,37.68361282348633,38.03862834152523,37.31993653740624,37.71824928942066,34441700
2015-09-01,36.21162033081055,36.87835788304777,36.07307767730135,36.51468135313773,49688900
2015-09-02,37.54509735107422,37.56241559653623,36.26357691494345,36.67920489667903,37671500
2015-09-03,37.66631317138672,38.08194105828318,37.47581581789037,37.58838273614883,28285200
2015-09-04,36.89566421508789,37.26799809551259,36.54064857364996,37.06884330183925,37138800
2015-09-08,38.004005432128906,38.099254095867195,37.40654104565652,37.49312893826421,32469800
2015-09-09,37.29396438598633,38.44560221445399,37.15542181218948,38.28108063717832,33469500
2015-09-10,37.48447036743164,37.91741642396529,37.016887833627386,37.33726699058973,31366600
2015-09-11,37.64897918701172,37.74422782393182,37.181396771103294,37.354575810674795,27132500
2015-09-14,37.26798629760742,37.614341058348465,37.1121254991836,37.60568359315394,23656000
2015-09-15,38.08192825317383,38.35035595164882,37.30262746595292,37.397872807557874,28882200
2015-09-16,38.35901641845703,38.42828936662372,37.96070687584647,38.07327376505936,23372200
2015-09-17,38.31572723388672,38.96514633954582,38.16852715543319,38.350363712269804,32768200
2015-09-18,37.64897918701172,38.09058590307483,37.51909738466968,37.66629742128041,63143700
2015-09-21,38.19449996948242,38.50622164508493,37.75289316134016,37.77021139921987,26177200
2015-09-22,38.01266098022461,38.14254280129006,37.50178455655562,37.56239673367602,28085900
2015-09-23,37.9866828918457,38.24644984337239,37.67496122876728,38.03863760339744,17145200
2015-09-24,38.02130889892578,38.21180615238881,37.46713867406796,37.62299946269861,27905600
2015-09-25,38.047298431396484,38.73135399656609,37.891437586089076,38.514880967318724,29384600
2015-09-28,37.48447036743164,38.177183397262226,37.41519741289044,37.95205290123589,27613800
2015-09-29,37.614356994628906,37.72692390854135,37.27665955600827,37.55374480324144,32763600
2015-09-30,38.324378967285156,38.359015440485436,37.80484508174449,37.995342381230145,34958900
2015-10-01,38.62744903564453,38.74867340719075,37.8827812640133,38.74867340719075,28657900
2015-10-02,39.458709716796875,39.458709716796875,38.02998617767158,38.333050448182576,41839000
2015-10-05,40.37654113769531,40.601671583430935,39.57126138818068,39.61455532353958,34369300
2015-10-06,40.48044967651367,40.85278348858969,40.02152798851493,40.11677663389937,27017200
2015-10-07,40.52373504638672,40.99997486949994,39.78772834731311,40.78350192234711,27711500
2015-10-08,41.08659362792969,41.14720582959625,40.26399521558989,40.31594994692576,33772700
2015-10-09,40.79218673706055,41.16452068990429,40.6276650862449,41.08659025086451,28600600
2015-10-12,40.69691467285156,40.75752683471086,40.263968772076545,40.67959644044675,19769100
2015-10-13,40.601680755615234,40.80949631664661,40.31593807520291,40.31593807520291,19987800
2015-10-14,40.41984176635742,40.783514847333116,40.289956635656914,40.393866061463754,24697800
2015-10-15,40.70558547973633,40.72290371781761,40.289957675134055,40.70558547973633,27189400
2015-10-16,41.13853454589844,41.164513556487776,40.61034310962263,40.71424924263074,26450300
2015-10-19,41.23377227783203,41.45890602662551,40.7142384474272,41.06059323332524,29387600
2015-10-20,41.36366271972656,41.398299193716475,40.714243696437585,41.07791676398375,30802200
2015-10-21,40.8701171875,41.55417289669368,40.792186748438475,41.493557396875175,25144300
2015-10-22,41.588783264160156,42.38540546013658,40.77484613843907,41.15583735200986,56637100
2015-10-23,45.77970886230469,46.81877991718949,45.24285675014195,45.28615068927968,135227100
2015-10-26,46.97465515136719,47.03526734537767,45.45934369487147,45.48531940569973,64633300
2015-10-27,46.489742279052734,47.07854912848284,46.39449692959679,46.74951253265471,50999900
2015-10-28,46.740867614746094,46.740867614746094,45.771069129236245,46.359876178360786,47000800
2015-10-29,46.204002380371094,46.610972719047055,46.082778016454725,46.359863220582476,30202100
2015-10-30,45.580562591552734,46.7495189847461,45.563244352048045,46.169369522246484,46619800
2015-11-02,46.10010528564453,46.20401143176868,45.56324970724997,45.7624045302866,30285000
2015-11-03,46.888065338134766,47.095877622536285,45.805700056119804,45.83167576589082,36596900
2015-11-04,47.104530334472656,47.520158135274244,46.81012689601534,46.914033020436705,37087800
2015-11-05,47.08721160888672,47.36429680655145,46.75817169799131,47.18246026491824,31468500
2015-11-06,47.55479431152344,47.6067490285736,46.72353865741887,46.83610555946939,32851200
2015-11-09,46.89672088623047,47.51150354848678,46.377186893388966,47.2344183118891,32513100
2015-11-10,46.33388137817383,46.870736818565675,46.126069139345226,46.818782107300535,55283700
2015-11-11,46.455116271972656,46.93135630515922,46.290594645571055,46.49841021987753,36516300
2015-11-12,46.16936111450195,46.740849701619176,46.05679422977885,46.30790370219353,35361100
2015-11-13,45.75373077392578,46.143382812081285,45.485303080281845,45.95288552606845,36848200
2015-11-16,46.55900573730469,46.66291183569652,45.76238350799314,45.961541542657514,32165200
2015-11-17,46.17546081542969,46.663626658882144,46.07085099864953,46.349803859302476,31551300
2015-11-18,46.94257354736328,47.0558991717673,46.18417076178559,46.20160572903082,29710000
2015-11-19,47.02103042602539,47.64867596120146,46.88155400991739,47.06461950793045,28149200
2015-11-20,47.238956451416016,47.3348470986519,46.43696799340617,47.29126134773912,37147600
2015-11-23,47.238956451416016,47.47432349680055,46.855397187852134,47.29126134773912,28235900
2015-11-24,47.29127502441406,47.456902255933976,46.70721847743808,47.003602999511436,24600000
2015-11-25,46.803104400634766,47.27383861319427,46.803104400634766,47.15179714891155,21005100
2015-11-27,47.0123176574707,47.143078260916276,46.89027620112432,46.89899202284323,9009100
2015-11-30,47.378448486328125,47.910203468951195,47.07334480386279,47.544079049992796,56241400
2015-12-01,48.13684844970703,48.145564271470086,47.334856506913866,47.43074717320895,39952800
2015-12-02,48.12813186645508,48.781928271063116,47.99737458076176,48.22402253785847,47274900
2015-12-03,47.2476806640625,48.61629400685883,47.01231359343523,48.37221111526611,38627800
2015-12-04,48.738338470458984,49.01729131394586,47.16050874761494,47.177943716005394,43963700
2015-12-07,48.65115737915039,48.790633773444334,48.197858266350195,48.633722414191205,30709800
2015-12-08,48.63373947143555,48.903973209632774,47.936357255373935,48.354786585010906,32878000
2015-12-09,47.92763137817383,48.70346919245212,47.51791792890677,48.267604952935756,36373200
2015-12-10,48.180442810058594,48.52041645097205,47.953791499195695,48.28504931679022,31775800
2015-12-11,47.12565231323242,48.03224758765841,47.082063220152904,47.69227394407605,39549500
2015-12-14,48.067108154296875,48.12812888224623,46.794385363667026,47.36101020934566,46768900
2015-12-15,48.119415283203125,48.729625916262705,48.023524613316276,48.52040960692955,39843000
2015-12-16,48.93013000488281,49.03473651166772,47.73585936134661,48.415809968900746,37503300
2015-12-17,48.5552864074707,49.505470767760805,48.40709080796371,49.13062718271364,41280900
2015-12-18,47.186676025390625,48.81680778274338,47.09950115912134,48.616310578395705,84684200
2015-12-21,47.796875,48.25017089128315,47.273835907520485,47.84046075969488,37246300
2015-12-22,48.25017547607422,48.3635011223535,47.5092075147126,47.936355981223365,28322200
2015-12-23,48.659881591796875,48.71218649569599,48.3286238511961,48.55527510937878,27279800
2015-12-24,48.52912521362305,48.78192728304259,48.3199122305989,48.6947557610126,9558500
2015-12-28,48.773197174072266,48.773197174072266,47.927619691474945,48.2501582189626,22458300
2015-12-29,49.296241760253906,49.55775962263323,48.86909669428969,49.06959383295984,27731400
2015-12-30,49.08702087402344,49.49673090628583,49.06958590929618,49.22649726646203,21704500
2015-12-31,48.36348342895508,48.98240969499308,48.31117853625829,48.85165245132022,27334100
2016-01-04,47.77072525024414,47.77072525024414,46.54158809237248,47.35229593324321,53778000
2016-01-05,47.9886589050293,48.28504676290984,47.54407878089883,47.88405240383049,34079700
2016-01-06,47.116920471191406,47.42202741364779,46.759511951739086,47.35228754381318,39518900
2016-01-07,45.478057861328125,46.62874212604233,45.39088637289149,45.94007606110386,56564900
2016-01-08,45.6175537109375,46.44569312036414,45.46064231590543,45.65242032342661,48754000
2016-01-11,45.591400146484375,46.070850159158944,44.859148069268194,45.774462334443335,36943800
2016-01-12,46.00983428955078,46.288787174584655,45.382191960914916,45.99239931856358,36095500
2016-01-13,45.01605987548828,47.13436042793127,44.719672048077896,46.89899333039534,66883600
2016-01-14,46.29751968383789,46.56775349867498,44.95505645882601,45.32990012977584,52381900
2016-01-15,44.449440002441406,45.303733578067025,43.88281511766029,44.7283928709975,71820700
2016-01-19,44.074581146240234,45.05091584691796,43.63871702490812,44.876569533309244,43564500
2016-01-20,44.27510070800781,44.789420765158724,42.801877102155004,43.568999276040316,63273000
2016-01-21,44.004859924316406,44.96376339251828,43.84794850816302,44.458159201494986,40191200
2016-01-22,45.58269119262695,45.6175611361722,44.68480843593153,44.81556906153578,37555800
2016-01-25,45.14681625366211,45.89650323661674,45.024774805344855,45.27757352312485,34707700
2016-01-26,45.478057861328125,45.713424870562,44.93758731718689,45.1468035449656,28900800
2016-01-27,44.64993667602539,45.504230242221155,44.47559030375717,45.33859969214514,36775200
2016-01-28,45.38219451904297,45.51295182074656,44.67609311847244,45.207848124723974,62513800
2016-01-29,48.02352523803711,48.02352523803711,47.07334099965841,47.70970243264518,83611700
2016-02-01,47.69226837158203,48.02352615307198,47.50920617340884,47.840463954898794,44208500
2016-02-02,46.20161437988281,47.299990918954066,45.896510709413185,47.22153521435036,56313800
2016-02-03,45.46934127807617,46.54156652963732,44.68478459382212,46.41952511772649,57559800
2016-02-04,45.32987976074219,46.0359810079983,44.780689901765214,45.41705127628386,46987100
2016-02-05,43.725887298583984,45.32986735333246,43.202851697735696,45.277562463095926,62009000
2016-02-08,43.072105407714844,43.21158183585156,42.008595564809674,43.194146866661924,59290500
2016-02-09,42.95878219604492,43.79564413749322,42.427027244570446,42.73213423454427,46740500
2016-02-10,43.333621978759766,43.926397611683335,43.16799476455886,43.49053337132072,38237000
2016-02-11,43.316184997558594,43.682312671650024,42.2875451720647,42.43574073610031,48878600
2016-02-12,44.02229309082031,44.17920450054081,43.368496658778426,43.80436094680635,34243300
2016-02-16,44.85636901855469,44.85636901855469,44.013502057075556,44.68955264573764,37291200
2016-02-17,46.02409744262695,46.33139503912442,45.17245195059112,45.2075722500633,40789000
2016-02-18,45.82217025756836,46.48944268904618,45.74315124197906,45.945091331240334,27176000
2016-02-19,45.49730682373047,45.901180224119116,45.242689673776525,45.62900627350144,33559100
2016-02-22,46.226051330566406,46.533345669815176,45.901193487066735,45.901193487066735,25008300
2016-02-23,44.935386657714844,45.98019025471502,44.759788542026406,45.953851709601174,28895300
2016-02-24,45.093441009521484,45.2163587303832,44.07497558762292,44.505187610638934,33014500
2016-02-25,45.74313735961914,45.74313735961914,44.43493814764021,45.41828299378794,26939500
2016-02-26,45.04075241088867,46.25237594617397,44.865154263139836,46.182135347372,35975900
2016-02-29,44.67200469970703,45.34805547301472,44.4788463789744,45.084656545013324,31654000
2016-03-01,46.164573669433594,46.17335206872831,44.70711154158489,44.75101358582572,33024500
2016-03-02,46.489437103271484,46.4982155042792,45.79582619968787,46.015323066701185,29289900
2016-03-03,45.962646484375,46.507001171884276,45.46219385337142,46.507001171884276,24427800
2016-03-04,45.68169021606445,46.050446721100684,45.4007344737781,46.00654801435406,33034200
2016-03-07,44.80369186401367,45.47974250226667,44.408600249452064,45.26902742106792,38407800
2016-03-08,45.34805679321289,45.769490401325044,44.42616721688243,44.601765390909975,33835100
2016-03-09,46.39285659790039,46.401634998653044,45.53242930611979,45.55876785763404,28251600
2016-03-10,45.69925308227539,46.48066149623854,44.91784466831224,46.471883094070606,38387800
2016-03-11,46.59479522705078,46.59479522705078,45.988985072475124,46.533336371481795,32275700
2016-03-14,46.68259048461914,47.05134695030143,46.20847981339374,46.27871706684124,24083600
2016-03-15,47.05134582519531,47.05134582519531,46.30505786022264,46.31383626072256,21104800
2016-03-16,47.71861267089844,47.93810951547342,46.88452734091835,46.928426039982135,31691700
2016-03-17,47.990787506103516,48.289303333407545,47.41131600007286,47.59569253625173,28223900
2016-03-18,46.96355438232422,48.2629755228476,46.92843407735576,48.219073467008705,67625500
2016-03-21,47.28840637207031,47.349865227942146,46.471877744908554,46.75283347153879,23925700
2016-03-22,47.472782135009766,47.63082014721754,46.93720924355634,47.06890870348162,23124100
2016-03-23,47.384979248046875,47.62203623894401,47.183042555635836,47.507896943492206,20129000
2016-03-24,47.595703125,47.70106403990433,47.17426951315255,47.27084867718654,19950000
2016-03-28,47.0074462890625,47.665936840312604,46.823069738533945,47.59569624053631,17025100
2016-03-29,48.03469467163086,48.16639413455256,46.92843191026313,47.11280847894834,23924300
2016-03-30,48.33320999145508,48.85122273741754,48.201513879316,48.22785243189253,23008300
2016-03-31,48.49124526977539,48.80732127988791,48.166390859051404,48.24540986157954,26360500
2016-04-01,48.78976058959961,48.824880890169375,47.91177317089275,48.3332067299613,24399200
2016-04-04,48.666847229003906,48.868783951412894,48.28931233733513,48.666847229003906,18928800
2016-04-05,47.902992248535156,48.55270102859097,47.815191501733,48.456121881736614,19272300
2016-04-06,48.3946647644043,48.464905364358124,47.59569636083829,47.72739581112364,21188700
2016-04-07,47.81521224975586,48.210307408665564,47.61327546837034,48.17518709470526,19225100
2016-04-08,47.78007507324219,48.53514481062193,47.69227766858439,47.99957193414298,22167200
2016-04-11,47.683494567871094,48.42100408177498,47.67471281871711,47.84153256008307,21414200
2016-04-12,47.982017517089844,48.096153478965725,47.200605840075355,47.736178743169674,24944300
2016-04-13,48.59659957885742,48.675618576109876,48.192726192569786,48.3946628857136,20818000
2016-04-14,48.605384826660156,48.79854313368176,48.35076766726918,48.48246712192142,20877100
2016-04-15,48.86000442504883,49.09705809644609,48.38589038374145,48.552706798606,28793800
2016-04-18,49.571170806884766,49.68531011359953,48.47368649031759,48.719525254722946,23786000
2016-04-19,49.50972366333008,49.84335991227122,48.88635322789944,49.720442175623724,29596800
2016-04-20,48.80732345581055,49.60629191732284,48.719526048756784,49.42191535295609,36195700
2016-04-21,48.974143981933594,49.36923904536978,48.65806793118465,48.99170413467039,38909100
2016-04-22,45.462181091308594,46.032874173112006,44.57541539648554,45.576320377520425,126834100
2016-04-25,45.75193405151367,45.76949420530154,45.33050040837549,45.46219653789918,33226900
2016-04-26,45.16366958618164,45.96263796738717,44.85637534312415,45.883618969278665,33532600
2016-04-27,44.72468185424805,45.21635605789144,44.38226726658389,45.19879590605527,43369300
2016-04-28,43.81158447265625,44.575432779867675,43.51306854178809,44.44373329447462,43134800
2016-04-29,43.78522491455078,44.11886102025676,43.32867112496779,43.32867112496779,48411700
2016-05-02,44.4349479675293,44.557865681804955,43.70621673395714,43.89937505596547,33114500
2016-05-03,43.706207275390625,44.259340219182775,43.548169291450016,44.1978813753454,26460200
2016-05-04,43.78522491455078,43.952044642031616,43.425250262087076,43.758886367793046,24257600
2016-05-05,43.8466796875,44.16275561628362,43.66230317879469,43.785220851264896,25390700
2016-05-06,44.24179458618164,44.24179458618164,43.60086404070002,43.8291393428106,24787300
2016-05-09,43.960838317871094,44.4173922661095,43.89937945457524,44.32959484690309,17951600
2016-05-10,44.79490280151367,44.86514002877538,44.066171891800096,44.189092900704395,22891000
2016-05-11,44.821258544921875,45.462188979970655,44.77735984237865,44.89149914839609,24039100
2016-05-12,45.22511672973633,45.488515554763126,44.70710417604158,44.952942856116245,24102800
2016-05-13,44.847599029541016,45.56754844613373,44.81247872891302,45.16367168742428,22592300
2016-05-16,45.5060920715332,45.620228030902204,44.557863998503265,44.60176270204953,20032000
2016-05-17,44.657318115234375,45.73595570035358,44.52470089631952,45.72711590149862,27803500
2016-05-18,44.92256546020508,45.21432607998232,44.47165808507359,44.63080146774562,24907500
2016-05-19,44.48933410644531,44.75457191189463,44.04726997313589,44.62195469551081,23842400
2016-05-20,44.75458908081055,45.285068267895184,44.56008308096086,44.63081161562902,23905800
2016-05-23,44.232940673828125,44.807625455631424,44.18873493046219,44.7368935681003,26118700
2016-05-24,45.612186431884766,45.71828090051369,44.56007480066558,44.82531265857907,34757900
2016-05-25,46.08076858520508,46.40789850252183,45.7890079839584,45.90394224094667,24040200
2016-05-26,45.87741470336914,45.95698638138432,45.40882780654731,45.91278064308292,24335200
2016-05-27,46.25759506225586,46.25759506225586,45.77132514366079,45.903942372723805,17721400
2016-05-31,46.85881805419922,46.85881805419922,46.04542132195762,46.20456137474492,37653100
2016-06-01,46.72618103027344,46.814595887145316,46.36368854880357,46.36368854880357,25324800
2016-06-02,46.399051666259766,46.628926907447344,45.833210107462236,46.54051205595915,22840800
2016-06-03,45.78901672363281,46.34601526123951,45.621030146817105,46.31065268378383,23368300
2016-06-06,46.089595794677734,46.284101670582835,45.877403580522106,45.96581840837063,18243300
2016-06-07,46.06308364868164,46.62008542889792,46.06308364868164,46.18686444526003,20866800
2016-06-08,46.010040283203125,46.36368960066817,45.85973670945192,45.99235731142757,21149400
2016-06-09,45.638710021972656,45.9746797801014,45.52377575085374,45.9746797801014,20305700
2016-06-10,45.51493453979492,46.018887512372984,45.12591921597332,45.13475901694725,25833200
2016-06-13,44.330196380615234,44.84299245929007,43.375339485150576,43.83508664692323,83217800
2016-06-14,44.05612564086914,44.294837372606096,43.82625033764318,44.118014367272444,42577100
2016-06-15,43.93233871459961,44.312514194101624,43.93233871459961,44.01191040502287,33757600
2016-06-16,44.551231384277344,44.62196327809863,43.773197415654856,43.78204058872368,31188600
2016-06-17,44.32136154174805,44.58659941058316,44.04728049943168,44.568916436303155,45710500
2016-06-20,44.268310546875,44.94025004733433,44.23294459997034,44.772263485878334,35607900
2016-06-21,45.25852966308594,45.47072195407015,44.34787852895156,44.38324447289593,34097800
2016-06-22,45.081703186035156,45.49724119070854,45.04633724483859,45.16127486738653,28816800
2016-06-23,45.89511489868164,46.02773553604296,45.223178655335445,45.33811294352016,29028800
2016-06-24,44.05612564086914,45.03750546212838,43.782044586309766,44.03844266579925,133503000
2016-06-27,42.81834411621094,43.454917724261556,42.47353453607772,43.41070860050489,50216300
2016-06-28,43.711307525634766,43.737833671449344,43.03052824288607,43.25156034614153,38140700
2016-06-29,44.68385696411133,44.843000370210866,44.02960036429291,44.12685504276293,31304000
2016-06-30,45.24085235595703,45.355790001827174,44.6484878977849,44.84299724115245,28527800
2016-07-01,45.23201370239258,45.72712687412061,45.152442002877045,45.205490926781586,21400400
2016-07-05,45.24085235595703,45.33810702764081,44.86068021533882,44.940251912836224,24806400
2016-07-06,45.42650604248047,45.56796641391227,44.55121767552779,44.89602712010023,28167500
2016-07-07,45.42650604248047,45.62985511562111,45.152425097283285,45.461868605827455,19585200
2016-07-08,46.23991775512695,46.29296667686011,45.576821410533306,45.73596480305037,28391000
2016-07-11,46.496315002441406,46.708507312970575,46.390220533518004,46.416743307578265,22269200
2016-07-12,47.04447555541992,47.212462124936984,46.67314321314904,46.80576046138186,27317600
2016-07-13,47.3097038269043,47.61915075536873,47.017943241835226,47.35391294002908,25356800
2016-07-14,47.5130615234375,47.734093622616214,47.3716011148704,47.60147301403612,24545500
2016-07-15,47.47769546508789,47.742933308934425,47.04447106774889,47.69872756374036,32024400
2016-07-18,47.70757293701172,48.04354271056322,47.345080387781756,47.477701011539146,31433900
2016-07-19,46.93838882446289,47.65453422470036,46.79692837940546,47.48654762747507,53336500
2016-07-20,49.431610107421875,50.25384964615728,49.09564042953347,49.643802370478134,89893300
2016-07-21,49.334346771240234,49.71452211993794,49.298980838179745,49.49349009733141,32776700
2016-07-22,50.015140533447266,50.068189448659204,49.31667832689245,49.581919530270135,32157200
2016-07-25,50.15660095214844,50.16544412436118,49.741059547881754,49.92672906484725,25610600
2016-07-26,50.18313980102539,50.65173027064885,49.96210764244097,49.97095081748687,28079000
2016-07-27,49.67916488647461,50.21848365570663,49.60843638064898,50.05050050327436,32327500
2016-07-28,49.696861267089844,49.83832168959662,49.26364019871143,49.511195094927665,37550400
2016-07-29,50.112403869628906,50.18313239614421,49.555401967834534,49.74106814420513,30558700
2016-08-01,50.023983001708984,50.174283200338074,49.63496437432647,50.0416626005155,26003400
2016-08-02,50.023983001708984,50.30690380016065,49.78526794563752,50.26269468509849,35122000
2016-08-03,50.368797302246094,50.492574741750126,49.94441606422557,50.11239925031215,22075600
2016-08-04,50.7401123046875,50.855049904723195,50.103538978558866,50.21847657859456,26587700
2016-08-05,51.244083404541016,51.46511551381458,50.79317938560315,50.970005747558474,29335200
2016-08-08,51.33250427246094,51.35902704941585,51.084945987711805,51.33250427246094,19473500
2016-08-09,51.456275939941406,51.72151379770084,51.297132550749275,51.42974979328782,16920700
2016-08-10,51.29712677001953,51.56236459788902,51.120300427212555,51.420904198179834,15756900
2016-08-11,51.544681549072266,51.67730214914919,51.30596649254298,51.30596649254298,18162300
2016-08-12,51.226402282714844,51.44743439997787,50.943481442432756,51.30597397983683,21655200
2016-08-15,51.38554000854492,51.72150973407451,51.24407960400858,51.2882853480483,19283900
2016-08-16,51.100860595703125,51.260995879858484,50.94962360161379,51.252100983495765,20523500
2016-08-17,51.20760726928711,51.314362968211405,50.9140248551172,51.18981408718265,18856400
2016-08-18,51.243202209472656,51.33216814077613,50.94962312042935,51.08306692682966,14214300
2016-08-19,51.26099395751953,51.358854782356076,50.88734723763802,51.091963783340255,17271000
2016-08-22,51.30547332763672,51.37664606805045,50.94072151727401,51.24319887662624,15221900
2016-08-23,51.501197814941406,51.759193922638005,51.46561144276879,51.51009610483618,18732400
2016-08-24,51.55457305908203,51.63464069291869,51.34995652676679,51.421125871453285,18151500
2016-08-25,51.750301361083984,51.857060489419204,51.40334267825356,51.49230861853291,18552600
2016-08-26,51.62574768066406,52.22180754764128,51.32327029899725,51.848157420310145,20971200
2016-08-29,51.688011169433594,52.1328305543468,51.688011169433594,51.75918389999695,16417200
2016-08-30,51.501197814941406,51.76808881882954,51.25209999713958,51.581265455478174,16930200
2016-08-31,51.11864471435547,51.42112204258194,50.97630264187846,51.28767825859252,20860300
2016-09-01,51.23429870605469,51.4389152231231,50.718306572288746,50.718306572288746,26075400
2016-09-02,51.30547332763672,51.76808595921678,51.083063604398404,51.30547332763672,18900500
2016-09-06,51.25209426879883,51.42112442717174,50.89623737425255,51.40333124307414,16278400
2016-09-07,51.29658508300781,51.45672037599865,51.07417533093204,51.127554893163484,17493400
2016-09-08,51.09196090698242,51.412231445252196,50.86955118803986,51.26988936087707,20146100
2016-09-09,50.00659942626953,51.17202755274183,50.00659942626953,50.52259159322309,35113900
2016-09-12,50.75389862060547,50.89624070900976,49.47281982496683,49.81977845334585,29303000
2016-09-13,50.291290283203125,50.39804940390823,49.86426398149281,50.26460219987854,30130200
2016-09-14,50.05107498168945,50.380243765285385,49.84645847479882,50.16672897035025,24062500
2016-09-15,50.878456115722656,51.02079822816463,49.80199367827375,49.95323408170166,26847000
2016-09-16,50.93183135986328,51.269895120873116,50.48701187200421,51.269895120873116,44607000
2016-09-19,50.64713668823242,51.376640226005904,50.57596395591175,50.949614013189915,20937100
2016-09-20,50.5403938293457,51.0207963198038,50.48701426653768,51.0207963198038,17384000
2016-09-21,51.385528564453125,51.465596181246774,50.780577385426085,51.16311889488213,33707300
2016-09-22,51.43891525268555,51.599050508518545,51.26988510206303,51.527877775391566,19822200
2016-09-23,51.09196090698242,51.51898716010779,51.04747964193451,51.48340079058826,19955300
2016-09-26,50.62045669555664,50.83396813921532,50.558182241680925,50.780591975152255,21688700
2016-09-27,51.55457305908203,51.652433877516046,50.42473128992165,50.647141006834254,28065100
2016-09-28,51.62574768066406,51.65243915713984,51.30547711258117,51.49230387309839,20536400
2016-09-29,51.065269470214844,51.750288373073566,50.89623592295902,51.43002124955768,25463500
2016-09-30,51.243202209472656,51.394442595836935,51.011897575490146,51.21651412693325,29910800
2016-10-03,51.08306121826172,51.198715219180194,50.762794082469085,51.074166322977014,19189500
2016-10-04,50.92293930053711,51.243206498928686,50.68273635646576,50.94962738531052,20085900
2016-10-05,51.27878189086914,51.563466046486646,50.94071818343478,50.96740965619462,16726400
2016-10-06,51.367759704589844,51.474515439239624,50.9585231666424,51.367759704589844,16212600
2016-10-07,51.42112350463867,51.58125876494127,51.08305980025511,51.465604767233216,20089000
2016-10-10,51.6346321105957,51.94600430503821,51.48339176350764,51.51897812678747,18196500
2016-10-11,50.878456115722656,51.61685815718666,50.61156507910692,51.501204130295164,26497400
2016-10-12,50.80728530883789,50.94962741722449,50.17564241497882,50.80728530883789,22177500
2016-10-13,50.638240814208984,50.976304521445265,50.10445887116461,50.44252257840089,25313700
2016-10-14,51.08306121826172,51.36774877291555,50.81617024158307,50.81617024158307,27402500
2016-10-17,50.9051513671875,51.118662854820414,50.593775639975625,51.02970030059068,23830000
2016-10-18,51.29658508300781,51.55458120990455,51.07417533093204,51.18093106169144,19149500
2016-10-19,51.18092346191406,51.45671273526975,51.06527285147396,51.12754730131186,22878400
2016-10-20,50.93183135986328,51.17203429055158,50.406944228441446,51.15424110379281,49455600
2016-10-21,53.07585906982422,53.77867464751115,52.92462207887306,53.62743426285676,80032200
2016-10-24,54.26797103881836,54.26797103881836,53.31605771996155,53.32495261542714,54067000
2016-10-25,54.25907897949219,54.59713932410233,54.09004541348398,54.134526680542876,35137200
2016-10-26,53.938812255859375,54.44590620247633,53.79647015494415,54.09894754360193,29911600
2016-10-27,53.467288970947266,54.116728262559505,53.45839407643457,53.921006646254305,28479900
2016-10-28,53.262672424316406,53.840938984627904,53.00467975919064,53.387221309625936,33574700
2016-10-31,53.30716323852539,53.75198270504327,53.30716323852539,53.520678075683385,26434700
2016-11-01,53.200408935546875,53.396130592019276,52.71110818806917,53.3516493229219,24533000
2016-11-02,52.871246337890625,53.31606584038427,52.7555923170053,53.21820500684311,22147000
2016-11-03,52.67551040649414,53.05805534654334,52.5865478875675,52.96019453950249,21600400
2016-11-04,52.2307014465332,52.73779537174589,52.06167126936338,52.177325282007594,28697000
2016-11-07,53.751983642578125,53.84094957365535,53.1826152584969,53.1826152584969,31664800
2016-11-08,53.79646682739258,54.07225272189908,53.51178264317111,53.867636176596356,22935400
2016-11-09,53.529563903808594,53.90321395711249,52.66661659266644,53.37832693978979,49632500
2016-11-10,52.22180938720703,53.814263993657605,51.26989593948594,53.80536570328446,57822400
2016-11-11,52.50648880004883,52.59545133343984,51.60795160176532,51.80367324766927,38767800
2016-11-14,51.705814361572266,52.55987032515247,50.958517514504116,52.50649076689645,41328400
2016-11-15,52.72685241699219,53.282157222670634,52.23424618074096,52.24320458350038,35904100
2016-11-16,53.42545700073242,53.43441198620581,52.67311180568288,52.78954369998353,27332500
2016-11-17,54.31214904785156,54.58980143836419,53.71206592153548,54.106150209714876,32132700
2016-11-18,54.05241394042969,54.75997744629644,54.00763217528248,54.43754327062908,27686300
2016-11-21,54.50918960571289,54.60771152596042,54.11510192472279,54.18675547276798,19652600
2016-11-22,54.742069244384766,54.86745956533106,54.46442022418368,54.61667892343847,23206700
2016-11-23,54.097198486328125,54.72415002427894,53.96284977583601,54.643541481309605,21848900
2016-11-25,54.213619232177734,54.213619232177734,53.85536177232196,54.00762042401916,8409600
2016-11-28,54.285282135009766,54.6524980592458,53.927021196747006,54.04345651417683,20732600
2016-11-29,54.715171813964844,55.00177908584225,54.20465239739396,54.321087669290456,22366700
2016-11-30,53.9717903137207,54.7957889120018,53.93596696159183,54.50918159519848,34655400
2016-12-01,53.02241516113281,53.87328229300458,52.78954453558674,53.83745551728528,34542100
2016-12-02,53.06718826293945,53.26423208061252,52.66414564343947,52.91492961592214,25515700
2016-12-05,53.93597412109375,54.26736323451855,53.34484602464152,53.47023631530879,23552700
2016-12-06,53.694156646728516,54.15093611991413,53.55980793404645,54.12406774402959,19907000
2016-12-07,54.96595764160156,54.97491604156796,53.5597895101858,53.74787490993806,30809000
2016-12-08,54.64353561401367,55.154058609089,54.49127694732556,54.90327460420672,21220800
2016-12-09,55.50337219238281,55.521285583207536,54.75102686089413,54.795808629640966,27349400
2016-12-12,55.68247985839844,55.798915149858885,55.27944066353237,55.369004169807326,20198100
2016-12-13,56.4079704284668,56.80205473625283,55.745192119161686,55.97805934271034,35718900
2016-12-14,56.1392707824707,56.82892081422815,56.00492208690434,56.42587814415831,30352700
2016-12-15,56.04971694946289,56.56023661423419,55.79893290217482,56.15719387451215,27669900
2016-12-16,55.79892349243164,56.38109662014663,55.63770642372993,56.38109662014663,42453100
2016-12-19,56.98118209838867,57.11553080012778,55.90640273436405,56.03179645041428,34338200
2016-12-20,56.90953063964844,57.14239784506793,56.45274779766076,57.04387592163415,26028400
2016-12-21,56.90953063964844,57.05283432374412,56.53335633350392,56.81100871621465,17096300
2016-12-22,56.918487548828125,57.41109376601655,56.793097248085196,57.17822655272674,22176600
2016-12-23,56.64082717895508,56.90952111458397,56.246739551179196,56.82891259223243,12403800
2016-12-27,56.676658630371094,57.38422204805043,56.6139634836531,56.6139634836531,11763200
2016-12-28,56.416927337646484,56.7841432605475,56.27362364618827,56.7841432605475,14653300
2016-12-29,56.33631134033203,56.60500529917004,56.18404926645876,56.300484568052546,10250600
2016-12-30,55.65562057495117,56.41692416907698,55.557098651988944,56.390052379504986,25579900
2017-01-03,56.04971694946289,56.282584189841266,55.646674209740844,56.23780242245656,20694100
2017-01-04,55.79892349243164,56.20196616418592,55.63770642372993,55.96014056113335,21340000
2017-01-05,55.79892349243164,56.12135762983507,55.55709788937907,55.70040157082179,24876000
2017-01-06,56.28256607055664,56.56021840556378,55.566047773183584,55.798914938594045,19922900
2017-01-09,56.10346221923828,56.49755003195125,56.013898670874624,56.210939160600745,20382700
2017-01-10,56.085533142089844,56.48857583027736,55.78101237952921,56.18405506771673,18593000
2017-01-11,56.596046447753906,56.631873219748506,55.91535486300164,56.076571920348314,21517300
2017-01-12,56.07657241821289,56.784135796557585,55.48544434156989,56.47961506515791,20968200
2017-01-13,56.15718460083008,56.30944326812036,55.84370544764475,56.08553105154339,19422300
2017-01-17,56.00492477416992,56.15718686422636,55.55710032296657,56.139273476182694,20664000
2017-01-18,55.978057861328125,56.157188329810275,55.63771031287499,56.13031653872877,19670100
2017-01-19,55.79892349243164,56.407964992720494,55.709359972765924,55.74518674728392,18451700
2017-01-20,56.19300842285156,56.26465855174416,55.861615899757346,56.13030986220552,30213500
2017-01-23,56.39004898071289,56.533352655485345,56.04074648699435,56.157181790443566,23097600
2017-01-24,56.89162063598633,57.088664494574125,56.372142614847434,56.60501325074747,24672900
2017-01-25,57.0349235534668,57.411094460244335,56.82892471166536,57.27674917209357,23672700
2017-01-26,57.5633544921875,57.805183533137836,56.91848957729502,57.42901261750302,43554600
2017-01-27,58.91578674316406,59.032225479763156,58.11865972560358,58.56648419988516,44818000
2017-01-30,58.3336067199707,58.924738236672994,58.03804779487795,58.835174718970386,31651400
2017-01-31,57.90369415283203,58.35151853632917,57.55439168036489,58.091779573909896,25270500
2017-02-01,56.94536209106445,57.87683782249194,56.84684015954025,57.643967181320264,39671500
2017-02-02,56.578128814697266,56.793086013899995,56.201957986878455,56.649782353307764,45827000
2017-02-03,57.0349235534668,57.05283694187946,56.48857716508367,56.87370647438228,30301800
2017-02-06,56.99909973144531,57.00805813443079,56.55127524780211,56.87370942268596,19796400
2017-02-07,56.81100845336914,57.124484193181445,56.63187799492097,57.08866083479526,20277200
2017-02-08,56.730411529541016,57.15136768056157,56.622934599125344,56.93641040310022,18096400
2017-02-09,57.375267028808594,57.715617988136614,56.71248874824918,56.89161921370261,22644400
2017-02-10,57.321529388427734,57.59022679073951,57.30361600049832,57.54544161260128,18170700
2017-02-13,57.966407775878906,58.0917980965784,57.437971281565346,57.536493224009234,22920100
2017-02-14,58.18265914916992,58.31782234714602,57.68706304815286,58.03849011276503,23108400
2017-02-15,58.1466064453125,58.18265041767605,57.81321173164808,58.11957518471104,17005200
2017-02-16,58.137611389160156,58.78638933935953,58.065530297227795,58.335849860019614,20546300
2017-02-17,58.227725982666016,58.290801236083745,57.93938098494398,58.09256276114603,21248800
2017-02-21,58.110572814941406,58.525068258863136,58.07452883616308,58.21870475127639,20655900
2017-02-22,57.993438720703125,58.02046998783101,57.71410646079971,57.966407453575236,19292700
2017-02-23,58.227725982666016,58.32684522013488,57.84026174747512,58.047506062410356,20273100
2017-02-24,58.227725982666016,58.38992047355261,57.79520504873945,58.14662529987922,21796800
2017-02-27,57.87629318237305,58.15562540484373,57.714098726654626,58.15562540484373,15871500
2017-02-28,57.65102005004883,57.849255044661945,57.45278161809294,57.74112999063912,23239800
2017-03-01,58.516056060791016,58.561105873353505,57.68705838835512,57.786177600551966,26937500
2017-03-02,57.67804718017578,58.3448434663076,57.56090599145553,58.29078094639234,24539600
2017-03-03,57.89431381225586,57.92134507673209,57.32663319685477,57.66003483299511,18135900
2017-03-06,57.912330627441406,58.17364430068698,57.49783864764191,57.642011116097606,18750300
2017-03-07,58.02946853637695,58.371875960890236,57.8402428379866,57.8402428379866,18521000
2017-03-08,58.56110763549805,58.64220830004733,57.89431126721559,57.9033239798734,21510900
2017-03-09,58.326839447021484,58.750340749658896,58.10156972501407,58.741334910552766,19846800
2017-03-10,58.50703048706055,58.80438805828427,58.3448360731825,58.669224900938595,19538200
2017-03-13,58.308807373046875,58.74132821486177,58.182656893077024,58.579133758516875,20100000
2017-03-14,58.038490295410156,58.16464078066861,57.80420787649337,58.14661535438263,14280200
2017-03-15,58.344844818115234,58.49802654454732,57.894305475890405,58.164631831099214,24833800
2017-03-16,58.245723724365234,58.35385563787978,57.93936028143419,58.344842926415765,20674300
2017-03-17,58.45298385620117,58.786378610265274,58.2817766853992,58.48902783293241,49219700
2017-03-20,58.50703048706055,58.732300124408745,58.31780481665012,58.489011940933544,14598100
2017-03-21,57.8582649230957,59.020657319697776,57.786176974154834,58.74132511090839,26640500
2017-03-22,58.59714889526367,58.69626810584856,57.77717082323475,57.77717082323475,20680000
2017-03-23,58.45298385620117,58.786378610265274,58.36287047703027,58.51605909680943,19269200
2017-03-24,58.55209732055664,58.97559853749529,58.35385890535539,58.89450475383202,22617100
2017-03-27,58.66023635864258,58.768368304006394,57.98442716816355,58.23672816599253,18614700
2017-03-28,58.83142852783203,58.993622967109765,58.254738715885594,58.53407091004204,20080400
2017-03-29,58.993621826171875,59.020653086414576,58.525057066349426,58.67824566553255,13618400
2017-03-30,59.20989227294922,59.45318741993433,58.894516040455805,58.9485785732586,15122800
2017-03-31,59.34504699707031,59.64240463435496,58.97560140989509,59.155821284621524,21040300
2017-04-03,59.06570816040039,59.41712828334867,58.7413192969582,59.299983659242905,20400900
2017-04-04,59.22791290283203,59.29999398250171,58.82242331559726,58.92154253416449,12997400
2017-04-05,59.07474136352539,59.78659465058533,58.96661627541199,59.74154482210064,21448600
2017-04-06,59.22791290283203,59.52526368384802,59.00264320148573,59.1107682583331,18103500
2017-04-07,59.18285369873047,59.43515465357142,58.96659671953614,59.33603543921456,14108500
2017-04-10,59.04767608642578,59.30898969002431,58.894494383356076,59.11976402011167,17952700
2017-04-11,59.00263214111328,59.11976988896838,58.43494820033726,59.11075717769201,18791500
2017-04-12,58.77737808227539,59.029679067502286,58.669246142312616,58.94857839385865,17108500
2017-04-13,58.52507400512695,59.345059134800294,58.52507400512695,58.83144441748059,17896500
2017-04-17,59.00263214111328,59.01163797770523,58.579124082021465,58.606155341166144,16689300
2017-04-18,58.92152786254883,59.20987273348604,58.714283638738586,58.86746534758685,15155600
2017-04-19,58.60615158081055,59.24591654669491,58.470988419075205,59.155810063766005,26992800
2017-04-20,59.020660400390625,59.24593009657533,58.69627148790982,58.98461642403881,22299500
2017-04-21,59.83163070678711,60.10195020847524,58.975601764728054,59.17384019077721,32522600
2017-04-24,60.849849700927734,60.96699434364247,60.46238554552602,60.80479988615604,29770000
2017-04-25,61.201255798339844,61.3093877033467,60.91291092633892,61.18323725151405,30242700
2017-04-26,61.120174407958984,61.55268836624154,60.93094869187468,61.34544409968106,26190800
2017-04-27,61.51666259765625,61.61578184132506,60.89492273927339,61.408537513426595,34971000
2017-04-28,61.687843322753906,62.30057707744399,60.99401578971644,62.093332838544335,39548800
2017-05-01,62.54387283325195,62.67002329515842,61.72388795617533,61.88608238929573,31954400
2017-05-02,62.444740295410156,62.81417889075777,62.291551731794705,62.81417889075777,23906100
2017-05-03,62.246517181396484,62.51683666196259,61.913115593211685,62.51683666196259,28928000
2017-05-04,62.003238677978516,62.24653383774383,61.85005691053316,62.20147714158385,21749400
2017-05-05,62.174442291259766,62.201473557523556,61.71489014071657,62.08433577881838,19128800
2017-05-08,62.12036895751953,62.21948816637653,61.65180417479828,62.14740021908325,18566100
2017-05-09,62.210472106933594,62.42672906249224,61.88608323625329,62.048277671593446,22858400
2017-05-10,62.453765869140625,62.67903555630352,62.10234570714134,62.165420944559536,17977800
2017-05-11,61.687843322753906,61.931138407165065,61.381479882751115,61.59773683302865,28789400
2017-05-12,61.615760803222656,61.82301193504469,61.3093973362602,61.82301193504469,18714100
2017-05-15,61.66081619262695,61.7058728778492,60.885887954661946,61.399502542644804,31530300
2017-05-16,62.90237808227539,62.92956428682488,61.76957346544223,61.83301024742126,34956000
2017-05-17,61.153324127197266,62.62143440516845,61.10800917937013,62.43112406965701,30548800
2017-05-18,61.361759185791016,61.74237987475519,60.84520056102804,61.080825855473265,25201300
2017-05-19,61.343658447265625,61.715214891178654,61.10803307180065,61.17146987510741,26961100
2017-05-22,62.03239440917969,62.077709371438175,61.17146543900842,61.52490001952863,16237600
2017-05-23,62.24082565307617,62.30426244372794,61.96894974223053,62.2770762354617,15425800
2017-05-24,62.322364807128906,62.422052149021894,62.03236715273734,62.41299469182396,14593900
2017-05-25,63.092708587646484,63.3283270450875,62.44927618938608,62.50364861585818,21854100
2017-05-26,63.400794982910156,63.63642023090884,63.00204562692611,63.25579961697276,19827900
2017-05-30,63.808624267578125,63.808624267578125,63.22862192014603,63.246750666614105,17072800
2017-05-31,63.29203796386719,64.10765843537861,63.26485176716493,63.91734814437406,30436400
2017-06-01,63.52766799926758,63.98985412044599,62.938608341152225,63.654541536204526,21603600
2017-06-02,65.03207397460938,65.12269699541204,63.65457916767298,63.83583212337161,34770300
2017-06-05,65.50326538085938,66.05607435342661,65.0773299186432,65.22233216709455,33316800
2017-06-06,65.72079467773438,65.81142458534482,65.49423373689069,65.52142685762855,31511100
2017-06-07,65.60298156738281,65.9473516878666,65.20423212275573,65.8295424947226,22301800
2017-06-08,65.2042236328125,65.72078220332487,64.79641678233585,65.71172474555598,24588300
2017-06-09,63.7270622253418,65.32205321139195,62.159257446391095,65.28580263056224,49187400
2017-06-12,63.23768997192383,63.38269229573939,61.742386349509765,62.757381873944645,47761700
2017-06-13,64.02613067626953,64.18019047449377,63.40082019465208,63.45519261423898,25258600
2017-06-14,63.68173599243164,64.43391985472694,62.92049467210153,64.26173826889423,25510700
2017-06-15,63.34645080566406,63.627384205759405,62.34958388569097,62.775512716318886,26068700
2017-06-16,63.43706130981445,63.464247515549815,62.73019230433108,63.192378544105196,48345100
2017-06-19,64.2254867553711,64.2889235311377,63.754236209027816,63.89017413255338,23798300
2017-06-20,63.35546875,64.22546143788911,63.319218190410375,64.18014650988026,21512200
2017-06-21,63.68173599243164,63.99892678999262,63.38268085321059,63.62736358786238,19891100
2017-06-22,63.672691345214844,63.9717465446052,63.17425448941175,63.92643850304496,22965700
2017-06-23,64.53361511230469,64.56986569115554,63.36455987220548,63.51861964675343,27617300
2017-06-26,63.917381286621094,64.98674936729074,63.835822654224756,64.70581597024702,19607000
2017-06-27,62.721126556396484,63.60018406439217,62.69394035125696,63.536747281036334,25215100
2017-06-28,63.25581741333008,63.29206107944425,62.34050927689499,62.721129997914694,25806200
2017-06-29,62.068626403808594,62.974870064777406,61.70612755660298,62.8751827089436,28918700
2017-06-30,62.46739959716797,62.87520663414603,62.295211023553954,62.331461613477586,24161100
2017-07-03,61.77864074707031,63.07456971134451,61.64270278861798,62.82988691740375,16165500
2017-07-05,62.60330581665039,62.92955404633541,61.82393581396834,61.86018638549885,21176300
2017-07-06,62.141117095947266,62.33142740302522,61.73331028279298,61.869241277784894,21117600
2017-07-07,62.947669982910156,63.29204000908128,62.25892301647899,62.25892301647899,16878300
2017-07-10,63.418914794921875,63.66359746540144,62.712039150461194,62.94766436528142,15014500
2017-07-11,63.42798614501953,64.05329642690769,63.21048962205009,63.437050516752784,17460000
2017-07-12,64.47926330566406,64.59707253900753,63.93551827732728,64.06239188680276,17750900
2017-07-13,65.04110717773438,65.28579684813963,64.6242359062525,64.79642442141984,20269800
2017-07-14,65.95641326904297,66.40047073188707,65.21329373538751,65.46704085701272,25868100
2017-07-17,66.47298431396484,66.56360731519118,65.90205318355632,65.9745543501741,21803900
2017-07-18,66.42768096923828,66.50923960188358,65.8476854234529,66.23736366488131,26435300
2017-07-19,66.93516540527344,67.09828956043695,66.56360214080993,66.60891709494639,22416200
2017-07-20,67.26142120361328,67.33392237266646,66.40954975246846,67.22517061908668,42361000
2017-07-21,66.87174224853516,67.32486422589554,66.30986850753493,66.56361570860192,46717100
2017-07-24,66.69954681396484,66.83548477598863,66.27361109286655,66.63611002023266,21394800
2017-07-25,67.23424530029297,67.34299015645055,66.60893472101448,66.88081068959463,22018700
2017-07-26,67.10736083984375,67.40641606000878,66.88985733451577,67.37016547578745,16252200
2017-07-27,66.30078125,67.44264314163898,65.53953307481778,66.8445259956504,36844200
2017-07-28,66.1920394897461,66.43672224215486,65.73891764787824,65.85672683769127,18306700
2017-07-31,65.8839340209961,66.55455953864923,65.62112935342908,66.42768593565383,23600100
2017-08-01,65.77517700195312,66.53641847910762,65.6936114642057,66.24642073817856,22132300
2017-08-02,65.48516082763672,65.75702974405299,64.7420413935556,65.74797228670182,26499200
2017-08-03,65.38549041748047,65.64830194460805,65.11361451656465,65.421740998542,18214400
2017-08-04,65.86578369140625,66.19203193343469,65.46703430357375,65.61203659518186,22579000
2017-08-07,65.6120376586914,66.06515945617672,65.48516410852271,65.97453647949764,18705700
2017-08-08,65.96549987792969,66.27361951116953,65.02300531269564,65.33112494593549,22044600
2017-08-09,65.67548370361328,65.71173428221952,65.29486299938408,65.47610897832439,22213400
2017-08-10,64.71487426757812,65.42174333833053,64.66049493699528,65.15893180180358,24734500
2017-08-11,65.70266723632812,65.88391320789555,64.59704883313128,64.89611090889908,21443700
2017-08-14,66.69047546386719,66.80829157854099,66.11048000638321,66.21016737383432,20096600
2017-08-15,66.70870971679688,67.0458019929182,66.54471643754641,67.0458019929182,19181400
2017-08-16,67.10047149658203,67.51045122195195,66.66315376538186,66.81803437710565,18150400
2017-08-17,65.96161651611328,67.30089351548709,65.96161651611328,67.03668179205917,22977500
2017-08-18,66.04362487792969,66.36249877245154,65.53342664669472,65.84318787253608,18761500
2017-08-21,65.73384857177734,66.034504010893,65.32386198636655,66.02539134430307,17734800
2017-08-22,66.65402221679688,66.72690268464508,65.91604926582156,65.91604926582156,14343700
2017-08-23,66.2531509399414,66.64491214242777,66.0800450513532,66.47180625383956,13766500
2017-08-24,66.22583770751953,66.38071830690076,65.66097046451104,66.27138714508102,17098300
2017-08-25,66.34428405761719,66.82715126046286,66.03452281463316,66.38072778342648,12794300
2017-08-28,66.35336303710938,66.5902367082066,66.0982640368961,66.56290566545896,14569700
2017-08-29,66.55381774902344,66.65403623318191,65.64274567553059,65.82495730985785,11478400
2017-08-30,67.42843627929688,67.61064788707091,66.3533711112046,66.51736433857214,16897800
2017-08-31,68.12086486816406,68.29397080927362,67.23713067900859,67.44667339105037,27652800
2017-09-01,67.36468505859375,68.09353869527743,67.0913606005063,68.06620763965462,21736200
2017-09-05,67.06403350830078,67.31913264376266,66.49006045351156,66.81804009129817,21556000
2017-09-06,66.8727035522461,67.45578922755755,66.82714716004726,67.18246477622363,16535800
2017-09-07,67.72908782958984,67.96596849125406,67.05489650892913,67.12778393573774,17471200
2017-09-08,67.40111541748047,67.8202077394271,67.27355893165222,67.71998925473027,14703800
2017-09-11,68.11175537109375,68.27574863490497,67.70176873610126,67.70176873610126,17910400
2017-09-12,68.03885650634766,68.54905459656412,67.75642641368178,68.11174393378649,14394900
2017-09-13,68.5217514038086,68.53997674354092,67.92044726032107,68.26665225499991,13380800
2017-09-14,68.12086486816406,68.77683795981163,67.89309681972695,68.33041453113506,15733900
2017-09-15,68.61284637451172,68.68573382002735,67.48311877273684,68.17553560327664,38578400
2017-09-18,68.47618103027344,69.21414719251176,68.36684987808214,68.53995579798628,23307000
2017-09-19,68.73126983642578,68.97725620345884,68.33950862157512,68.5217202304198,16093300
2017-09-20,68.2757339477539,68.83148839162244,67.70175417242199,68.64926983162528,21587900
2017-09-21,67.61064910888672,68.54905211264304,67.5195433033533,68.43061526054233,19186100
2017-09-22,67.79285430908203,67.88396009665874,67.28264938698563,67.41019887977822,14111400
2017-09-25,66.7451400756836,67.64709945549703,66.43537196537784,67.50132459160535,24149200
2017-09-26,66.7451400756836,67.24622553072301,66.49914673059843,67.11867600028185,18019600
2017-09-27,67.28266906738281,67.57421184346109,66.66313979935047,67.00935162470647,19565100
2017-09-28,67.3008804321289,67.39198622744486,66.79067546669164,67.0002250517523,10883800
2017-09-29,67.86573791503906,67.91129428640257,67.30998354885095,67.36465258467243,17079100
2017-10-02,67.97508239746094,68.33951258722502,67.69265230208444,68.06618820717003,15304800
2017-10-03,67.65623474121094,68.22109515031637,67.59245995466901,68.02977079069062,12190400
2017-10-04,68.0479736328125,68.0753046821616,67.15511996548265,67.50132484211808,13317700
2017-10-05,69.21412658691406,69.3507887487357,68.2939421116365,68.53082272873222,21195300
2017-10-06,69.24146270751953,69.26879375170316,68.8223704778747,68.94080731964603,13959800
2017-10-09,69.50569152832031,69.7425722212115,69.11393024623926,69.21414873358059,11386500
2017-10-10,69.50569152832031,69.81545270670004,69.36902932277046,69.54213524652884,13944500
2017-10-11,69.62411499023438,69.66055870142412,69.19591007241375,69.56945289891333,15388900
2017-10-12,70.26187896728516,70.41675954749397,69.57857493008711,69.68789912744481,16876500
2017-10-13,70.59896850585938,70.9451803202011,70.4167568832053,70.6900743171864,15335700
2017-10-16,70.7447280883789,70.89049596484004,70.47140376249055,70.535178511741,12380100
2017-10-17,70.69007873535156,70.71741673629337,70.38031756729384,70.58075453529744,16824000
2017-10-18,70.70828247070312,70.92693775494902,70.48962718645721,70.76294455403306,13300700
2017-10-19,70.98162078857422,70.99983916963527,70.4714157568069,70.67185270311612,15092800
2017-10-20,71.80157470703125,71.94734954847574,71.26404561879048,71.35515141922977,22866400
2017-10-23,71.8198013305664,72.28444300644937,71.75602657401814,71.96556922370797,20627200
2017-10-24,71.8471450805664,72.15690625259565,71.4827148568809,71.88358879802779,17517200
2017-10-25,71.6375732421875,72.06577810099631,71.07271317390882,71.59202382267296,20410800
2017-10-26,71.75605010986328,72.35735416155542,71.74693744138827,72.15691716068157,32120700
2017-10-27,76.35694885253906,78.5344105691487,76.17473721678623,76.86715394431803,71066700
2017-10-30,76.42984008789062,76.83071404759542,75.71920494181663,76.25673415966743,31756700
2017-10-31,75.78299713134766,76.85806276508222,75.71922234591129,76.85806276508222,27086600
2017-11-01,75.78299713134766,76.31142075406623,75.50967265037451,76.23853329901603,22307400
2017-11-02,76.57562255859375,76.94915855278472,75.72832511941742,75.93786783664105,23992900
2017-11-03,76.65758514404297,77.02201527537456,75.98339391918182,76.60292305716754,17633500
2017-11-06,76.95826721191406,77.16780991822117,76.60294962215072,76.71227383381388,19860900
2017-11-07,76.77601623535156,77.3499959082835,76.46625516500983,77.2315521276843,17939700
2017-11-08,77.0402603149414,77.0858167037208,76.37518152470805,76.657611672539,18034200
2017-11-09,76.61204528808594,76.7760385349947,75.5278742760657,76.63027062159142,21178400
2017-11-10,76.4115982055664,76.62114083757052,75.82851278035915,76.33871078968386,19397800
2017-11-13,76.46629333496094,76.4754060036157,76.03808827027134,76.22030688871881,14196900
2017-11-14,76.57562255859375,76.62117199885006,75.60077556521276,76.07453005926872,18801300
2017-11-15,75.98043823242188,76.63054716711069,75.71489959952027,76.42910358450695,19383100
2017-11-16,76.18186950683594,76.38331307536608,75.94380618569674,76.09030615364117,20962800
2017-11-17,75.44933319091797,76.10860031461623,75.3028262808366,76.10860031461623,22079000
2017-11-20,75.56839752197266,75.62333414411275,75.31201730420291,75.44936584539013,16315000
2017-11-21,76.65799713134766,76.76787034222932,75.76065965608316,75.76065965608316,21237500
2017-11-22,76.0994644165039,76.822826781065,76.03536937082563,76.75873173538673,20553100
2017-11-24,76.23681640625,76.39247481200017,75.79730251172649,76.00790452043984,7425600
2017-11-27,76.79536437988281,76.8960861716715,76.27344554326716,76.28259698918498,18265200
2017-11-28,77.72015380859375,77.88497063065476,76.93269643495067,76.97848160223707,21926000
2017-11-29,76.31007385253906,77.7567988550948,76.16357385722971,77.56451368171776,27381100
2017-11-30,77.07000732421875,77.39048238125552,76.31001862765132,76.46568392892544,33054600
2017-12-01,77.15245819091797,77.65606011061023,76.20018397872401,76.54812750428425,29532100
2017-12-04,74.24071502685547,77.30813333520541,73.89276444006983,77.29897490243808,39094900
2017-12-05,74.70768737792969,75.70574693527305,74.1491487461182,74.47877546859297,26152300
2017-12-06,75.79729461669922,76.1269282567982,74.56117195924585,74.67105216789072,26162100
2017-12-07,75.53176879882812,75.81562430606475,75.08310342949109,75.57755397330278,23184500
2017-12-08,77.06090545654297,77.445475772378,76.30091627108075,76.57560635989002,24489100
2017-12-11,78.04063415527344,78.1688242376293,77.02426494099804,77.17992332873935,22857900
2017-12-12,78.3611068725586,78.79146227215834,77.90328316844572,78.11387816026986,23924100
2017-12-13,78.15052032470703,78.7456926547299,77.98570347925204,78.5076223255534,22062700
2017-12-14,77.54618835449219,78.62665267478582,77.39968140253022,78.22376554272637,19306000
2017-12-15,79.52400207519531,79.74375556917076,77.72017497196268,78.06812557208123,53936700
2017-12-18,79.0936279296875,80.11915563673871,78.95628639440758,79.77121210430296,22283800
2017-12-19,78.59004211425781,79.06617583447259,78.07727466267565,79.06617583447259,23524800
2017-12-20,78.30615234375,79.02036309054196,77.56448028211469,78.92879277383716,23674900
2017-12-21,78.2878646850586,78.837251811997,78.19630132820825,78.79147362649,17990700
2017-12-22,78.29704284667969,78.40691610825269,77.75680702920607,78.19632103301237,14145800
2017-12-26,78.19629669189453,78.31532835015888,77.8575046072155,78.11388478553005,9891200
2017-12-27,78.48014831542969,78.72737705857377,78.03148298543736,78.42521169954709,14678000
2017-12-28,78.48931884765625,78.68160401872679,78.33366042143304,78.6541357065506,10594300
2017-12-29,78.32449340820312,78.79147562155148,78.2878666673683,78.4068983357041,18717400
2018-01-02,78.69992065429688,79.0295544003833,78.28788196460778,78.8647375273401,22483800
2018-01-03,79.06614685058594,79.21265377899964,78.71820337435567,78.80060828221224,26061400
2018-01-04,79.7620620727539,80.2656710412665,79.26761153616974,79.28592141418987,21912000
2018-01-05,80.75094604492188,80.95238958966628,80.05505206830534,80.26565404303865,23407100
2018-01-08,80.83335876464844,81.10805580416533,80.21071819613458,80.76010528933247,22113000
2018-01-09,80.77843475341797,81.24541699911678,80.44880104890551,81.17216351237246,19484300
2018-01-10,80.41217803955078,80.75097019209767,80.03676612776825,80.44880478462373,18652200
2018-01-11,80.65025329589844,80.69603149064653,79.88110557425044,80.69603149064653,17808900
2018-01-12,82.0420150756836,82.20683190606695,80.98901904744741,81.19046261634222,24271500
2018-01-16,80.89747619628906,83.13165891085207,80.58615931879767,82.49985973662352,36599700
2018-01-17,82.53645324707031,82.66464331980804,81.26370396357798,81.5658692718176,25621200
2018-01-18,82.4998550415039,83.02177394264803,82.09697481037486,82.22516492743921,24159700
2018-01-19,82.40824890136719,82.96679425834316,82.09693220316225,82.53643895190261,36875000
2018-01-22,83.88248443603516,83.89164286886006,82.1702207613225,82.40829111390825,23601600
2018-01-23,84.14802551269531,84.51428599197611,83.81839177992634,84.14802551269531,23412800
2018-01-24,84.07477569580078,85.54896912463217,83.85502219295871,84.74320162365268,33277500
2018-01-25,84.54174041748047,85.37497605977458,84.17547999836634,84.66993051629495,26383200
2018-01-26,86.12579345703125,86.12579345703125,84.77063919745439,85.26508963892228,29172200
2018-01-29,85.99761962890625,87.39855931821482,85.81449290598047,87.11471080192887,31569900
2018-01-30,84.91715240478516,85.75955346571327,84.33113852769213,85.4299197866189,38635100
2018-01-31,86.99565887451172,87.35276079115492,85.62218781485782,85.84194122836863,48756300
2018-02-01,86.30892181396484,87.96624129442017,85.68628133186442,86.79421379536878,47227900
2018-02-02,84.03813934326172,86.04340991180412,83.78175912160712,85.74124451378103,47867800
2018-02-05,80.57698822021484,85.374979653657,80.57698822021484,82.92104382388061,51031500
2018-02-06,83.62610626220703,83.76345481461205,78.05896655997934,79.560628231709,67998600
2018-02-07,82.0511703491211,84.02896525177215,81.67575153320365,82.8569376078551,41107600
2018-02-08,77.83918762207031,82.298386000137,77.61027577150557,82.14272761835343,55628700
2018-02-09,80.7417984008789,81.42853403924457,76.7587330955253,79.02038358227666,63499100
2018-02-12,81.61168670654297,82.20685917959912,80.51291213000731,81.25458461987697,35720300
2018-02-13,82.25261688232422,82.40827528125483,80.39385356871412,81.42853273234446,26407700
2018-02-14,83.54054260253906,83.70613365602746,81.33267124756276,81.42466471757812,34960900
2018-02-15,85.24246978759766,85.29766447649932,83.36577315975562,83.90853965036392,27823900
2018-02-16,84.63529205322266,86.01521529322085,84.45130509535058,85.04926621776109,30596900
2018-02-20,85.29766082763672,85.61044007623705,83.72454909335485,84.15692618766359,30911700
2018-02-21,84.16612243652344,85.88642939685167,84.16612243652344,85.53685134347427,26922500
2018-02-22,84.38690185546875,85.30685060470304,84.04651829153737,84.68128517447765,24392800
2018-02-23,86.5303726196289,86.53957407186662,84.96646263449422,86.10719705916483,26329200
2018-02-26,87.78150177001953,87.80909910756385,86.70516349388218,86.84315720025525,30199800
2018-02-27,86.6591796875,88.16789525437017,86.6591796875,88.07590177222497,25869100
2018-02-28,86.26360321044922,88.04830627991602,86.13481092900862,87.2479482292612,31167300
2018-03-01,85.41724395751953,86.99955700318941,84.48809371211529,86.46598501920263,37135600
2018-03-02,85.6012191772461,85.69321263259148,83.58652951752363,84.24889362585161,32830400
2018-03-05,86.14400482177734,86.72357003738908,84.8744780081578,84.94806857776953,23901600
2018-03-06,85.84961700439453,86.92595535660489,85.50003900637334,86.78796164047876,22175800
2018-03-07,86.34637451171875,86.41997208279217,85.03084775804683,85.70241331145306,26716100
2018-03-08,86.87073516845703,87.48709896502274,86.26356580325506,86.72354004283841,25887800
2018-03-09,88.8118667602539,88.8118667602539,87.39514462618062,87.66193064675153,36937300
2018-03-12,89.02342987060547,89.42820953211465,88.35187127072128,88.77504681745752,26073700
2018-03-13,86.85236358642578,89.4558131766805,86.44758389637617,89.23502744513155,35387800
2018-03-14,86.3371810913086,87.77230578612534,86.01520046122678,87.50551983015717,32132000
2018-03-15,86.6407699584961,87.00875084694823,85.39884060129032,86.04280189209283,27611000
2018-03-16,87.02713775634766,87.74469655455653,86.4015724161,87.10073533017702,49081300
2018-03-19,85.45402526855469,86.38317532386571,84.73646648038115,86.23598017826558,33344100
2018-03-20,85.67481994628906,86.26358655308559,85.555229141945,85.60122938442818,23075200
2018-03-21,85.07685089111328,86.52116993401089,84.82846083494661,85.49082495985651,24457100
2018-03-22,82.60221099853516,84.40530996592305,82.48262017053011,83.9637314141338,38604700
2018-03-23,80.20114135742188,83.21857247499142,80.10914787576968,82.3354224175554,44068900
2018-03-26,86.27276611328125,86.47515589900758,83.16334282149894,83.35653115733322,56396800
2018-03-27,82.30782318115234,87.52393137786285,81.42467314403622,87.33994441879172,56569000
2018-03-28,82.23419952392578,83.9269084891757,81.75582937078036,82.62977767732791,52501100
2018-03-29,83.9637222290039,84.90207391691112,81.3234737171022,82.9609814257672,45867500
2018-04-02,81.43386840820312,83.60494823688387,80.50472513118372,83.22777286135134,48515400
2018-04-03,82.52857971191406,82.8413658539587,80.85427371009897,82.40898893273088,37213800
2018-04-04,84.9388656616211,85.33444388572438,80.70710302013464,80.81749237285543,35560000
2018-04-05,84.98486328125,85.61963016683214,84.08331743369332,85.04006497911713,29771900
2018-04-06,83.0069808959961,85.05846272983517,82.31701931607986,84.16611129682583,38026000
2018-04-09,83.50373840332031,85.7116166339721,83.36575171655885,83.75212847679377,31533900
2018-04-10,85.4448471069336,85.81282805258338,84.30411249220671,84.99407413330529,26812000
2018-04-11,84.5064926147461,85.82201960609693,84.15691461696443,84.64448633077768,24872100
2018-04-12,86.08881378173828,86.62238579124602,85.03087121630813,85.03087121630813,26758900
2018-04-13,85.62881469726562,86.64075672192043,85.0400481731519,86.52116593437097,23346100
2018-04-16,86.63157653808594,87.08235650209282,85.94161494026369,86.53958306210677,20288100
2018-04-17,88.37947845458984,88.81185550143812,87.28473716734865,87.39513354696484,26771000
2018-04-18,88.71988677978516,88.97747138543455,87.873528337239,88.5174968700166,21043300
2018-04-19,88.41626739501953,89.2994172775778,87.70790298739428,88.71985214114463,23552500
2018-04-20,87.3951416015625,88.41628539650456,86.521192993008,88.23229843217293,31154400
2018-04-23,87.71710968017578,88.58186372917395,87.0547454740199,88.07588912206826,22331800
2018-04-24,85.66561889648438,88.74744540124568,85.01245621184819,88.53585412827712,34524800
2018-04-25,84.92046356201172,85.83121784250085,83.05296879516607,85.83121784250085,33729300
2018-04-26,86.71436309814453,87.53311684821938,85.64721927816082,86.0612003884585,42529000
2018-04-27,88.14949798583984,90.06299326658552,86.39239934281142,89.7870058058164,48272800
2018-04-30,86.0335922241211,88.68304875304986,85.69321572519416,88.618652630119,41523600
2018-05-01,87.3951416015625,87.66192761290034,85.36205546549081,85.74843230177893,31408900
2018-05-02,86.0243911743164,87.55150212291885,85.7300079180406,87.38591110259806,27471000
2018-05-03,86.5395736694336,87.33073011055954,85.04925425317623,85.51843005399547,31142500
2018-05-04,87.54232788085938,87.73551627934727,85.48163759301762,85.84961850289308,22531300
2018-05-07,88.51747131347656,88.968244243217,87.4871261697035,87.55152230252355,24242000
2018-05-08,88.14029693603516,88.4622846479587,87.45033529960365,88.1770957322165,23484600
2018-05-09,89.1798324584961,89.20742979751279,87.44112991392596,88.32427985571938,27327400
2018-05-10,90.07219696044922,90.10898873872432,89.28104037313035,89.65821575899938,22388100
2018-05-11,89.87898254394531,90.03537915252915,89.27182006946872,89.9709830261657,16778300
2018-05-14,90.18257904052734,90.78974861276431,89.52021478668784,90.08138411182118,19454100
2018-05-15,89.52944946289062,90.01702138104977,88.6278962231333,89.45585184767474,24594000
2018-05-16,89.76041412353516,89.99139820154268,89.27072900601117,89.95443990317251,17384700
2018-05-17,88.8641586303711,90.12071206759519,88.54078246249838,89.40004316517262,17246700
2018-05-18,89.0304946899414,89.55713805318216,88.70711842287673,88.70711842287673,17865800
2018-05-21,90.1761474609375,90.5549645846253,89.43700292914497,89.62178729982513,19422500
2018-05-22,90.0837631225586,90.70279857223878,89.80657949332172,90.25007189028622,15441200
2018-05-23,91.15554809570312,91.22022334718686,88.99353374068117,89.35386829167254,21251200
2018-05-24,90.83216857910156,91.41425291581591,89.44626423313261,91.22022715326914,26649300
2018-05-25,90.87835693359375,91.45119986317951,90.41638887559422,90.82292302233722,18363900
2018-05-29,90.55499267578125,91.35881269157285,89.83432353786847,90.39791815799778,28671000
2018-05-30,91.42346954345703,91.70065317873973,90.46258225237509,90.83215103398845,22158500
2018-05-31,91.32183837890625,92.38436627624439,91.10933702888232,91.73761384259831,34140900
2018-06-01,93.12354278564453,93.18821804625306,91.62676340560832,91.72839696500381,28655600
2018-06-04,93.93658447265625,94.11213459273701,93.17895712941178,93.55777432557065,27281600
2018-06-05,94.41703796386719,94.54638846168065,93.80723671782648,94.24148783866029,23514400
2018-06-06,94.6942138671875,94.79584740742816,94.14909492323616,94.68497958103718,21122900
2018-06-07,93.20667266845703,94.87900182862973,92.74470461132914,94.84204353817073,28232200
2018-06-08,93.89965057373047,94.19530992962683,92.89256331582804,93.40072408895378,22165100
2018-06-11,93.36376953125,93.86268894928409,93.01266921231696,93.32681123193733,23490900
2018-06-12,93.60397338867188,93.73332389167138,93.08657137667386,93.40994763417261,18325200
2018-06-13,93.1789779663086,94.25074749836529,92.91103558329442,93.98280511535111,29492900
2018-06-14,93.70560455322266,94.26920618014844,93.31755305408234,93.91811297365105,25691800
2018-06-15,92.51373291015625,93.80724505228856,92.45829899161777,93.78876942913377,65738600
2018-06-18,93.18817901611328,93.41916299998248,91.85770901332376,92.40283488077237,23586000
2018-06-19,93.18817901611328,93.31752948315429,91.93162557993912,92.070217380075,28653100
2018-06-20,94.1213607788086,94.72191352628637,93.4284087941138,93.65939278901207,26180800
2018-06-21,93.44690704345703,94.66650254992344,93.20668165684391,94.31540933031489,23198200
2018-06-22,92.7724380493164,93.10504859912189,92.05176188569527,92.7724380493164,38923100
2018-06-25,90.90607452392578,92.49524578239142,89.89898753401046,92.39361224499606,35433300
2018-06-26,91.54360961914062,92.46754591231142,91.23870895061638,91.30338420917536,26897200
2018-06-27,90.12075805664062,92.41211640034832,89.99140752348336,92.00558917431492,31298400
2018-06-28,91.12782287597656,91.57131534387281,89.86203482105812,89.97290265122696,26650700
2018-06-29,91.10933685302734,92.31045656927783,90.85063588006824,91.40499611484815,28053200
2018-07-02,92.40286254882812,92.44905512999027,90.54574878870682,90.63814100010501,19564500
2018-07-03,91.515869140625,92.97568275139814,91.41423561056784,92.83709798229538,14670300
2018-07-05,92.171875,92.31970112281573,91.49739848913366,91.9316496202166,18977400
2018-07-06,93.46538543701172,93.71484509890726,92.08871548169017,92.2919825649765,19234600
2018-07-09,94.10287475585938,94.47245054433128,93.54851459768746,93.91809038615936,18212000
2018-07-10,94.35234069824219,94.71267515079337,94.11211538018412,94.2414658478142,19293100
2018-07-11,94.2229995727539,94.55561005887233,93.4099313538105,93.45613097500411,19644600
2018-07-12,96.26490783691406,96.46817491378073,94.91596193024918,94.95291317234015,24335900
2018-07-13,97.41059112548828,97.56765858332078,96.17251298657227,96.43122103656377,24635200
2018-07-16,96.93016052246094,97.77093888912599,96.56981888066215,97.38288733528057,21786900
2018-07-17,97.89104461669922,98.39921238290734,96.38503103996091,96.65297340313661,25901700
2018-07-18,97.12419128417969,97.9834523684092,96.75461533575545,97.88181880636566,29493900
2018-07-19,96.45893096923828,97.29970916099111,95.98772158098339,96.94861597803883,40171600
2018-07-20,98.18669128417969,99.9698883306532,98.01114820954078,99.8590205043704,56004000
2018-07-23,99.75738525390625,99.91445270449626,98.05733910629182,98.2144136059551,29707000
2018-07-24,99.47099304199219,100.54275556636526,99.1014170839385,100.31177147371609,26316600
2018-07-25,102.39985656738281,102.69551588625168,99.41553936989371,99.74815698475547,30702100
2018-07-26,101.28189849853516,102.55692803919345,101.17102360623137,102.31670263040584,31372100
2018-07-27,99.48945617675781,101.79929681324543,98.06659349879253,101.79929681324543,37005300
2018-07-30,97.35516357421875,99.35086217536963,96.79156190720565,99.03672723917165,34668300
2018-07-31,98.01116180419922,98.60248045663779,97.36440218185588,98.38997201166407,27655200
2018-08-01,98.19593048095703,98.35299793081944,97.4013448475583,97.96494644913352,23628700
2018-08-02,99.38782501220703,99.86826877454448,96.86547587498092,97.38288498335321,26104300
2018-08-03,99.82207489013672,99.83131622652508,98.6948715192824,99.60033216033605,18659600
2018-08-06,99.90521240234375,100.17315472915924,99.37856908386456,99.89597811626528,20265900
2018-08-07,100.59817504882812,100.80144214902595,99.9421811657823,100.3025157346515,16080200
2018-08-08,101.1617660522461,101.4019914225229,100.48729661714455,101.01393993528036,15487500
2018-08-09,101.32809448242188,101.78082835437606,101.26341922201053,101.36505278109618,13677200
2018-08-10,100.70904541015625,101.34656364139204,100.13620243070716,101.0970969208764,18183700
2018-08-13,99.97914123535156,101.2449364414528,99.87750768344912,100.9307944494614,18472500
2018-08-14,101.22644805908203,101.40199819320668,99.82206813330617,100.30251185686602,16788300
2018-08-15,99.85377502441406,101.08733379534961,99.07467819814832,100.62358787472989,29982800
2018-08-16,99.8352279663086,100.96676922122043,99.51988411557011,100.44737601943861,21384300
2018-08-17,99.77957153320312,100.07636863207712,98.95410438082854,99.57552220093957,18061500
2018-08-20,99.12104034423828,100.07635566129031,98.75931914799916,99.71463446505119,17914200
2018-08-21,98.29560852050781,99.56626807371173,98.17503002775524,99.16744621748943,22881900
2018-08-22,99.29725646972656,99.5569530065571,98.1100682578156,98.17499239202323,18000600
2018-08-23,99.76101684570312,100.33606431548814,99.12105230844985,99.38074888312666,18167700
2018-08-24,100.54012298583984,100.68851800964025,99.7610261132325,99.86305078793349,17234000
2018-08-27,101.65309143066406,101.69019194872996,100.64212884911944,101.34701746377063,19662300
2018-08-28,102.2652359008789,102.487831925535,101.82931367361901,101.96843884260409,19151500
2018-08-29,103.89761352539062,103.90689042340566,102.27450310655374,102.44145188982496,20818000
2018-08-30,103.83271789550781,104.44486596094714,103.35970210988847,103.57302128939482,22798700
2018-08-31,104.18515014648438,104.60251860418799,103.43387701593716,103.59155599160786,23222700
2018-09-04,103.61009979248047,103.84197272382418,102.22813910300803,102.81245634256207,22634600
2018-09-05,100.62358856201172,103.3411399584528,100.2618673075538,102.96087198057192,32872400
2018-09-06,100.8554458618164,101.08731878770189,99.71463502913187,100.40097690841688,23477600
2018-09-07,100.36390686035156,100.8369297540978,99.45496867761031,100.38246066272717,22498600
2018-09-10,101.44905090332031,101.69020075352834,100.50301237742863,100.94820448036558,20727900
2018-09-11,103.17418670654297,103.49880742399567,100.99458237370227,101.00385927311548,24301800
2018-09-12,103.61009979248047,103.73994806793692,102.49711255251077,103.35040324156756,18891100
2018-09-13,104.72311401367188,105.48365708998983,103.99039456221163,103.99039456221163,26055600
2018-09-14,105.14974975585938,105.48364737580597,104.28718208369749,105.14047285636059,19122300
2018-09-17,104.00891876220703,105.45580355107921,103.74922221817357,105.44653372893525,20736500
2018-09-18,105.00132751464844,105.45579643604427,103.6193669550246,104.05528915718371,22170900
2018-09-19,103.60082244873047,105.1033615848136,102.98868159223751,104.85294193356654,21728400
2018-09-20,105.33523559570312,105.54856180733915,103.81414972311683,104.13877041369311,23714500
2018-09-21,105.9752197265625,106.93053519053329,105.2796008458613,105.73406986658308,71229700
2018-09-24,106.3554916381836,106.56881788302285,104.08313937426847,104.83440552884748,27334500
2018-09-25,106.15141296386719,106.75428393145593,105.50217166104822,106.47604069147616,22668000
2018-09-26,105.71549987792969,106.71718546778034,105.49289679022989,106.16996879863413,19352000
2018-09-27,106.11434936523438,106.57809530513761,105.91956984341772,106.45751683199383,19091300
2018-09-28,106.07723999023438,106.26273552023807,105.43726838218014,105.9102911827507,21647800
2018-10-01,107.22734069824219,107.29226484914663,106.41115036170034,106.42969708644372,18883100
2018-10-02,106.8006820678711,107.4406465973512,106.14216373973888,106.93980725295837,20787200
2018-10-03,106.81922149658203,107.75599013092516,106.59662546136201,107.05109443049466,16648000
2018-10-04,104.61182403564453,106.4389844166835,103.53592991385821,106.29985920076942,34821700
2018-10-05,103.99964904785156,104.96424133246424,102.61768829952597,104.46339493028839,29068900
2018-10-08,102.81243133544922,103.90687158823837,101.41191718944478,103.5637042620866,29640600
2018-10-09,104.1202163696289,104.88075925243162,102.76607938689236,103.08142315664477,26198600
2018-10-10,98.4625473022461,103.41535084289859,98.11937273856343,103.17420095825126,61376300
2018-10-11,98.23064422607422,101.03166590062192,96.64462727464452,97.71124408931723,63904300
2018-10-12,101.6252670288086,103.1741764960841,99.35291515531817,101.10587393228512,47742100
2018-10-15,99.79811096191406,101.54179998203043,99.19523990870789,101.01312996716973,32068100
2018-10-16,102.95159912109375,103.33187419009974,101.05023792846681,101.59746181963615,31610200
2018-10-17,102.6826171875,103.70285676079119,101.60673037012776,103.58228537321527,26548200
2018-10-18,100.63287353515625,102.51568100458947,100.01145564571607,102.1168591950887,32506200
2018-10-19,100.78125,102.82172887877394,100.36387449556896,101.03166964169861,32785500
2018-10-22,101.68091583251953,102.52493670356213,100.39170289366133,101.39339566054694,26545600
2018-10-23,100.26184844970703,101.06876875275883,97.48865032839554,99.9557744992874,43770400
2018-10-24,94.90096282958984,100.62358566614304,94.2238906868176,100.54939169838526,63897800
2018-10-25,100.44734191894531,101.34700281626583,98.4532335873601,98.8242316381991,61646800
2018-10-26,99.20452117919922,100.86473233528736,97.16404206818407,98.02660971740973,55523100
2018-10-29,96.32000732421875,100.81834045290152,94.26097471006628,100.27112377093836,55162000
2018-10-30,96.20873260498047,96.81159664583615,92.85120956435361,96.1438084586021,65350900
2018-10-31,99.06539154052734,100.29895726615871,97.74835495398283,97.79473237195712,51062400
2018-11-01,98.23991394042969,99.53840366660434,97.87819276276528,99.28798403445195,33384200
2018-11-02,98.4625473022461,99.53843426816158,97.36810653494133,98.75934443865745,37680200
2018-11-05,99.71465301513672,99.92797218275669,98.22139053699132,98.65731284847745,27922100
2018-11-06,99.90940856933594,100.94819476030045,98.57381823672418,99.59405770693584,24340200
2018-11-07,103.84197235107422,104.10166890105492,101.46759580702172,101.50469632504758,37901700
2018-11-08,103.64720153808594,104.0738468876669,102.8681118761208,103.69357895538403,25644100
2018-11-09,101.6252670288086,103.36894890728041,100.87400100330854,102.81245529297665,32039200
2018-11-12,99.12104034423828,101.98698629539436,98.40686777387894,101.48613992917095,33621800
2018-11-13,99.18597412109375,100.85545509458105,98.90772375407882,99.75174467814355,35374600
2018-11-14,97.77942657470703,100.84405836673827,97.31367719184705,100.69501515297272,39495100
2018-11-15,99.93115997314453,100.41554318277635,96.79201451270134,97.7980275119949,38505200
2018-11-16,100.87201690673828,101.42159784742958,99.48408553325527,99.74490408861878,33502100
2018-11-19,97.45339965820312,101.12349982056207,96.4566963017098,100.85336433614054,44773900
2018-11-20,94.74273681640625,95.91642722890786,92.54439920234928,94.82657539925638,64052500
2018-11-21,96.04684448242188,97.27642264802319,95.23643794565908,96.50327691709947,28130600
2018-11-23,96.00955963134766,96.69886659980608,95.01285642178213,95.17120947686023,13823100
2018-11-26,99.17666625976562,99.32570235404117,97.4161343113366,97.61174818263194,32336200
2018-11-27,99.80076599121094,99.97775301100344,98.14269951137845,98.99035959753932,29124500
2018-11-28,103.50813293457031,103.70374679899133,100.4714453342876,100.49938915680907,46788500
2018-11-29,102.64183807373047,103.50813209875449,101.56129623315398,102.77224731562478,28123200
2018-11-30,103.29386901855469,103.36839060484463,101.86867743791525,103.11688202780849,33665600
2018-12-03,104.41167449951172,105.65056934119968,103.14484294372099,105.25934163543621,34732800
2018-12-04,101.08623504638672,104.9240122203262,100.79747272569772,104.27196597787652,45197000
2018-12-06,101.71031951904297,101.75689017816342,97.80733868222424,98.57116713813845,49107400
2018-12-07,97.63970947265625,101.95254660296631,97.15533319614813,100.95584311467555,45044900
2018-12-10,100.21994018554688,100.58323121120763,96.773397891085,97.6210651063418,40801500
2018-12-11,101.15142059326172,103.34975766286827,100.080202983667,102.27854005327356,42381900
2018-12-12,101.60785675048828,103.6478336060795,101.57059595816554,103.2938667391677,36183000
2018-12-13,101.95250701904297,103.27524027769063,101.18867854053042,102.07360637123134,31333400
2018-12-14,98.76680755615234,101.77555153080829,98.27311437457672,100.83473583931688,47043100
2018-12-17,95.8418960571289,98.55256055478864,94.74272735981219,98.18927664783209,56957300
2018-12-18,96.84789276123047,97.35090276550028,95.49721577566272,96.6429619698499,49319200
2018-12-19,96.58708190917969,99.5585572968068,94.40737171982276,96.54982111630174,68198200
2018-12-20,94.55642700195312,97.16461887653492,92.01343263979614,95.99093573101983,70334200
2018-12-21,91.5010986328125,95.94434324647152,90.7838408248684,94.66818777300865,111242100
2018-12-24,87.68195343017578,91.25891145477576,87.54223433711189,90.98877603023601,43935200
2018-12-26,93.67150115966797,93.79260053145383,87.52361154419525,88.62278022595936,51634800
2018-12-27,94.24903869628906,94.25835567317964,89.79647604992267,92.49782369972968,49498500
2018-12-28,93.51313781738281,95.394768847075,92.70273152953283,95.09668249191833,38196300
2018-12-31,94.61229705810547,95.38544247539859,93.55970637053582,94.35147862980638,33173800
2019-01-02,94.19314575195312,94.77998734118098,92.16247841703095,92.73069316029616,35329300
2019-01-03,90.72795867919922,93.32684044319628,90.54165470824236,93.24300187957324,42579100
2019-01-04,94.94763946533203,95.48791028431893,92.15314405138929,92.88902869653987,44060600
2019-01-07,95.0687484741211,96.1958609703722,94.06273534882985,94.67752075279836,35656100
2019-01-08,95.75807189941406,96.84792370348103,94.74273459229953,95.98162960381391,31514400
2019-01-09,97.12735748291016,97.69557220674126,96.16791504630794,96.74544674618706,32280800
2019-01-10,96.50326538085938,96.64299160935967,95.36683581232134,96.14929842786032,30067600
2019-01-11,95.75807189941406,96.35423051566119,94.6775299657341,96.12135583410306,28314200
2019-01-14,95.0594482421875,95.82327691654058,94.32356339265188,94.91972201132886,28437100
2019-01-15,97.81668090820312,97.85394170917995,94.90108541601377,95.48793414793488,31587600
2019-01-16,98.16131591796875,98.98103920096884,97.77008822750236,98.04954063884693,29853900
2019-01-17,98.8506088256836,99.32566787387147,97.58377048364554,97.80732810083798,28393000
2019-01-18,100.33172607421875,100.50871310482539,98.65503264569345,100.09885139469263,37427600
2019-01-22,98.44075775146484,99.76348386192099,97.67692929687207,99.4374608215648,32371300
2019-01-23,99.40023040771484,99.70762669975151,98.12407456629595,98.85064955841119,25874300
2019-01-24,98.92517852783203,99.67038047691044,98.12408891994309,99.53997120183759,23164800
2019-01-25,99.8287353515625,100.49009871738004,98.92518028198404,99.89393999025515,31225600
2019-01-28,97.8818588256836,99.18595807695827,97.49063118233194,98.98102728088764,29476700
2019-01-29,95.88846588134766,97.77940685736505,95.17120799658717,97.69556828983518,31490500
2019-01-30,99.09281921386719,99.09281921386719,97.18325133435708,97.45338678308951,49471900
2019-01-31,97.2763900756836,98.01227475436224,96.11201693349011,96.68954857045516,55636400
2019-02-01,95.73943328857422,96.96901126312676,95.33888857150485,96.67093196950103,35535700
2019-02-04,98.49665069580078,98.55254543913937,95.73009897732443,95.82325451396552,31315100
2019-02-05,99.87528991699219,99.92186058707432,98.7015995866497,98.79474803358492,27325400
2019-02-06,98.76680755615234,99.67036244625316,98.30105819892687,99.67036244625316,20609800
2019-02-07,98.05885314941406,98.35693241305287,97.14598851373218,97.98433866358202,29760700
2019-02-08,98.43146514892578,98.53393057366128,97.11805568778053,97.2391479593902,21461100
2019-02-11,98.04022979736328,99.27912466812353,97.77941132073386,98.92515064403747,18914100
2019-02-12,99.5678939819336,99.8007686534428,98.25448453014259,98.86926996740598,25056600
2019-02-13,99.49335479736328,100.39690950021166,99.40020636657648,100.13609105130074,18394900
2019-02-14,99.57720947265625,99.94049338624748,98.42215310910387,99.02762156057535,21784700
2019-02-15,100.80677795410156,100.88129954648821,100.00568860287065,100.51801566706608,26606900
2019-02-19,100.76019287109375,101.21663226126545,100.39690901803118,100.40622599309603,18038500
2019-02-20,100.23634338378906,100.97537093315574,99.43183274205428,100.90053107412884,21607700
2019-02-21,102.35052490234375,102.41600799592256,99.97441286272145,100.00247602609495,29063200
2019-02-22,103.80986785888672,104.02502353899213,102.73406804699364,102.94923086422106,27763200
2019-02-25,104.38986206054688,104.94179713341468,104.08116011303738,104.54889855504099,23750600
2019-02-26,105.11017608642578,105.93339311882059,103.99695638653229,104.08115301165182,21536700
2019-02-27,104.93242645263672,105.11016932090934,103.7256605758242,104.48340160464026,21487100
2019-02-28,104.80144500732422,105.59659871001597,104.52080630249667,104.81080177195453,29083900
2019-03-01,105.26919555664062,105.72757715712973,104.46468499579466,105.60596775127947,23501200
2019-03-04,105.01663208007812,105.94275215348932,103.65083674982992,105.727589339908,26608000
2019-03-05,104.49274444580078,105.13822565212749,104.05307639235822,105.00725948520915,19538300
2019-03-06,104.53953552246094,105.39082286170616,104.24018322300454,104.65179531117776,17687000
2019-03-07,103.26727294921875,104.35242935341722,102.78082820269172,104.21210642016798,25339000
2019-03-08,103.37953186035156,103.56662434504166,101.7798675637525,102.11663974589133,22818400
2019-03-11,105.54984283447266,105.66209547609726,103.81921228392213,103.82856191264341,26491600
2019-03-12,106.28887939453125,106.63500125192128,105.38146573260926,105.54049507990315,26132700
2019-03-13,107.11207580566406,107.57981412795954,106.43853147961931,106.76594687780207,35513800
2019-03-14,107.19628143310547,107.76692284327532,106.95306260758369,107.14951187609965,30763400
2019-03-15,108.43109893798828,109.68463418861184,107.19626294239576,107.8978704105532,54681100
2019-03-18,109.98399353027344,110.02141345411441,108.5620721099197,108.67432474432194,31207600
2019-03-19,110.05884552001953,110.79787303888932,109.44142741420875,110.47045045343856,37588700
2019-03-20,109.93721771240234,111.08785718398858,109.17948387569967,109.81560831179597,28113300
2019-03-21,112.4630126953125,113.02429730126065,109.53496598679597,109.58174267775873,29854400
2019-03-22,109.4975357055664,111.87363991991012,109.48817894144446,111.78945045417221,33624500
2019-03-25,110.06818389892578,110.3955992925589,108.81464150129001,109.0391538944784,27067100
2019-03-26,110.30204772949219,111.0504247163487,109.31043769465538,110.96623524938933,26097700
2019-03-27,109.2356185913086,110.58270741533956,108.06627263631543,110.27399837031224,22733400
2019-03-28,109.38529968261719,109.99336101432725,108.63691540710921,109.86239483668156,18334800
2019-03-29,110.33011627197266,110.68559482280162,109.41334603219651,110.45172566478038,25399800
2019-04-01,111.34046173095703,111.4246583664619,110.479824663144,111.27497863095219,22789100
2019-04-02,111.4994888305664,111.77077797545581,110.87271391238372,111.377872271441,18142300
2019-04-03,112.22915649414062,112.65947497970495,111.4620657786352,112.12625347181852,22860700
2019-04-04,111.65850830078125,112.47237566341686,110.74173792204958,112.35075911505533,20112800
2019-04-05,112.15430450439453,112.47237030365831,111.66785974549359,111.68656613974626,15826200
2019-04-08,112.19173431396484,112.2759238012004,110.98496837040327,112.07947452719574,15116200
2019-04-09,111.58367156982422,111.8268975362352,110.92884066462729,110.9756102223576,17612000
2019-04-10,112.43496704101562,112.58463962858177,111.8269056494333,112.03271170231858,16477200
2019-04-11,112.56591796875,113.05236273378559,112.18236907908332,112.76236722792521,14209100
2019-04-12,113.14591979980469,113.17399009990342,112.60334866230004,112.85592426621412,19745100
2019-04-15,113.23947143554688,113.73527300610446,112.79043942351787,113.1365684148136,15792600
2019-04-16,112.9775161743164,113.80074022536331,112.35074850790258,113.79138346011395,14071800
2019-04-17,113.9129867553711,113.98782659911397,112.76235449058571,113.4171852805351,19300900
2019-04-18,115.40975952148438,115.55007531249971,113.47332309714598,114.30589676373317,27991000
2019-04-22,115.77460479736328,115.99911721939397,114.66138517887902,114.70816187131597,15648700
2019-04-23,117.34618377685547,117.47714992630215,115.84006592109878,116.09264145585456,24025500
2019-04-24,116.94395446777344,117.72975153850965,116.48556570605587,117.67362521549177,31257000
2019-04-25,120.81680297851562,122.89356227212217,120.51745787475438,121.66809015118803,38033900
2019-04-26,121.50907897949219,122.09843392154195,120.69521874465617,121.33133610654112,23654900
2019-04-29,121.39683532714844,121.78036998882123,121.0039367614205,121.51843761166928,16324200
2019-04-30,122.17326354980469,122.2668026558876,121.04133045454007,121.43422895826848,24166500
2019-05-01,119.6287612915039,122.22002868522291,119.46037519514202,122.10777604572901,26821700
2019-05-02,118.0665283203125,119.74103268066072,117.42104703213937,119.72232628463793,27350200
2019-05-03,120.58295440673828,121.07875597125118,119.03942338880083,119.14232640827953,24911100
2019-05-06,119.88133239746094,120.26488126708642,117.9729662260117,118.23489855789215,24239800
2019-05-07,117.42105102539062,118.97394602159717,116.20493540314307,118.3004015479231,36017700
2019-05-08,117.41167449951172,118.21618497687096,116.70071025826208,117.34619142052296,28419000
2019-05-09,117.40232849121094,117.67361759676865,115.59685813410827,116.2704025152004,27235800
2019-05-10,118.9271469116211,119.67553110513674,115.83072140676329,116.85039469200035,30915100
2019-05-13,115.39104461669922,117.44909755156229,115.10104913589454,116.10200887689705,33944900
2019-05-14,116.68202209472656,117.75781468373503,115.71847501461691,115.87751149168133,25266300
2019-05-15,118.32514953613281,118.97302006648157,116.14681023977987,116.67262121720279,24722700
2019-05-16,121.05747985839844,121.48001415439977,118.73830498508457,119.01059833794817,30112200
2019-05-17,120.2499771118164,122.49404172856084,120.10912760407392,120.47531340087896,25770500
2019-05-20,118.51293182373047,119.79927421282763,118.08102056077807,118.79460934467902,23706900
2019-05-21,119.15142822265625,119.74295754983119,118.85096785850611,119.64906502919804,15293300
2019-05-22,119.8744125366211,120.40961496563558,118.7946306042322,118.88853029155848,15396500
2019-05-23,118.47537994384766,118.57866385630554,117.12330484515489,118.4941555808675,23603800
2019-05-24,118.53172302246094,119.63967194282175,118.27821250396839,119.16081794527584,14123400
2019-05-28,118.45661926269531,120.18426462822669,118.35333533719721,119.22654942142827,23128400
2019-05-29,117.31111907958984,117.7336390455667,116.4660719840953,117.72424764352209,22763100
2019-05-30,118.05286407470703,118.08103111296509,117.16086726980984,117.61156137255807,16829600
2019-05-31,116.1280517578125,117.01065728739485,115.79003292365503,116.64447141098105,26646800
2019-06-03,112.52251434326172,116.77591660188547,111.74319994644043,116.28766401514834,37983600
2019-06-04,115.6397933959961,115.75246155243883,113.28305322202273,113.87458253396697,29382600
2019-06-05,118.14675903320312,118.18431747283711,116.625674463956,117.3204876883351,24926100
2019-06-06,120.01525115966797,120.15609352272283,117.9308042443685,118.71951717935161,21459000
2019-06-07,123.37664031982422,124.17474459816778,120.42837096445183,121.3015921194578,33885600
2019-06-10,124.50336456298828,125.89299080081526,123.9399952175321,124.31556522978448,26477100
2019-06-11,124.03392028808594,126.04325035203922,123.2639829800733,125.70523154094987,23913700
2019-06-12,123.46117401123047,123.91186101074868,122.72880226435784,123.37665855806716,17092500
2019-06-13,124.24051666259766,124.87898882621265,123.52691327139995,123.92126625370635,17200800
2019-06-14,124.36254119873047,125.62071676397561,123.60200245148648,124.18414039094127,17821700
2019-06-17,124.73811340332031,125.56437038843215,124.43764589813112,124.53154557527255,14517800
2019-06-18,126.90706634521484,126.98218322451574,125.41415597769388,125.99629388342612,25934500
2019-06-19,127.40467834472656,127.63001461170487,125.63946784231928,126.75680792300997,23744400
2019-06-20,128.5877685546875,129.25442193934973,127.4328769193425,129.0572383298613,33042600
2019-06-21,128.6065216064453,129.32011034188443,128.12766770429138,128.24033583960355,36727900
2019-06-24,129.3671112060547,129.94924923757614,128.63473938346874,128.63473938346874,20628800
2019-06-25,125.28264617919922,129.18863655252267,124.6253916276964,128.86940067423197,33327400
2019-06-26,125.75215911865234,127.45165163165001,125.44232169453613,126.14652631259585,23657700
2019-06-27,125.95875549316406,126.48457376187147,125.3578346560099,125.94937125387894,16557500
2019-06-28,125.78035736083984,126.38127814246269,125.02920280204088,126.35311110012736,30043000
2019-07-01,127.39530181884766,128.35302410040163,126.72866281095341,128.28730578685744,22613500
2019-07-02,128.2403564453125,128.24974068240397,127.07606632739167,127.80843797875298,15237800
2019-07-03,129.06666564941406,129.3295676359168,127.96809352292598,128.44696196962175,13629300
2019-07-05,128.69105529785156,128.9445729935824,127.43287971131925,127.63944756308794,18141100
2019-07-08,128.59716796875,128.7286189335835,127.10424318525715,128.0713497823353,16779700
2019-07-09,128.1277313232422,128.60658546316043,127.50802761717082,127.695812711624,19953100
2019-07-10,129.4328155517578,130.11823737383,128.65349404903804,128.7567779669185,24204400
2019-07-11,129.94920349121094,130.71914065406145,129.4515667696916,129.76141848202818,22327900
2019-07-12,130.41868591308594,130.63465230545916,129.58303036260477,130.37175040151538,18936800
2019-07-15,130.41868591308594,131.01960659739734,130.0055645833737,130.925721247177,16651500
2019-07-16,128.70986938476562,130.5595819352296,128.18406538958314,130.47508079180764,22726100
2019-07-17,127.94926452636719,129.5078929014164,127.90231469517988,129.29194087044712,20211000
2019-07-18,128.09014892578125,128.2779339956309,126.44700449220257,127.27327599203996,30381800
2019-07-19,128.2779083251953,132.08061611876917,128.1182903314111,131.65809621438976,48992400
2019-07-22,129.97738647460938,130.69098965497278,128.94456163383649,129.0196785121421,25074900
2019-07-23,130.7848663330078,131.44213539281736,129.60180781409218,131.22616900935827,18034600
2019-07-24,132.1275634765625,132.14634627756064,130.3717512508396,130.41868676271594,20738300
2019-07-25,131.62985229492188,132.02420493048527,130.8129800017599,131.85518847120312,18356900
2019-07-26,132.709716796875,133.02895281557116,131.73322593760406,131.79894425812105,19037600
2019-07-29,132.41864013671875,132.8693270973818,130.85999708587045,132.85994285987556,16605900
2019-07-30,131.7801971435547,132.59707012589243,131.26377742543409,131.58301349587833,16846500
2019-07-31,127.94926452636719,131.91158958368322,126.83192444866323,131.76135585471462,38598800
2019-08-01,129.63002014160156,132.3341712177194,128.56901363494185,128.63474629472032,40557500
2019-08-02,128.5408172607422,129.87412401501584,127.00095698863781,129.6581576053758,30791600
2019-08-05,124.13715362548828,125.75211581250262,122.79446316603153,125.16059387945323,42749600
2019-08-06,126.46581268310547,127.39535397992918,125.07618569477592,125.6301567765112,32696700
2019-08-07,127.01976013183594,127.36716323250997,123.78042106637497,125.62073483582314,33414500
2019-08-08,130.40931701660156,130.50321670494685,127.63004957030374,128.25915169347147,27496500
2019-08-09,129.3013458251953,130.86937284024663,128.1276716228745,130.14638552003524,23466700
2019-08-12,127.49858093261719,129.4421924607648,126.9821756995304,128.70043660312965,20484300
2019-08-13,130.1370391845703,130.3248242462156,126.75685076662751,127.74274024911765,25154600
2019-08-14,126.21803283691406,128.98770992695256,125.92599459779127,128.46015512404816,32527300
2019-08-15,125.9354019165039,126.78327011599423,124.58825415895623,126.6042752391644,28074400
2019-08-16,128.24346923828125,128.5543527918804,126.91515252057269,127.06588655409749,24449100
2019-08-19,130.39137268066406,130.52326136000605,128.95942818010255,129.86381796329613,24355700
2019-08-20,129.3079833984375,130.67399069770917,129.28915242691284,130.2029576634189,21170800
2019-08-21,130.7493438720703,131.40880162262357,130.00511799973197,130.52325721454346,14970300
2019-08-22,129.79786682128906,131.13559896566568,128.3941831496518,130.62688959377687,18697000
2019-08-23,125.6622085571289,130.3348631862218,125.10639295476594,129.24206295545477,38508600
2019-08-26,127.60289001464844,127.70651789283582,126.14268423102335,127.16954752389562,20312600
2019-08-27,127.87608337402344,128.7993043132423,126.85865005589231,128.4884207125808,23102100
2019-08-28,127.70648193359375,127.89489228412083,125.81293419239587,127.06588386684402,17393300
2019-08-29,130.1181640625,130.41963211192012,128.9782721407511,129.29857116216917,20168700
2019-08-30,129.87322998046875,131.11674972750893,128.3753483676388,131.08848889517535,23940100
2019-09-03,128.15867614746094,129.2514763606266,127.8383770978469,128.69566076721597,18869300
2019-09-04,129.6565704345703,129.71309210430604,128.5731857237431,129.34568687623496,17995900
2019-09-05,131.93641662597656,132.24730029695567,130.72114278716785,131.05087181315014,26101800
2019-09-06,131.04141235351562,132.05883118559822,130.19354416039448,131.91752700747264,20824500
2019-09-09,129.5529327392578,131.6537360953013,128.55434498368882,131.50300207093187,25773900
2019-09-10,128.19635009765625,128.95942129990866,126.71729949592779,128.87463880516665,28903400
2019-09-11,128.2340545654297,128.37537312914318,127.26372746871645,128.03622870093727,24726100
2019-09-12,129.5529327392578,130.40078647045735,128.94058115580236,129.86381627397438,27010000
2019-09-13,129.36453247070312,130.06165223182276,128.65798284808366,129.79787485602796,23363100
2019-09-16,128.4318389892578,128.7803987536472,127.80065659505733,127.96080606450067,16731400
2019-09-17,129.43048095703125,129.5529541689385,128.52609103600494,129.02539937116904,17814200
2019-09-18,130.49502563476562,130.63632982739534,128.6203085553972,129.40222529579336,23982100
2019-09-19,132.89727783203125,134.12195231938244,131.95521168804507,132.17188287622108,35772100
2019-09-20,131.36170959472656,133.4436677892611,130.24064854776688,132.84074601292843,39167300
2019-09-23,131.07908630371094,131.5407039018818,130.4196428597447,131.16386880905182,17139300
2019-09-24,129.42103576660156,132.53927202509888,128.95000275172796,132.2283885103079,29773200
2019-09-25,131.2863006591797,131.8515459329921,128.14921957656816,129.53405756010255,21382000
2019-09-26,131.4558868408203,132.0588085219996,130.4196228378989,131.36168886316568,17456600
2019-09-27,129.75076293945312,132.22840143988893,128.7333298028649,132.03056122939054,22477700
2019-09-30,130.97544860839844,131.1544434671942,129.79786598451886,130.05222785621746,17280900
2019-10-01,129.12901306152344,132.1247764949872,129.06306153164525,131.56896092082206,21466600
2019-10-02,126.84918212890625,128.4695368113925,125.84117897601699,128.35649349045184,30521700
2019-10-03,128.384765625,128.82753783738573,125.5020456888973,127.1318160000348,24132900
2019-10-04,130.1181640625,130.2406372544254,128.51665458062195,128.82753811604104,22897700
2019-10-07,129.17611694335938,130.17470484785542,129.08191894517083,129.19496229291303,15303700
2019-10-08,127.81016540527344,129.7790810185071,127.76305920344409,129.13848267297053,25550500
2019-10-09,130.23121643066406,130.66455876545945,129.03478851759584,129.49640605880475,19749900
2019-10-10,131.04141235351562,131.57838260518204,130.24065034469942,130.46675140448957,17654600
2019-10-11,131.58782958984375,132.85962499655602,131.41826453550487,132.00234111128458,25446000
2019-10-14,131.46536254882812,132.16248245077912,131.43710170819725,131.59725126336954,13304300
2019-10-15,133.36831665039062,133.5755579861914,131.71027096567093,131.94578751181507,19695700
2019-10-16,132.2755126953125,132.82191279192958,131.44648987633644,132.6334880604977,20751600
2019-10-17,131.59722900390625,133.22699949537883,130.96604637859363,132.7842272340001,21460600
2019-10-18,129.44932556152344,131.88927367455307,128.6485635071548,131.66317260190084,32273500
2019-10-21,130.4102020263672,130.4761535526096,129.0724699026435,130.4290473731204,20078200
2019-10-22,128.4695281982422,131.89864765980832,128.36590036939876,130.91890540284035,27431000
2019-10-23,129.28916931152344,129.48699516187958,127.75359681926605,128.95002490755215,29844600
2019-10-24,131.8327178955078,132.28490554904315,130.63629005460123,131.3145787222974,37029300
2019-10-25,132.5769500732422,132.963200600433,131.13559017888338,131.26747884977937,25959700
2019-10-28,135.83651733398438,137.23077117887058,135.19590489187667,136.03434317103782,35280100
2019-10-29,134.5553436279297,136.12859276746443,134.3857642035696,135.73292661034722,20589500
2019-10-30,136.2322235107422,136.59962883399365,134.5176557523737,135.2053745784231,18496600
2019-10-31,135.0640106201172,136.53363141942768,134.70603528104652,136.5053705867323,24605100
2019-11-01,135.39376831054688,136.0532118384025,134.68721859324643,135.90247778209527,33128400
2019-11-04,136.17568969726562,136.59961666713642,135.80828440673878,136.43946711739818,16912000
2019-11-05,136.0908660888672,136.61842076984976,135.57272689333539,136.57131459302198,18250200
2019-11-06,135.71409606933594,136.14745297907015,134.90391831401934,136.00613438088138,16575800
2019-11-07,135.90243530273438,136.4865259946565,135.4408321649153,135.5067693096953,17786700
2019-11-08,137.5040283203125,137.53228916443604,135.43147058596213,135.63872635939717,16732700
2019-11-11,137.6453094482422,137.93734770505276,136.34525333749465,136.91991436291875,14362600
2019-11-12,138.54969787597656,139.02073102677576,137.59820171149596,137.8054574478309,18641600
2019-11-13,138.77577209472656,138.91709065211822,137.80544504142054,138.23880182604938,16919200
2019-11-14,139.4823455810547,139.8120745631636,138.48375752066832,138.50260287316394,19729800
2019-11-15,141.2816925048828,141.30053785693727,139.68018257525807,140.3019354451368,23485700
2019-11-18,141.63021850585938,141.8280587180266,140.34900799432467,141.37587100065798,21534000
2019-11-19,141.6773681640625,142.5629128977996,141.4983732445038,142.13898588425113,23935700
2019-11-20,141.43154907226562,142.58478171593035,140.33504484728581,142.0837888619762,25696800
2019-11-21,141.29920959472656,141.60170346192638,140.37284736790474,141.2235861279266,18576100
2019-11-22,141.40321350097656,142.0743628652784,140.67536455680172,141.85695437699914,15901800
2019-11-25,142.9534912109375,143.06693366754047,141.71518710613432,141.7908106026339,22420900
2019-11-26,143.70968627929688,144.07834174457025,143.03855130534757,143.07635583504282,24620100
2019-11-27,143.98382568359375,144.15396770570413,143.22760526334744,143.99327321025382,15184400
2019-11-29,143.09521484375,143.96486295707248,143.0006819172956,143.77581152786317,11977300
2019-12-02,141.3654327392578,143.52065177973307,140.20275219935291,143.5017423007938,27418400
2019-12-03,141.13856506347656,141.25199309195014,138.62413799179717,139.418177462232,24066000
2019-12-04,141.64898681640625,141.96091382154867,141.0345514843031,141.92310929549308,17574700
2019-12-05,141.724609375,142.09327926361837,141.29923990374633,141.83805181138433,17869100
2019-12-06,143.44497680664062,143.55840479215541,142.045978765054,142.72657552554503,16403500
2019-12-09,143.07635498046875,143.87984186281386,142.65098551134082,142.80223247662772,16687400
2019-12-10,142.85894775390625,143.57734920985484,142.50918734060494,143.01018029683436,16476100
2019-12-11,143.39773559570312,143.55843007805365,142.10271778730538,143.24648863924253,18856600
2019-12-12,144.85345458984375,145.04250606349174,142.75495005783458,143.35046147864057,24612100
2019-12-13,146.0728759765625,146.4131744617937,144.46591651663408,144.62661102025638,23845400
2019-12-16,147.0181427001953,147.36788870009232,146.34700770451698,146.62113021887043,24144200
2019-12-17,146.22406005859375,147.1882410893158,145.99718969145346,146.94246125232232,25425600
2019-12-18,145.92160034179688,146.97085259654958,145.7419963954613,145.85543881739588,24129200
2019-12-19,147.1882781982422,147.2449921984011,145.33553912540125,145.57185707519866,24958900
2019-12-20,148.79525756835938,149.8161529808964,147.73654320144786,148.7385435605026,53477500
2019-12-23,148.79525756835938,149.46639255960463,148.66292007545854,149.46639255960463,17718200
2019-12-24,148.76687622070312,149.07881763657534,148.5210963286024,148.86139474376276,8989200
2019-12-26,149.9862518310547,150.0429658225864,148.7857527900638,148.9369997166156,14520600
2019-12-27,150.26040649414062,150.81811337522475,149.5609001937233,150.7235804290026,18412800
2019-12-30,148.9653778076172,150.31712396658284,148.15244349190644,150.28876696680132,16348400
2019-12-31,149.0693359375,149.13551187620644,147.88774637803394,148.19024022863357,18369400
2020-01-02,151.8295440673828,151.93352453696647,149.66487810348934,150.0902475068035,22622100
2020-01-03,149.93898010253906,151.196193090949,149.40963030188232,149.6554101548303,21116200
2020-01-06,150.32656860351562,150.3927445508696,147.94447970171677,148.48329153461876,20813700
2020-01-07,148.9559326171875,150.93154722601824,148.71016714066076,150.60071074881336,21634100
2020-01-08,151.32852172851562,151.99967088764276,149.30564115169364,150.23200324889638,27746500
2020-01-09,153.2190704345703,153.34196035835663,152.21708484471264,152.98275253418123,21385000
2020-01-10,152.51011657714844,154.2872318018375,152.3588696593664,153.90912893108236,20725900
2020-01-13,154.34397888183594,154.3723358820374,152.43452580062083,152.9071617022491,21626500
2020-01-14,153.2568817138672,154.64643205258074,152.8693169149173,154.44791867975053,23477400
2020-01-15,154.2494354248047,154.9678511775123,153.6728335108503,153.72008555883195,21417900
2020-01-16,157.07582092285156,157.14199687545099,155.0529397493098,155.35543366341506,23865400
2020-01-17,157.9549560546875,158.30470207707603,156.37633913096872,158.25743559260854,34371700
2020-01-21,157.38775634765625,158.98526801417273,157.32158039758605,157.55789835006,29517200
2020-01-22,156.63157653808594,158.3236215928323,156.61266705835894,158.2385361459143,24138800
2020-01-23,157.59573364257812,157.6713571260564,156.22509226083278,157.09474068527607,19680800
2020-01-24,156.00765991210938,158.36139201317255,155.44995298181732,158.3424825375192,24918100
2020-01-27,153.39869689941406,154.4385015834786,151.4325299482661,152.3305352170298,32078100
2020-01-28,156.4047088623047,156.68827891861844,154.14550939686842,154.81664442841867,24899900
2020-01-29,158.84347534179688,159.51462470178666,156.6220951483202,158.6544238565207,34754500
2020-01-30,163.32406616210938,164.52456542873182,161.4429700217879,164.52456542873182,51597500
2020-01-31,160.91360473632812,162.9648426873359,160.29918387299614,162.7852531721158,36142700
2020-02-03,164.8364715576172,164.9498995377037,161.07428008281042,161.10263707783204,30107000
2020-02-04,170.26231384277344,170.7538591072496,166.6608313996974,167.44540854870948,36433300
2020-02-05,170.0543975830078,174.11906936388917,168.64595177807354,173.9583748825606,39186300
2020-02-06,173.5802764892578,173.75988045068001,170.20564902136644,171.0658498767549,27751400
2020-02-07,173.82603454589844,175.47081270658518,172.4931978169128,172.8429581987189,33529100
2020-02-10,178.37277221679688,178.50510968178952,173.22104418313037,173.53298558426346,35844300
2020-02-11,174.34588623046875,180.26328091516518,173.45732866954677,180.2160144531312,53159900
2020-02-12,174.6011505126953,175.67875972595644,171.89767274276622,175.42353231595447,47062900
2020-02-13,173.65586853027344,176.03794280419976,172.86182934859667,173.06034274994119,35295800
2020-02-14,175.20614624023438,175.26286024443658,172.65390066150297,173.22106955093307,23149500
2020-02-18,176.9832000732422,177.42747888527302,175.34788422129685,175.45186467568067,27792200
2020-02-19,177.51402282714844,178.3670852904449,176.746263717562,178.25334748549824,29997500
2020-02-20,174.80316162109375,177.48558908217993,171.6562951458951,177.20123010558348,36862400
2020-02-21,169.27720642089844,173.9311720431706,168.0070858019182,173.61837855406034,48572600
2020-02-24,161.9787139892578,165.44786191190894,154.7181513655058,159.0214151505909,68311100
2020-02-25,159.30577087402344,165.72272971041576,158.90765961105674,165.11610394922226,68073300
2020-02-26,161.29624938964844,164.2251136153781,159.43846438675976,160.86024482213514,56206100
2020-02-27,149.9314727783203,158.3199827709648,149.74190495438836,154.8034540782687,93174900
2020-02-28,153.56179809570312,155.17316122234865,144.07378619818417,144.46240975052115,97012700
2020-03-02,163.77963256835938,163.9028581761286,153.84612995671205,156.68969102388243,71030800
2020-03-03,155.93141174316406,165.87440256658573,153.79874085302225,164.73698098446346,71677000
2020-03-04,161.65643310546875,161.79860535911507,156.98350737328664,159.7038570188698,49814400
2020-03-05,157.599609375,161.95972690449452,157.0498525958926,157.39108044281798,47817300
2020-03-06,153.14468383789062,154.60437173927212,147.8651333521963,154.13044502980995,72821100
2020-03-09,142.76568603515625,149.52388595235027,142.17802150778155,143.1258749845001,70419300
2020-03-10,152.52859497070312,152.6328594420787,144.62349965654747,149.91252432041284,65354400
2020-03-11,145.61874389648438,149.4765002813039,143.26805670517658,148.93623128461837,56371600
2020-03-12,131.80853271484375,145.4671079518946,131.35356699021355,137.72314498743467,93226400
2020-03-13,150.547607421875,153.46699860222324,133.39144937999532,139.80842308587606,92727400
2020-03-16,128.35833740234375,141.5619460470006,127.96024061156848,132.6995087823673,87905900
2020-03-17,138.92691040039062,139.8084073143908,127.96023720300174,132.69950524755737,81059800
2020-03-18,133.07864379882812,138.386629909358,127.97920110693828,130.8038008732288,81593200
2020-03-19,135.2681884765625,142.32020684342646,131.75164539050618,135.3250573763045,85922700
2020-03-20,130.18771362304688,139.4292873501573,128.77540638008531,138.38664247775617,84866200
2020-03-23,128.88917541503906,133.23983601534454,125.60960886407626,129.8654638215196,78975200
2020-03-24,140.60462951660156,141.79893456349842,133.90331065731874,136.25398403659477,82516700
2020-03-25,139.2586669921875,146.28226653788022,136.90799381312664,141.14490110421414,75638200
2020-03-26,147.96945190429688,148.49077436791936,140.63305855292953,140.66149300884524,64568100
2020-03-27,141.89369201660156,146.8130548956865,141.4197651798974,143.83679493970843,57042300
2020-03-30,151.87461853027344,152.2253342901318,142.18755101382314,144.49084339308502,63420300
2020-03-31,149.48597717285156,156.1872936874246,148.39593700408997,151.08783738874433,77927200
2020-04-01,144.17800903320312,149.52390266074318,142.95528427536644,145.02159814322476,57969900
2020-04-02,147.1637725830078,147.372301571524,142.51929484918563,143.9410755182864,49630700
2020-04-03,145.8083038330078,149.1731866089132,144.25382469080233,147.0120818127518,41243300
2020-04-06,156.65179443359375,157.81765050477165,149.36279672981783,151.95992123012604,67111700
2020-04-07,154.96456909179688,161.13508997776,154.74655238016243,160.7464665837294,62769000
2020-04-08,156.51907348632812,157.97876170284414,154.97406745173703,157.03090807928612,48318200
2020-04-09,156.52853393554688,158.64224329248236,154.81292133217562,157.68491641818002,51385100
2020-04-13,156.87925720214844,156.936140571891,153.83665499194112,155.77975792648093,41905300
2020-04-14,164.6422119140625,164.68960749948852,159.23944782684356,160.18730168295573,52874300
2020-04-15,162.91712951660156,164.51900488783903,160.41479585201768,162.272581357412,40940800
2020-04-16,167.80799865722656,168.03548873292664,163.88388524576575,165.2108889927018,50479600
2020-04-17,169.28663635253906,170.6136254317699,166.69898595339458,170.1396986944594,52765600
2020-04-20,165.93128967285156,169.42887263033774,165.86494742536163,167.41942713278866,36669600
2020-04-21,159.0688018798828,164.61373689398496,157.4479658215462,164.452603513722,56203700
2020-04-22,164.4715576171875,164.9265232869323,161.91235583811329,162.45262485910442,34620200
2020-04-23,162.48106384277344,165.93125039938644,161.99766370912621,165.0307923638797,32790800
2020-04-24,165.4478759765625,165.45734930740483,161.8081210252355,163.08771491777517,34277600
2020-04-27,164.97390747070312,167.67528131538185,164.26301733319343,167.3814490393067,33194400
2020-04-28,160.9550323486328,166.50945553550488,160.55693553548355,166.43362550493845,34392700
2020-04-29,168.1776580810547,168.41462148214717,162.9170821472806,164.18720250599264,51286600
2020-04-30,169.86480712890625,170.9927404791007,167.04019370069037,170.61360492007165,53875900
2020-05-01,165.466796875,169.3245532026523,164.93598675176287,166.63265266160045,39370500
2020-05-04,169.51412963867188,169.66578968159777,164.7369539912882,165.3909752711956,30372900
2020-05-05,171.3340606689453,174.07335778006862,170.51890576062996,171.20136170541036,36839200
2020-05-06,173.0211944580078,174.59463494769062,172.15865865064302,172.58518988955504,32139300
2020-05-07,174.0259246826172,174.926382699325,173.05910997240878,174.56619370740268,28316000
2020-05-08,175.0496368408203,175.35295700603842,173.79847731704947,175.3339958799369,30877800
2020-05-11,177.002197265625,177.7320341687052,173.3150471152791,173.59939164214202,30892700
2020-05-12,172.99273681640625,177.28651200785853,172.79369568104167,177.05903642458475,32038200
2020-05-13,170.37669372558594,174.45246731650903,167.33407714285644,173.0306868403567,44711500
2020-05-14,171.1160125732422,171.26767262333027,166.51891673874835,168.28192504750183,41873900
2020-05-15,173.60887145996094,177.30549477035595,167.77008972494357,169.7226658562342,46610400
2020-05-18,175.2676544189453,176.490379490596,174.36719617695738,176.0638481615598,35264500
2020-05-19,174.05441284179688,176.86954002615218,173.92171387694623,175.38140249030337,26799100
2020-05-20,176.46861267089844,176.64920874209136,174.83376282051205,175.66068745873378,31261300
2020-05-21,174.34902954101562,177.42863394594616,174.21596102062003,176.22150304446987,29119500
2020-05-22,174.4250946044922,175.3280752270581,173.50311455025968,174.1209441606144,20826900
2020-05-26,172.58111572265625,177.26704182371978,172.13438260711965,177.11495937941368,36073600
2020-05-27,172.8092498779297,172.98034627836358,167.85718603483812,171.27895450631132,39517100
2020-05-28,172.4195098876953,175.03336693369795,171.45001698942932,171.792195219223,33810200
2020-05-29,174.17796325683594,175.14747085132717,171.47856474228936,173.68370249251345,42130400
2020-06-01,173.7787628173828,173.9403450040298,172.47659110515642,173.50311152580997,22622400
2020-06-02,175.7557830810547,175.8413240281486,172.3720280311082,175.12845379560204,30794600
2020-06-03,176.18348693847656,176.73477494392236,174.49160956121008,175.67022679734052,27311000
2020-06-04,173.8642578125,176.6396969090423,173.2749565224485,175.17594339707023,28761800
2020-06-05,177.93235778808594,178.43611811908195,172.99929482665513,173.57909636843632,39893600
2020-06-08,179.03494262695312,179.21553869876203,175.3090101306654,176.73475027225717,33211600
2020-06-09,180.40367126464844,181.25910962308345,177.98940962513453,178.6927800443984,29783900
2020-06-10,187.0950927734375,188.69192901722093,181.55371523968614,181.66778429498405,43872300
2020-06-11,177.0484619140625,186.06863765914875,176.85836607865363,183.5688491419262,52854700
2020-06-12,178.4456787109375,182.2286392845335,176.01240284356672,181.1070492631869,43373600
2020-06-15,179.58624267578125,181.3731750815915,174.9003022190702,175.44209047106233,32770200
2020-06-16,183.98704528808594,185.89753212160974,181.98150329725257,183.3407021258186,42556700
2020-06-17,184.62384033203125,186.60086831332674,184.1010660695818,185.37472372472914,25687800
2020-06-18,186.6008758544922,186.76245799607426,184.39572415045265,184.39572415045265,23061600
2020-06-19,185.48880004882812,189.423842544377,184.74741628179572,188.7584999974735,44441100
2020-06-22,190.6404571533203,190.8210387060191,185.5648116688515,186.09708562146938,32818900
2020-06-23,191.91412353515625,193.85312366603114,191.45787626628606,192.08520538344897,30917400
2020-06-24,188.045654296875,193.18782826180146,186.8290236235657,191.6195195901801,36740600
2020-06-25,190.42185974121094,190.6784970410009,185.79296114833386,188.00761269061277,27803900
2020-06-26,186.6103973388672,189.99415200060372,185.23218461473925,189.84206955429684,54675800
2020-06-29,188.6159210205078,188.70146194950837,183.96800866755066,186.08760498304542,26701600
2020-06-30,193.4349365234375,194.28087520010905,187.9505991998322,188.0836677162733,34310300
2020-07-01,194.56602478027344,196.1343478236479,191.78108566908128,193.083257178087,32061200
2020-07-02,196.04881286621094,197.72169095393087,194.85119610163304,195.4975248148834,29315800
2020-07-06,200.26898193359375,200.6777016892989,197.78819326414938,198.49156369076422,31897600
2020-07-07,197.94029235839844,204.04245953487583,197.69316924341797,200.0313753793955,33600700
2020-07-08,202.2935333251953,202.70223856853215,198.35849081572363,199.67017648667414,33600000
2020-07-09,203.7097625732422,205.66777675400772,201.00085044726796,205.62024918097012,33121700
2020-07-10,203.09197998046875,203.48168586454517,200.63020486504772,203.04445239646734,26177600
2020-07-13,196.8186798095703,205.11648332076217,196.27689159753407,203.86182504239108,38135600
2020-07-14,198.03530883789062,198.51055554544172,192.02818349282316,195.92521229609352,37591800
2020-07-15,197.74061584472656,200.86774686185024,194.8796362894525,199.1853696931352,32179400
2020-07-16,193.82461547851562,195.51649259722572,192.29432049997686,195.23134167200274,29940700
2020-07-17,192.8361358642578,194.88919090755047,191.4198952550157,194.3474171263726,31635300
2020-07-20,201.12440490722656,201.78974737221313,192.9596557546051,194.85114280106075,36884800
2020-07-21,198.41551208496094,203.34857552033253,197.73115562552331,203.08243850870448,37990400
2020-07-22,201.26698303222656,201.78975731740158,198.07332453951392,198.84322189432683,49605700
2020-07-23,192.512939453125,200.47807930746816,192.14224758300097,196.93274275439686,67457000
2020-07-24,191.33436584472656,192.81713354998143,187.7319869550339,190.4979268301186,39827000
2020-07-27,193.7581329345703,193.8721875294753,190.91615175000567,191.49595344640912,30160900
2020-07-28,192.01870727539062,194.56602297793356,191.75257024686763,193.52998850951334,23251400
2020-07-29,193.9577178955078,194.51850562770954,192.00920315300615,192.47495022909868,19632600
2020-07-30,193.80563354492188,194.33792212812435,189.69000914080848,191.04920798725416,25079600
2020-07-31,194.8606719970703,194.94622743673912,189.15771085707848,194.2808703677026,51044000
2020-08-03,205.81985473632812,206.86540338070947,200.02185312701084,201.0483878405726,78983000
2020-08-04,202.73074340820312,204.1374841693981,199.8982769624529,203.56718229287267,49280100
2020-08-05,202.3980712890625,204.35608541482208,201.095899944012,204.26103027141724,28806400
2020-08-06,205.63925170898438,205.65825113444276,201.07688051454105,201.82776391473723,32656800
2020-08-07,201.96083068847656,205.02142055306317,200.48756303882877,204.2135098766214,27820400
2020-08-10,197.94029235839844,201.39058877024152,196.1343603183058,201.19097873259398,36716500
2020-08-11,193.31138610839844,197.36998319308316,193.08326243132456,196.90425062787259,36446500
2020-08-12,198.833740234375,199.86977468236574,194.61354671761342,195.12680683296387,28013100
2020-08-13,198.36798095703125,200.88679731225912,197.8452066566346,199.07135133423577,22588900
2020-08-14,198.55807495117188,199.21391774906647,197.23688964214472,198.42500644894537,17958900
2020-08-17,199.86976623535156,200.73471877613036,198.57709453262723,199.2234376356791,20184800
2020-08-18,201.01988220214844,201.84680693348818,198.85275811055578,200.10740203040297,21336200
2020-08-19,199.80027770996094,202.08698492364027,199.37152465065776,201.50578180907098,27627600
2020-08-20,204.44993591308594,204.8501064694833,199.04761159406166,199.64786015943778,26981500
2020-08-21,202.9635772705078,206.0410886510413,202.8016045176839,203.76391835685175,36249300
2020-08-24,203.60195922851562,205.34556891515348,202.40143298022446,204.65002085311673,25460100
2020-08-25,206.25070190429688,206.38409208408316,203.0398003733022,203.0398003733022,23043700
2020-08-26,210.7097625732422,211.60538860405137,207.0986904162652,207.59414589811615,39600800
2020-08-27,215.88339233398438,220.237639761169,209.04234520990622,212.36759112322508,57602200
2020-08-28,218.10345458984375,219.75177942740257,215.8834491710163,217.4079064903307,26292900
2020-08-31,214.8829803466797,217.90332645550527,213.7205740160353,216.28358445756368,28774200
2020-09-01,216.54083251953125,216.71232793524112,213.83489480690253,214.86391091647602,25725500
2020-09-02,220.71405029296875,221.86693390935534,216.61706023468037,217.2077860584741,34080800
2020-09-03,207.04153442382812,218.48455170958857,204.8120064646057,218.44644645781082,58400300
2020-09-04,204.13552856445312,208.05150124587362,195.50324202808818,204.94540695523105,59664100
2020-09-08,193.09274291992188,200.11481213322782,192.6544524011361,196.7514590567379,52924300
2020-09-09,201.31527709960938,204.6976892856009,196.9419683106915,197.7994892451576,45679000
2020-09-10,195.67471313476562,204.60237606499447,194.47420152382745,203.32562487927262,35461500
2020-09-11,194.39797973632812,198.7808248995314,191.73969878966778,197.41832597706613,33620100
2020-09-14,195.71286010742188,199.32393265789574,194.39800349010872,194.59809605561162,30375800
2020-09-15,198.92372131347656,199.87651239728032,197.16105199306432,198.58071594176965,21823900
2020-09-16,195.3698272705078,200.70544896164475,194.97917941167134,200.6768663903581,26328100
2020-09-17,193.33079528808594,194.68375655345054,190.52006518208876,190.60581286955312,34011300
2020-09-18,190.9298095703125,194.0359033488756,186.98525496432242,193.22603963005503,55225300
2020-09-21,192.9783172607422,193.140304553541,187.109134700145,187.88089322203805,39839700
2020-09-22,197.6279296875,198.27583520030763,192.5400286648774,195.3793420932357,33517100
2020-09-23,191.12037658691406,198.27584755147745,190.58681585985815,198.08527768743798,30803800
2020-09-24,193.59764099121094,195.86528863786586,189.79599897271996,190.41532195894766,31202500
2020-09-25,198.00904846191406,199.17144019967697,192.97829820351433,193.94062649521072,29437300
2020-09-28,199.55258178710938,202.53482275392867,198.23772534118714,200.92460337616922,32004900
2020-09-29,197.47549438476562,200.1528498081341,197.04674126220954,199.4668389966685,24221900
2020-09-30,200.40054321289062,201.97264262940195,196.78945699327505,197.9232806684825,33829100
2020-10-01,202.4300079345703,203.88777718640915,201.34382663832886,203.41138162597977,27158400
2020-10-02,196.45599365234375,201.02939371006642,195.8366707318804,198.18054316818606,33154800
2020-10-05,200.44821166992188,200.47679424204267,197.2087129579813,197.4373880733873,21331600
2020-10-06,196.189208984375,200.25761630828012,195.1506702270374,198.96183443460671,28554300
2020-10-07,199.92417907714844,200.19095944985511,196.96099786603364,197.28494338454317,25681100
2020-10-08,200.6387939453125,201.21999722056478,198.48549083850378,200.5720915757786,19925800
2020-10-09,205.62185668945312,205.6694991548574,201.25807145801653,201.25807145801653,26458000
2020-10-12,210.94798278808594,213.2918557250385,206.57467431845953,208.46119697504406,40461400
2020-10-13,212.33900451660156,214.57806919963946,210.02371480834992,212.20561435708677,28950800
2020-10-14,210.43345642089844,213.634835303714,208.78513178296774,212.47242892410338,23421700
2020-10-15,209.29010009765625,209.9570509713848,205.81240380006528,206.85095716605545,22733100
2020-10-16,209.29010009765625,211.79593084741057,208.96615460733648,209.7569584400469,26057900
2020-10-19,204.10694885253906,211.8055041277788,203.6305532132676,210.01425187181692,27625800
2020-10-20,204.51658630371094,207.10817903708136,203.03023464101497,205.61230469803786,22753500
2020-10-21,204.6595458984375,206.67945852332676,203.05884917539285,203.05884917539285,22724900
2020-10-22,204.74533081054688,205.8600949355822,201.70592410475658,203.83064472571576,22351500
2020-10-23,206.0220184326172,206.06966089598714,203.09695727371624,204.87867200393134,18879600
2020-10-26,200.16238403320312,206.12685191973097,198.2758614620614,203.7544110534523,37111600
2020-10-27,203.18267822265625,204.53563968121463,200.40053028187518,201.601041693105,36700300
2020-10-28,193.11172485351562,198.9809224817039,192.559118718675,197.86615845641646,51195600
2020-10-29,195.05540466308594,197.57077270816046,193.7691308000109,194.43609623327302,31432600
2020-10-30,192.91162109375,194.64569338891974,190.19616056013263,193.8929947937588,36953700
2020-11-02,192.77825927734375,195.58899061431308,190.67258417511,194.64572202379262,30842200
2020-11-03,196.68466186523438,198.29488116733683,193.5309256171822,194.26457884266878,27512000
2020-11-04,206.1744842529297,208.01337880275392,202.39190207967457,203.91637379335975,42311800
2020-11-05,212.7487335205078,213.5395519346152,210.7097610023845,211.55774456042553,36080100
2020-11-06,213.15841674804688,213.76820244388458,207.73703329960784,211.76733540587205,25231900
2020-11-09,208.08009338378906,217.35074874927537,207.59417505005482,213.84448371072838,44395000
2020-11-10,201.0484619140625,206.27929073276394,199.81936768721027,204.37370837033654,44045100
2020-11-11,206.32691955566406,207.74656901719345,202.1822723760831,202.36330501469286,29440800
2020-11-12,205.2693328857422,208.76607475027214,204.33560160583502,206.95577733475665,21593900
2020-11-13,206.28883361816406,207.15587716722698,204.04978284604508,206.14592074235856,18621100
2020-11-16,206.9748077392578,207.46074050757483,204.39275198534924,204.72622014915032,24953300
2020-11-17,204.3356170654297,207.40359150295538,203.97355173955768,205.8981941277248,24154100
2020-11-18,201.64169311523438,205.54880785492185,201.498391524417,204.09676961168395,28372800
2020-11-19,202.92173767089844,203.50446239032152,200.5430716044339,201.92824719633262,24792700
2020-11-20,200.98252868652344,203.75285098407457,200.60996790062518,202.71159322047438,22843100
2020-11-23,200.71505737304688,202.79757297783098,198.8522533741571,201.51749377618378,25683500
2020-11-24,204.29736328125,204.66992405352661,199.52093564872897,200.21829000165692,33979700
2020-11-25,204.3069305419922,205.66343437093508,202.95998889819435,205.49148995634454,21012900
2020-11-27,205.60610961914062,206.59961477704968,204.46931745600483,205.2431110137325,14512200
2020-11-30,204.4979705810547,205.15710532083375,201.4123879722859,204.52662797945814,33064800
2020-12-01,206.54229736328125,207.60266491805436,203.81018007832992,204.91830024990742,30904500
2020-12-02,205.7398681640625,205.83540256077225,203.28479159484732,205.27178751909085,23724500
2020-12-03,204.660400390625,206.7047110734639,204.0967707859038,205.01385141230443,25120900
2020-12-04,204.77500915527344,205.74940448853005,203.64776463709416,204.6412697625912,24666000
2020-12-07,204.7081298828125,205.902236795737,203.46627035457135,204.78455447441974,24620000
2020-12-08,206.3511962890625,207.24916690723535,203.37071047257265,204.40242046516497,23284100
2020-12-09,202.3295135498047,205.60613649395367,201.76589848690782,205.53927407494194,32440600
2020-12-10,201.10675048828125,203.55227955829025,200.95390127727993,202.30085761828587,26733300
2020-12-11,203.72422790527344,203.7815572928785,199.75979798803561,200.65776889930476,30979400
2020-12-14,204.62220764160156,206.54234135534176,203.36123801346994,203.57140204757587,28798400
2020-12-15,204.5552978515625,205.78760978755588,202.74980875954856,205.5487884019641,27000600
2020-12-16,209.47503662109375,210.26792546149707,205.1189363798678,205.1475937833099,35023300
2020-12-17,209.60874938964844,211.0130202858481,208.17582109364878,210.03862496314824,32515800
2020-12-18,208.8158721923828,209.86669216480047,206.36079582264512,208.8158721923828,63354900
2020-12-21,212.6370086669922,213.98396480092967,207.56444469078173,207.82237587263162,37181900
2020-12-22,213.9266815185547,215.5411166802355,211.93013790831756,212.73257439618757,22612200
2020-12-23,211.13723754882812,213.56365667587485,210.9270735405994,213.13378105049873,18699600
2020-12-24,212.78985595703125,213.6114021119119,211.3091604413567,211.51932442817505,10550600
2020-12-28,214.90103149414062,215.92317939460656,213.04777530052024,214.41382656244667,17933500
2020-12-29,214.12728881835938,217.02180339074613,213.58278353644175,216.190709476844,17403200
2020-12-30,211.7677001953125,215.54108989426393,211.5670983865259,215.1589669166923,20272300
2020-12-31,212.47459411621094,213.02866144223617,209.85710666081582,211.78678740642096,20942100
2021-01-04,207.9561004638672,213.0286640789787,205.20487359065424,212.5796787329613,37130100
2021-01-05,208.15667724609375,208.74896409022597,206.0550523377645,207.54529518955255,23823000
2021-01-06,202.75938415527344,206.8098006575534,202.46324792879471,202.68295955223013,35930700
2021-01-07,208.52931213378906,209.53236504897438,204.1541163901864,204.46934784854162,27694500
2021-01-08,209.79986572265625,210.71694651739315,207.3256789637426,208.90189472561306,22956200
2021-01-11,207.76507568359375,209.12157952096553,207.03904928013995,208.701251514019,23031300
2021-01-12,205.31951904296875,207.392501541839,203.78152328009872,206.81932437348303,23249300
2021-01-13,206.66647338867188,207.06769157243323,204.36423170367146,204.45021848172806,20087100
2021-01-14,203.49493408203125,207.73640430086755,203.22745529133894,206.25570876749887,29480800
2021-01-15,203.14149475097656,204.9183267052181,202.5492222917303,203.9726032075833,31746500
2021-01-19,206.76199340820312,207.27784115819605,203.12235803022585,204.19227311258143,30480900
2021-01-20,214.30877685546875,215.69393811736836,207.5740101820579,207.9656807925922,37777300
2021-01-21,214.91062927246094,216.18116102733734,212.4746477748108,214.65269804702655,30709400
2021-01-22,215.8468017578125,219.7825887676581,215.70351473291043,216.92627926708488,30172700
2021-01-25,219.26669311523438,219.5055145049017,214.19412913094075,218.87502253781977,33152100
2021-01-26,221.94149780273438,223.7087673579532,219.7921052743459,221.49251241957313,49169600
2021-01-27,222.48602294921875,229.6888849420293,219.84943979215547,227.35798561441428,69870600
2021-01-28,228.2463836669922,231.79049969167863,224.57809042509956,225.07484302342925,49111200
2021-01-29,221.58804321289062,227.37707132988027,221.0053184426969,225.43784282406364,42503100
2021-02-01,228.9341583251953,231.6567277604019,222.03699602740483,224.54940149192532,33314200
2021-02-02,228.80044555664062,231.47524811392537,228.0171189555544,230.51041491917857,25916300
2021-02-03,232.13441467285156,234.13095819780892,228.5616410677944,228.85779186575422,27158100
2021-02-04,231.18869018554688,232.36370210777145,229.622022199084,231.80963464497927,25296100
2021-02-05,231.3701934814453,232.4019037859869,229.6697861026184,231.39885088630734,18054800
2021-02-08,231.6280517578125,232.7839389272452,230.04227449782377,232.27763883212205,22211900
2021-02-09,232.86997985839844,233.81570329400722,230.58684780779984,231.05492843301977,23565000
2021-02-10,231.96246337890625,234.92384008224641,230.11875453556536,234.04497905294213,22186700
2021-02-11,233.5577850341797,234.18826246133182,231.32240561908912,233.8348114486024,15751100
2021-02-12,234.03538513183594,234.3315212859185,231.87643070904207,233.022770321442,16561100
2021-02-16,232.80311584472656,235.12446761239,232.05799418510682,234.07364754036084,26728500
2021-02-17,233.81800842285156,233.92333243578818,230.69661025502367,231.0604595015452,21653500
2021-02-18,233.42544555664062,233.5594929778077,230.62001931004644,231.5200582564853,16925600
2021-02-19,230.72531127929688,233.49244413980136,229.96888945700763,233.38712013708025,25262600
2021-02-22,224.5399627685547,227.81456205861232,222.51966738845243,227.32624961880384,36446900
2021-02-23,223.35269165039062,224.84636699354783,219.00569842343597,220.53768137594562,30228700
2021-02-24,224.57827758789062,225.20063745920083,219.26422894259488,220.23128425603434,26339700
2021-02-25,219.25469970703125,224.6166119371233,218.19188978232248,222.21332760741032,39542200
2021-02-26,222.5005340576172,225.3634069812622,219.7812635364305,221.6866653597495,37819200
2021-03-01,226.86669921875,227.37416554950934,223.2378196722922,225.87090575494236,25324000
2021-03-02,223.92723083496094,227.21141518766257,223.52508849566448,226.9337360850043,22812500
2021-03-03,217.8854522705078,223.64952050590935,217.59820362700248,222.28989251072855,34029500
2021-03-04,217.09072875976562,222.6058557444878,214.72573791098387,217.10031296721587,44727800
2021-03-05,221.7537384033203,223.35273808955003,216.83226150346275,219.76216599500194,41872800
2021-03-08,217.72265625,223.44841621155584,217.47371524647886,221.53344495658067,35267400
2021-03-09,223.84103393554688,225.37301709229348,221.82073826999846,222.97930254117327,33080500
2021-03-10,222.53883361816406,226.92412005427826,222.17498436226296,226.92412005427826,29746800
2021-03-11,227.04859924316406,229.0018637332939,224.3484824311404,224.97085693103975,29907600
2021-03-12,225.727294921875,225.79432594592853,223.31442642722314,224.06126424055526,22653700
2021-03-15,224.82725524902344,225.1911045555788,221.95479763324937,224.9708868958571,26034900
2021-03-16,227.6039581298828,229.854041015424,225.909204156804,226.2347458255093,28092200
2021-03-17,226.96243286132812,228.40824580326876,223.31441421643075,226.11027106399007,29562100
2021-03-18,220.9111328125,224.23360982563509,220.53771392160374,222.67290324082728,34833000
2021-03-19,220.5568389892578,222.586704017824,219.59935327992318,221.1983526613033,46430700
2021-03-22,225.95706176757812,226.8283626746955,220.35576442572489,220.48024224534427,30127000
2021-03-23,227.47946166992188,230.8019383245051,226.99114920685457,227.3932914605699,31638400
2021-03-24,225.44960021972656,227.8816075865458,225.31555279966682,227.73799056865073,25620100
2021-03-25,222.4622344970703,226.86667476830124,221.72498099263913,225.29639873083224,34061900
2021-03-26,226.42623901367188,226.6464712680149,221.70584100914797,221.70584100914797,25479900
2021-03-29,225.2389678955078,226.73264342608155,222.02181497962823,226.53156497693166,25227500
2021-03-30,221.99307250976562,223.908043971191,221.27495821173113,223.60164152452802,24792000
2021-03-31,225.74642944335938,228.9348588863674,222.51012278869996,223.00801949174152,43623500
2021-04-01,232.04669189453125,232.51585059097783,227.92949998956965,228.33164227655556,30338000
2021-04-05,238.48098754882812,239.333149299018,232.38179326413973,232.4392400726803,36910600
2021-04-06,237.32241821289062,238.79693983718127,236.38408627016022,237.0830467757603,22931900
2021-04-07,239.2757110595703,240.2619203285823,236.6809325553028,237.27456911449357,22719800
2021-04-08,242.48326110839844,243.33542282364596,241.28640394596803,242.02367204884553,23625200
2021-04-09,244.97276306152344,245.1068104974857,241.70773277335192,242.1194446802093,24326800
2021-04-12,245.0301971435547,246.71538151960232,243.79503226701306,243.88121709356932,27148700
2021-04-13,247.50050354003906,248.17075531097734,245.91107355136577,246.3228146667329,23837500
2021-04-14,244.72377014160156,247.8260145046008,244.312058297405,246.53343216678118,23070900
2021-04-15,248.4676055908203,248.87931753907836,246.77286596789506,246.96434562701037,25627500
2021-04-16,249.65484619140625,249.9038018578808,246.648355876942,248.4388497054509,24878600
2021-04-19,247.73988342285156,250.36341456332264,246.85901279011068,249.1282496155156,23209300
2021-04-20,247.2802734375,249.13779808723464,245.9206308470202,246.85897737961304,19722900
2021-04-21,249.50160217285156,249.5973565835507,246.31318775959062,247.9313408739318,24030400
2021-04-22,246.2366180419922,250.65061323164073,244.7716514338191,249.1473536226995,25606200
2021-04-23,250.0474090576172,250.39211913765618,246.33235950466667,246.9164410330128,21462600
2021-04-26,250.43038940429688,251.2825657582876,249.1090835974423,250.53572803261042,19763300
2021-04-27,250.83255004882812,252.00068386501204,249.06119551820086,250.4591165703072,31014200
2021-04-28,243.73760986328125,245.63344247617863,242.19605697041092,245.192977920965,46903100
2021-04-29,241.77474975585938,245.21213510412278,238.41397963984036,244.59934473684103,40589000
2021-04-30,241.45872497558594,242.320470829382,238.9884248475567,239.1224722545821,30945100
2021-05-03,241.1523895263672,243.5365345797902,240.44384472962815,242.62691132381622,19626600
2021-05-04,237.25543212890625,240.53004686585734,235.3117368601184,240.30024498306622,32756100
2021-05-05,235.99154663085938,238.89272768605636,235.3691866512584,238.47143156014027,21901300
2021-05-06,239.11293029785156,239.23740812996687,234.28720818218096,235.9723779697014,26491100
2021-05-07,241.7268829345703,243.48865338351683,240.4917180124829,241.43005005006262,27032900
2021-05-10,236.67137145996094,241.02793547935957,236.613924640245,240.2044969732533,29299900
2021-05-11,235.76171875,236.11599842229506,232.25733191028016,234.15314965767922,33641600
2021-05-12,228.83912658691406,233.9904053250569,227.9486717264203,231.87435509010888,36684400
2021-05-13,232.6977996826172,235.1585454856775,231.15624678215937,231.52009610340892,29624300
2021-05-14,237.60008239746094,238.58629154857746,235.05318141277328,235.13935162363052,23901100
2021-05-17,234.75634765625,236.10640606144966,233.16693242516902,236.0681130601291,24970200
2021-05-18,232.74563598632812,235.93406526132515,232.57328095548002,235.80001784180902,20168000
2021-05-19,233.32147216796875,233.42703939757578,228.98365334584912,229.6650298465588,25739800
2021-05-20,236.54605102539062,237.95680642050272,234.03165022443645,234.12762575703587,21800700
2021-05-21,235.28884887695312,238.3214941013183,234.87618630622384,237.59212984793598,21863100
2021-05-24,240.67269897460938,241.0373883486232,237.53448716448693,237.80320102624225,21411500
2021-05-25,241.5748748779297,242.56336139082663,240.71115363257866,241.62286264574047,17704300
2021-05-26,241.35414123535156,242.74569859585426,240.64396036767923,241.29654712947791,17771600
2021-05-27,239.26199340820312,241.3445335898177,239.20441394645133,241.04702994155994,24426200
2021-05-28,239.61709594726562,241.92037711076773,239.50193701442453,240.88390278376352,18270200
2021-06-01,237.42897033691406,241.16219011250507,237.00671606727997,241.10461065045544,23213300
2021-06-02,237.33299255371094,239.2235961900808,235.93182895373278,238.12954255758635,19406700
2021-06-03,235.80706787109375,236.4116667965383,233.20628353326998,235.3368112456959,25307700
2021-06-04,240.68235778808594,241.50769763472985,237.53455340642336,237.77447761017086,25281100
2021-06-07,243.58062744140625,243.84934135732763,239.74184047817525,239.90498716685534,23079200
2021-06-08,242.39064025878906,245.69199976341898,242.33304614702865,244.87625158398234,22455000
2021-06-09,243.36949157714844,245.23130558654012,243.00481677554484,243.58062603040793,17937600
2021-06-10,246.87237548828125,247.08350993870562,243.4462658042312,244.04127308607627,24563600
2021-06-11,247.49624633789062,248.07204104485643,246.26780619603028,247.59219259730162,18999700
2021-06-14,249.4155731201172,249.47315257534447,246.45008473782653,247.50575689635525,19150500
2021-06-15,247.94723510742188,249.51154547597605,247.29464835477967,249.30041102216592,18038900
2021-06-16,247.00672912597656,250.07774084164856,244.16602059107635,248.94530582063734,27220000
2021-06-17,250.38487243652344,251.2006205192293,245.6919706294516,245.74955009057246,27565500
2021-06-18,248.97410583496094,251.7284306556283,248.32151911327628,249.16605688845348,37202200
2021-06-21,252.0450897216797,252.89920435421533,247.52492752843287,249.34834497200995,26696100
2021-06-22,254.8090362548828,255.07775011304642,251.82436480293774,252.13147472301443,24694100
2021-06-23,254.5787353515625,256.0758598739971,253.77259363083766,255.26971815327227,19518700
2021-06-24,255.94155883789062,257.0548107139266,254.77072749306174,255.43292067180403,21446900
2021-06-25,254.33880615234375,256.47894031384675,254.08930492861072,255.50006023392783,25611100
2021-06-28,257.8896789550781,258.0624173190281,255.19293377437566,255.4616476586145,19590000
2021-06-29,260.4617004394531,260.7016246346419,257.17955385033815,258.03366875564717,19937800
2021-06-30,259.9817810058594,260.42323320384054,258.7341872468465,259.7802529375048,21656500
2021-07-01,260.653564453125,260.8838822315419,258.7341715326861,258.74374858171234,16725300
2021-07-02,266.4597473144531,266.7956469721209,261.51731582698903,261.82442575900615,26458000
2021-07-06,266.4693908691406,268.11046403566195,263.244794707822,266.8244739642971,31565600
2021-07-07,268.64794921875,269.3773282430186,265.9799929781562,268.1393110275168,23260000
2021-07-08,266.23907470703125,267.49627505663517,263.791830519067,265.74001367275713,24618600
2021-07-09,266.73809814453125,266.84365072149694,264.2236975236495,264.60757033893503,23916700
2021-07-12,266.1430969238281,268.49433627554,265.43290144744316,267.9089353442858,18931700
2021-07-13,269.65557861328125,271.4502066850758,266.21027111145844,266.33500707591065,26120100
2021-07-14,271.12396240234375,272.2276079057793,269.2429355174447,270.9704073941302,23113700
2021-07-15,269.7035827636719,271.12394453030225,268.5519349217963,270.634489804362,22604200
2021-07-16,269.43487548828125,272.6498656125402,268.1968584208553,270.70168228808353,26186800
2021-07-19,265.8456115722656,269.0701786607104,263.3887901846065,267.68821296919947,32935600
2021-07-20,268.0625305175781,269.6460244586933,265.1258605067467,266.8245133835614,26259700
2021-07-21,270.05859375,270.173752645904,266.1142551272196,267.6593524599545,24364300
2021-07-22,274.6076354980469,274.8763494100788,271.9972592293282,272.4003154535662,23384100
2021-07-23,277.99542236328125,278.30250312202435,274.9531702112126,275.7881018535825,22768100
2021-07-26,277.4003601074219,278.0145801435692,275.0875164942922,277.3523869804331,23176100
2021-07-27,274.99151611328125,277.9089731585834,271.54620828066527,277.76502450299625,33604100
2021-07-28,274.6844177246094,278.4560190983951,272.3907283274344,277.34276730213355,33566900
2021-07-29,274.9530944824219,276.9876467259065,274.5500089966287,274.7035639775205,18168300
2021-07-30,273.4271240234375,275.1065928412769,272.4674275561007,273.67665447698084,20944800
2021-08-02,273.3408508300781,275.212242025892,272.30436188036447,274.8187628216139,16267400
2021-08-03,275.5481262207031,275.6537080927837,272.5538770462147,273.91665931799884,17879000
2021-08-04,274.9627380371094,275.99919768889043,273.1776867693029,274.6844177660965,16191300
2021-08-05,277.85137939453125,277.95696126160766,274.56923306560276,275.317795323746,13900200
2021-08-06,277.7937927246094,277.83218879233317,276.02795434835366,276.8820984514025,16589300
2021-08-09,276.7093200683594,279.7995444289697,276.2102883577603,278.0721021873737,16117600
2021-08-10,274.8955078125,277.592253026987,273.70549335133626,277.1603778240849,18616600
2021-08-11,275.385009765625,277.0260831007816,274.3389144756151,275.6345110192113,13955900
2021-08-12,278.1296691894531,278.28322415990436,274.7995208173079,275.0778410317268,14561300
2021-08-13,281.04718017578125,281.0951532950036,277.64023937005385,277.81300703201526,18249000
2021-08-16,282.72662353515625,282.9377579581513,278.33119671669976,281.37344781790824,22507600
2021-08-17,281.2679138183594,281.60381354222284,279.3485202964206,280.60574999790174,20075300
2021-08-18,279.5467834472656,283.4794538884407,279.1044566907851,280.8063906085156,21813000
2021-08-19,285.35443115234375,286.0275166816487,277.53718447593633,277.5852494378773,29850500
2021-08-20,292.6524658203125,294.0755466635113,286.5948135303095,288.190963446094,40817600
2021-08-23,292.9313049316406,293.6524553767425,290.23902167406834,291.5851633028545,22830200
2021-08-24,290.97943115234375,293.89287816648005,290.3832847329818,293.287107016583,18175800
2021-08-25,290.3928527832031,292.8735972507259,288.86401745475416,292.59474421285233,20006100
2021-08-26,287.58526611328125,290.7967868843221,287.45066658130844,289.41217526111103,17666100
2021-08-27,288.19097900390625,289.29673726337023,285.4121315880625,287.4890486022759,22605700
2021-08-30,291.91204833984375,292.5178193402861,289.4793689535972,289.53705863519326,16348100
2021-08-31,290.26788330078125,292.78709763966935,289.9024956924805,292.71018783230056,26285300
2021-09-01,290.2197570800781,293.450526164361,289.89283908325706,291.21976052803296,18983800
2021-09-02,289.5659484863281,291.69093033858195,288.6332593639689,290.5755767585639,16285600
2021-09-03,289.5563659667969,290.96019740569926,288.7102113426839,289.4121123902904,14747900
2021-09-07,288.63323974609375,289.5082391184174,286.7294213995241,289.4313293174563,17180400
2021-09-08,288.6621398925781,289.04674765844067,286.02754588554353,288.2486872778682,15046800
2021-09-09,285.8160705566406,290.51798736666865,285.5756869817402,289.2487550487067,19927000
2021-09-10,284.3351745605469,288.3832533102999,284.0178812923482,286.94095249475373,19633400
2021-09-13,285.56591796875,287.0563129863409,282.767851049367,286.1043745569801,23652900
2021-09-14,288.2582702636719,289.7967304480166,286.6332755453167,288.0371068920759,21853400
2021-09-15,293.09478759765625,293.57555457579934,290.2101857287975,291.5947969733447,28356300
2021-09-16,293.4793701171875,293.565904644582,289.19093725653136,292.07553887775646,19550800
2021-09-17,288.3351745605469,292.7870813462865,288.0082565459675,292.4697880609758,41372500
2021-09-20,282.9794921875,287.2294860954919,278.383360066102,284.93140536294595,38278700
2021-09-21,283.460205078125,286.09482813249366,282.7583040538949,284.3159844038209,22364100
2021-09-22,287.0948181152344,288.6717480113228,283.18139690958066,285.3160036325235,26626300
2021-09-23,288.037109375,289.32556135418525,286.085196618995,287.35442848279695,18604600
2021-09-24,287.835205078125,288.26787776636394,285.5082799167376,286.7582917069234,14999000
2021-09-27,282.8544616699219,285.0659780697312,281.67176431973326,284.7486847699523,23571700
2021-09-28,272.6141052246094,279.59485135493725,271.87373461890644,278.6525374846611,43186200
2021-09-29,273.0755920410156,275.73903003346476,272.1236829939495,274.13328506202356,26353700
2021-09-30,271.0756530761719,276.7582926672313,270.78717529668586,274.71984547108286,32343600
2021-10-01,277.9795837402344,278.82573865496653,270.4700028875353,271.2680634790172,30086300
2021-10-04,272.2198791503906,276.6814110362589,269.4699059701531,276.3448682644361,31350700
2021-10-05,277.65252685546875,279.2294271274474,273.1236812465694,273.1236812465694,24993000
2021-10-06,281.835205078125,282.3352215175468,274.5275704532508,274.7871740588591,28002600
2021-10-07,283.50830078125,285.22945482720434,282.6140812194665,283.825594084445,20430500
2021-10-08,283.50830078125,285.22945482720434,282.46023226093035,284.82559764308587,17685700
2021-10-11,282.9121398925781,286.5082674148435,281.4890591068928,281.6525327868535,19298600
2021-10-12,281.6140441894531,284.07556854608913,281.10443241273595,283.979409290472,17974100
2021-10-13,284.9120178222656,285.8447065852424,282.20048603583695,283.5658766549993,23416300
2021-10-14,291.1043701171875,291.6043571503594,286.3736107122371,287.70053210668726,27262900
2021-10-15,292.5082702636719,292.73905839342854,288.9602072094581,290.7102062536316,25384800
2021-10-18,295.4698181152344,296.3544130437195,291.04675544173375,291.8929101341572,22729300
2021-10-19,296.3736877441406,297.40250700469875,295.4025288425853,296.4890671495345,17682100
2021-10-20,295.585205078125,297.7871264122316,294.3351931255189,297.3159547433428,16537100
2021-10-21,298.80633544921875,299.0563143524255,294.5755620879851,295.3544316768825,16918100
2021-10-22,297.2678527832031,299.1236063471209,295.96015129406624,298.4601455444869,17449300
2021-10-25,296.2774963378906,297.49863403751334,294.6717215370627,297.4601644586546,17554500
2021-10-26,298.18133544921875,300.38325682669654,296.7294388642933,299.03711491126865,28107300
2021-10-27,310.7389221191406,313.5562093922769,303.8447111727647,303.8447111727647,52588700
2021-10-28,311.87359619140625,312.37358336767323,308.9985892327168,311.8543467291355,26297900
2021-10-29,318.8638916015625,319.2292792064878,311.44084815229064,311.6620115299265,34766000
2021-11-01,316.7004699707031,318.7389174914313,313.81586777864834,318.6139133681184,27073200
2021-11-02,320.3158264160156,320.62352433879016,317.30622029819705,317.60429349098206,26487100
2021-11-03,321.1523132324219,322.0176878484429,317.9311688926411,321.05615397648955,21500100
2021-11-04,323.4984436035156,323.594602855101,316.8350212145878,320.0850102498618,23992200
2021-11-05,323.1330871582031,325.75808532637757,321.5561867864097,325.48885700223303,22570100
2021-11-08,324.02740478515625,324.66202088646315,321.57550428148005,324.325478043448,20897000
2021-11-09,323.02734375,325.69078224022303,321.6619526233949,324.1426973147689,21307400
2021-11-10,318.075439453125,321.75813115179415,317.22931417120816,321.7004414585655,25500900
2021-11-11,319.6427307128906,320.9311827118845,317.7966019223306,318.50812767039145,16849800
2021-11-12,323.7677307128906,324.2581224444753,320.95044312615977,321.07544724155895,23831000
2021-11-15,323.14276123046875,324.8831355458123,321.18122351578705,324.5562174839805,16723000
2021-11-16,326.4504699707031,327.56585311043665,322.60433335521935,322.767777728909,20886800
2021-11-17,326.6719970703125,329.6293143564149,325.59311335095464,326.49861134342495,19053400
2021-11-18,328.74298095703125,329.879689002484,324.74532101503996,325.76640921041985,22463500
2021-11-19,330.51544189453125,332.43241492443923,329.638871148073,330.06272241316236,21963400
2021-11-22,327.3559265136719,336.83475779834544,327.08620558426253,331.9701093321085,31031100
2021-11-23,325.2847595214844,326.98980687418253,321.31599723176595,324.6778802533964,30427600
2021-11-24,325.50640869140625,325.74723199137054,321.6532358919778,323.93623607205905,21661300
2021-11-26,317.5784606933594,325.5256287318422,316.0757258160542,322.07705238453224,24217200
2021-11-29,324.27337646484375,326.585274135935,322.4527383080336,322.64540869619697,28563500
2021-11-30,318.45501708984375,325.3810958451543,316.91374246967,323.011403387591,42885600
2021-12-01,317.9637451171875,326.8260526046821,317.2990999831267,322.82839247617034,33337600
2021-12-02,317.3954772949219,321.2486502191634,315.76750938263973,318.1757424602907,30766000
2021-12-03,311.1532897949219,320.48760157043654,306.3560799414712,319.8036423557392,41779300
2021-12-06,314.216552734375,315.43031134746263,307.51204154241043,312.058785775437,30032600
2021-12-07,322.6261291503906,323.4738023613807,317.9830494801912,319.46652904482426,31021900
2021-12-08,322.67437744140625,323.1849217454666,318.6574312020027,323.0018936555789,24761000
2021-12-09,320.8728942871094,324.1384421698019,319.9288565931606,322.13480572641566,22214200
2021-12-10,329.9664001464844,330.40950670555475,322.50087922237924,322.68390724843727,38095700
2021-12-13,326.9416809082031,331.1705518397965,326.6334200526802,328.17469493292174,28899400
2021-12-14,316.2876892089844,322.35645407358095,312.2129483454999,320.9885647798209,44438700
2021-12-15,322.3660583496094,322.88624490056276,312.5886384053127,316.54775928331173,35381100
2021-12-16,312.973876953125,324.39854675005074,311.16288148400196,323.38707150321426,35034800
2021-12-17,311.9143371582031,312.9932502732076,305.6047782395522,309.1015373797269,47750300
2021-12-20,308.1671142578125,310.9510161666708,305.9130118209808,308.3019600117902,28326500
2021-12-21,315.2762451171875,315.70009648431505,308.0611589340678,311.4230722504831,24740600
2021-12-22,320.96929931640625,321.36422365049356,313.7927533668709,316.24913921677904,24831500
2021-12-23,322.404541015625,324.0421508973986,320.5164949405719,320.5357502177873,19617800
2021-12-27,329.8797607421875,329.908658361648,323.1174238146764,323.14632143413695,19947000
2021-12-28,328.7237854003906,331.18981349731865,327.827929831812,330.5540364945737,15661500
2021-12-29,329.3981628417969,331.66187862801604,327.21146818902395,328.77199866530646,15042000
2021-12-30,326.8645935058594,330.53473754796454,326.3829469974742,329.35951889161,15994500
2021-12-31,323.9747009277344,326.90309041033254,323.52195205286245,326.0843148981623,18000800
2022-01-03,322.46234130859375,325.5930436513956,317.6747737807834,323.04032300520043,28865100
2022-01-04,316.93304443359375,322.89583055126775,314.1491135080895,322.5393874417457,32674300
2022-01-05,304.7666320800781,314.10094323545275,304.38132077467725,313.8986305472885,40054300
2022-01-06,302.3583984375,307.00147755160896,300.0561141565579,301.6551839949287,39646100
2022-01-07,302.51263427734375,304.88232754930465,298.70761400711353,302.6185824289415,32720000
2022-01-10,302.73406982421875,303.16756341784094,293.5057361453158,298.1295306229004,44289500
2022-01-11,303.4180908203125,304.9882339809429,298.5149321522782,301.8768158812795,29386800
2022-01-12,306.5872497558594,311.538589841844,305.44092874443083,307.93588346156525,34372200
2022-01-13,293.6116943359375,309.10146222236773,292.8410716956861,308.7065085650938,45366000
2022-01-14,298.81353759765625,299.4107746285059,292.6002852144012,293.0819317744249,39846400
2022-01-18,291.5406494140625,298.42818916600646,290.66404916965183,292.90853854423693,42333200
2022-01-19,292.1957092285156,302.3873676008085,291.58885921501854,295.0470782257124,45933900
2022-01-20,290.5292053222656,300.21028923440434,290.0860987267936,297.72500596711825,35380700
2022-01-21,285.1636962890625,292.9470927232566,284.7591001939449,291.5792327867731,57984400
2022-01-24,285.49114990234375,286.20397733564954,265.9170285250383,281.4742344395524,85731500
2022-01-25,277.900390625,284.16179518047517,274.70228017866594,280.8191672649652,72848600
2022-01-26,285.8186340332031,297.17586579012413,282.2737231433276,296.6845769938161,90428900
2022-01-27,288.8338317871094,296.0199908832467,286.9939382332395,291.55032568742257,53481300
2022-01-28,296.94476318359375,297.1566888577396,283.64168680427184,289.2095201733317,49743700
2022-01-31,299.56488037109375,300.9134847485598,295.1240841669652,297.60939667442534,46444500
2022-02-01,297.4264221191406,299.2277757254821,293.92966304924204,299.01585004253747,40950400
2022-02-02,301.95379638671875,303.55286619292593,297.54192766153886,298.2643973656909,36636000
2022-02-03,290.1920166015625,299.80569133626227,288.9493603987936,298.12954152402045,43730000
2022-02-04,294.70989990234375,297.46490411870997,288.95903879189694,289.19021973386526,35096500
2022-02-07,289.9030456542969,296.54011926462067,288.8915703465275,294.93143638637616,28533300
2022-02-08,293.38055419921875,294.34384733210226,288.9397869673649,290.1920562811641,32421200
2022-02-09,299.7864685058594,300.4800407856737,296.1067108242928,298.4956591456946,31284700
2022-02-10,291.28057861328125,297.77316484125447,289.66225322547234,292.8796487217257,45386200
2022-02-11,284.2099609375,293.12042074814497,283.4200536610799,292.060792620919,39175600
2022-02-14,284.17138671875,285.86679151785575,280.655373745601,282.98652594700707,36359500
2022-02-15,289.4407043457031,289.75857816176847,286.11733109996294,288.99759771206277,27058300
2022-02-16,289.10284423828125,290.42527991431285,283.48487872602993,288.0120675250117,29982100
2022-02-17,280.63726806640625,286.4965245719969,279.9325995384942,286.07179689190673,32461600
2022-02-18,277.9344787597656,283.65861124098427,276.37072190934305,282.876732815773,34264000
2022-02-22,277.7318115234375,281.41920742809083,274.6235925315727,275.10623504920284,41736100
2022-02-23,270.5404357910156,281.573666522266,270.37635382579157,280.10641436358,37811200
2022-02-24,284.3633117675781,284.9135313013762,262.0941791874867,263.0498313930732,56989700
2022-02-25,286.9888610839844,287.2977593325136,281.52534482802724,284.8942092758671,32546700
2022-02-28,288.4175109863281,288.7553666251348,282.8285026347826,284.0930236175549,34627500
2022-03-01,284.7108154296875,289.55653540384833,282.0079998222269,286.1104609698699,31217800
2022-03-02,289.7688903808594,291.0044539337732,283.50420050610404,285.10654759375143,31873000
2022-03-03,285.6471252441406,292.60682123875046,283.84201770674827,292.37516228556973,27314500
2022-03-04,279.7975158691406,285.3961869424116,277.20092613588724,284.07375111161906,32356500
2022-03-07,269.22760009765625,279.6333695655803,268.8607871426468,278.5136356085561,43157200
2022-03-08,266.2738952636719,274.10234312414246,260.6269716528933,268.1561834951562,48159500
2022-03-09,278.48468017578125,279.5464994060376,271.03267993001293,273.60034117475794,35204500
2022-03-10,275.6757507324219,276.6506980483507,270.83966326078166,273.1949611124185,30628000
2022-03-11,270.3472900390625,279.4595798639488,269.7294936979138,277.9633709204393,27209300
2022-03-14,266.8433837890625,275.49232901217977,266.2449118112666,270.60798934145595,30660700
2022-03-15,277.1814880371094,277.82824172978474,269.05380758476196,270.61756404215106,34245100
2022-03-16,284.17022705078125,284.343971257443,273.36868699762886,279.07349465678493,37826300
2022-03-17,284.971435546875,285.3478813742308,279.3245124712581,283.1084425886128,30816600
2022-03-18,290.00054931640625,290.55076880569743,282.56787290557435,285.11620984529543,43390600
2022-03-21,288.77459716796875,289.7205868535309,284.6624745949612,288.51398088334355,28351200
2022-03-22,293.5044860839844,294.41185612837654,288.3981213802289,289.3923635193199,27599700
2022-03-23,289.0931701660156,292.7033557846491,287.3846264690427,290.0777796338965,25715400
2022-03-24,293.5431213378906,293.6396557120755,287.96377622460426,288.75531685150304,24484500
2022-03-25,293.1377868652344,294.89461290569596,288.9002003810055,294.63399652050595,22566500
2022-03-28,299.9140319824219,300.0105369064653,293.7651423882981,293.7651423882981,29578200
2022-03-29,304.46051025390625,304.8562805932184,298.3212830440557,303.01258292097964,30393400
2022-03-30,302.96429443359375,304.9817657302456,300.76344611358445,302.86778951334975,28163600
2022-03-31,297.6070556640625,304.19996958946103,297.20165240659253,303.0029959983566,33422100
2022-04-01,298.67840576171875,299.3637496525615,294.9330964008012,298.6301238516783,27110500
2022-04-04,304.0357971191406,304.1709216917822,298.9583889350334,299.32520192359516,24289600
2022-04-05,300.0877380371094,303.9392148944746,299.11279097971965,302.3947533501223,23156700
2022-04-06,289.10284423828125,296.3424814061848,286.4096909635366,294.59531799298344,40110400
2022-04-07,290.907958984375,293.1088077819277,286.0622385020708,286.3614745193312,31411200
2022-04-08,286.66070556640625,290.6666326754491,285.99465651807475,290.0102459043335,24361900
2022-04-11,275.3572082519531,282.452029428348,275.10622472559214,281.6605181173394,34569300
2022-04-12,272.268310546875,280.64697807098315,270.75280588328843,279.1990504337595,30966700
2022-04-13,277.6352233886719,278.5618885948695,271.5346160767129,272.914995798149,21907200
2022-04-14,270.11572265625,278.30135109358486,269.6234472757118,278.0889871884744,28221600
2022-04-18,270.78167724609375,272.654332085389,268.67736348503956,269.22758288237094,20778000
2022-04-19,275.3957824707031,276.2356051160154,268.7449845312876,269.6813121043786,22297700
2022-04-20,276.41900634765625,279.64308426283594,275.46338359699905,279.35348107967593,22906700
2022-04-21,271.0616455078125,283.1180442640561,270.33768184591173,278.5618984401678,29454600
2022-04-22,264.51702880859375,273.36870459899797,263.8895994942571,271.90145264874303,29405800
2022-04-25,270.9747619628906,271.35120773294403,261.37016600391445,263.80270265842034,35678900
2022-04-26,260.8392028808594,268.6966041189789,260.6268390929022,267.86647351214947,46518400
2022-04-27,273.38800048828125,280.86895873505813,269.4689460085579,272.30688607431046,63477700
2022-04-28,279.575439453125,280.8785798159734,271.6890497286869,275.28957261335694,33646600
2022-04-29,267.8858947753906,279.81683323611406,266.9013146355611,278.59090237715037,37073900
2022-05-02,274.5946350097656,275.04832015441815,266.63103347319105,268.0692987483365,35151100
2022-05-03,271.998046875,274.26647285650915,270.42462737594974,274.1023614203299,25978600
2022-05-04,279.9133605957031,280.78211122173315,267.1233340856761,272.77989016075946,33599300
2022-05-05,267.72186279296875,276.4094298097779,264.8163448418446,275.62755113491846,43260400
2022-05-06,265.1927490234375,269.55582646003774,261.8528418348636,265.26995885904273,37780300
2022-05-09,255.39512634277344,262.90504346434847,254.17888711238737,260.68489945201344,47726000
2022-05-10,260.14434814453125,264.24681003549324,255.86814199638223,262.2583249814684,39336400
2022-05-11,251.50497436523438,261.93970200384274,250.298368214071,256.45689072291424,48975900
2022-05-12,246.48550415039062,250.8582435521003,241.3405338858611,248.74426727264887,51033800
2022-05-13,252.0552215576172,253.9085817712002,246.4855375563082,248.4161076104666,34925100
2022-05-16,252.4220428466797,256.5920813701669,246.9006111326629,250.9354956080161,32550900
2022-05-17,257.5573425292969,259.0149028011125,253.34868474571135,256.87196899135023,28828800
2022-05-18,245.83084106445312,255.04176140596195,244.56337491481253,254.4612355715473,31356000
2022-05-19,244.9213409423828,249.30427969315693,243.70225448849024,245.65666082139012,32692300
2022-05-20,244.36019897460938,250.14605852725083,238.43890011882908,248.88824756705642,39199300
2022-05-23,252.18753051757812,253.00993966850874,245.2019394152582,247.1950702704872,33175400
2022-05-24,251.19094848632812,252.8454218843062,245.26965040786493,249.51713505523247,29043900
2022-05-25,253.99679565429688,255.98991161054977,248.78180725280606,249.75902519728396,28547900
2022-05-26,257.2671203613281,258.4378274860186,252.94224496283675,253.7549694604812,25002100
2022-05-27,264.3687438964844,264.46550311516876,258.87316278571984,259.763306260141,26910800
2022-05-31,263.0432434082031,265.8490837513658,260.1986934699792,263.6818188562503,37827700
2022-06-01,263.5753479003906,268.67423608497063,261.2726146793663,266.26508840879205,25292200
2022-06-02,265.665283203125,265.73301762123407,253.10671973952768,255.86419557770878,44008200
2022-06-03,261.2532958984375,264.5719571114333,259.6955816677973,261.5338887851949,28059000
2022-06-06,260.0245666503906,265.27826522689224,258.5442419264379,263.2270994161104,22400300
2022-06-07,263.6528015136719,264.26235216439045,257.30578597515415,257.9830710374571,22860700
2022-06-08,261.630615234375,264.1365222872214,260.85657107937885,262.88839638694134,17372300
2022-06-09,256.193115234375,263.8559613723618,256.0383063846379,259.08602995149107,26439700
2022-06-10,244.77622985839844,252.11978854806873,244.33115809000796,252.11978854806873,31422800
2022-06-13,234.3945770263672,240.9351106086177,233.68828195632932,237.1520524259518,46135800
2022-06-14,236.55221557617188,237.76163216918874,233.6689557887817,235.94266488900783,28651500
2022-06-15,243.58616638183594,247.01124236384646,238.41954235569622,240.24817961274056,33111700
2022-06-16,237.01661682128906,239.38707028498348,235.12992997318065,237.99382006995404,33169200
2022-06-17,239.609619140625,242.36709498896798,236.10715327065702,236.75539881898118,43084800
2022-06-21,245.50186157226562,246.4790647181553,241.40918580520898,242.13483565226932,29928300
2022-06-22,244.91165161132812,248.8204934956348,242.24125087999028,243.71190528540944,25939900
2022-06-23,250.4556121826172,250.94906352812058,245.39543280330932,247.27244944007643,25861400
2022-06-24,259.0086669921875,259.2795751254641,253.22280743470034,253.3098818853851,33923200
2022-06-27,256.2898864746094,259.589148741076,254.73214265073585,259.50207429528484,24615100
2022-06-28,248.15293884277344,258.24430356414223,247.99812997940293,255.40943822517565,27295500
2022-06-29,251.81019592285156,253.46466940003842,247.45628183135534,249.22686932972684,20069800
2022-06-30,248.4915313720703,251.10388274506582,244.68913309560924,248.70438985080898,31730900
2022-07-01,251.15220642089844,251.33604005543503,246.34358093055036,248.06580327530344,22837700
2022-07-05,254.3161163330078,254.44190037764724,246.46942121872016,247.84331663869565,22941000
2022-07-06,257.5669860839844,259.2891938730712,253.88068722348527,255.18686285339652,23824400
2022-07-07,259.685791015625,260.3243661906087,256.41552551044634,256.5122846933391,20859900
2022-07-08,258.9698791503906,259.3955960207404,254.7417647817811,256.1930642415837,19658800
2022-07-11,255.9222412109375,257.8766478364502,253.66787209945863,257.0252138128929,19455200
2022-07-12,245.43417358398438,257.3058114608363,243.8570895604945,257.2477618242344,35868500
2022-07-13,244.51499938964844,245.31805374321544,240.05467060292142,242.06714149558593,29497400
2022-07-14,245.83084106445312,246.85642391031848,237.95512128406688,242.4348047942675,25102800
2022-07-15,248.38510131835938,251.91659126646923,246.4984147054872,247.41756820782146,29774100
2022-07-18,245.99530029296875,252.37134012804827,245.07614676470823,251.3167325510271,20975000
2022-07-19,251.10389709472656,251.2877307699049,245.44382181429663,249.2171954923263,25012600
2022-07-20,253.7549591064453,256.2705517022864,250.5040612485148,251.46190980901676,22788300
2022-07-21,256.24139404296875,256.2897884010696,248.68496491761488,251.35536500708497,22404700
2022-07-22,251.9069061279297,256.7155468615233,250.65880967638628,256.628472424911,21881300
2022-07-25,250.42657470703125,253.0099010286227,248.47216851036575,252.526134487459,21056000
2022-07-26,243.72157287597656,251.44249735505653,241.46723382900603,251.4231277966496,39348000
2022-07-27,260.01483154296875,261.2822975208546,250.44594469622396,252.68094375810006,45994000
2022-07-28,267.4358825683594,268.8194480987204,259.17313993208194,260.9921072574556,33459300
2022-07-29,271.625244140625,272.8443453449876,267.64869711004144,268.6839646557535,32152800
2022-08-01,268.9839172363281,272.14774020428075,266.8843571782586,268.8000835642348,21539600
2022-08-02,265.8974304199219,268.86776386408434,263.5366474998383,267.03911229184763,22754200
2022-08-03,273.299072265625,274.29563016416313,267.6293130218933,267.77446660635644,23518900
2022-08-04,274.4407653808594,274.58588944445677,271.0737689983291,272.65082319177765,18098700
2022-08-05,273.724853515625,274.4408187197017,269.6321769661417,270.0869188049732,16774600
2022-08-08,271.2189636230469,276.63715644551485,270.251430244991,274.82784422605897,18739200
2022-08-09,273.1346130371094,273.8892877589125,268.5968799256363,270.5610006852255,23405200
2022-08-10,279.7719421386719,280.4008328998237,277.6240169581476,278.8140935874834,24687800
2022-08-11,277.7013854980469,281.75535221728916,277.2079636139316,281.40705441673725,20065900
2022-08-12,282.43255615234375,282.43255615234375,277.6239160535678,279.1139251124632,22619700
2022-08-15,283.9419250488281,284.62886524606995,280.6909986505251,281.55211723691497,18085700
2022-08-16,283.2066345214844,284.49347021164397,280.9910047541906,282.51000943686375,18102900
2022-08-17,282.4600524902344,284.42831264174936,280.6663108728771,280.9280886741136,18253400
2022-08-18,281.34503173828125,283.0321034033775,280.2881560238518,281.36441282325103,17186200
2022-08-19,277.447265625,280.4529907173876,276.8752129457477,280.11362940883,20570000
2022-08-22,269.302734375,273.8694799294029,268.7888545532896,273.5010322101689,25061100
2022-08-23,268.0325927734375,270.3789763942887,267.0242141584032,268.0325927734375,17527400
2022-08-24,267.40240478515625,268.7986124206689,266.7430631426748,267.03395699391723,18137000
2022-08-25,270.3692932128906,270.5341064037505,266.170965672793,268.89550229541334,16583400
2022-08-26,259.9365539550781,271.813993730699,259.82991359676106,270.59230474229855,27549300
2022-08-29,257.1634826660156,259.26746916598336,255.82544832955261,257.7646216660064,20338500
2022-08-30,254.97232055664062,258.9282229004118,252.73257672555434,258.55980465800354,22767100
2022-08-31,253.51788330078125,258.9863379304906,253.3821269343252,257.31867689878567,24791800
2022-09-01,252.4803924560547,252.9555101006961,247.64216387595837,250.9969258611679,23263400
2022-09-02,248.2724151611328,256.68842221316766,246.7307755662362,253.74089939007345,22855400
2022-09-06,245.5478515625,249.98854598700117,244.27769525029933,248.40814439377215,21328200
2022-09-07,250.2406768798828,250.95816170983366,245.51879346007277,246.95377791469627,24126700
2022-09-08,250.65760803222656,252.5095226601968,247.04105284590432,249.67834533210234,20319900
2022-09-09,256.4169616699219,257.1635625736853,252.37380057718096,252.57740555573184,22084700
2022-09-12,258.5403137207031,259.31600091262334,257.09563886057305,257.69677794091064,18747700
2022-09-13,244.32620239257812,252.48041678186516,243.9383587650543,250.96786362132625,33353300
2022-09-14,244.54920959472656,246.49807394155667,242.26098391432333,245.8193660691324,23913000
2022-09-15,237.91720581054688,243.75410750034436,236.59856721458627,242.1736911292833,31530900
2022-09-16,237.2966766357422,237.83964287173066,234.69817634172827,236.83126432370605,39791800
2022-09-19,237.08335876464844,237.68449782170777,233.5249771298103,235.09570294714337,26826900
2022-09-20,235.0762939453125,236.10405348666853,232.35175766820703,234.70786105738728,26660300
2022-09-21,231.6827850341797,240.12789337863492,231.634302730604,236.84099440441966,28625600
2022-09-22,233.65101623535156,236.44343087375472,230.34473658595115,230.63560078185145,31061200
2022-09-23,230.68409729003906,233.79647753038185,228.04681992346752,232.25482322354088,34176000
2022-09-26,230.22840881347656,234.10675645335732,229.69513305404854,229.84057996737735,27694200
2022-09-27,229.22003173828125,234.44610429031408,227.36811729613822,232.68144911431068,27018700
2022-09-28,233.7383270263672,234.96000122532365,227.5911346801097,229.60787725874428,29029700
2022-09-29,230.2769012451172,232.65238632006964,227.28088111228263,231.6246265174576,27484200
2022-09-30,225.8167724609375,233.224415436406,225.65194447106404,231.0428450141116,35694800
2022-10-03,233.41835021972656,234.26188606885609,227.52326022905194,228.25045038719026,28880400
2022-10-04,241.310791015625,242.74577547683293,237.52939325058418,237.6360484007584,34888400
2022-10-05,241.62107849121094,242.95911329133793,236.67619364655312,238.50871249272885,20347100
2022-10-06,239.28433227539062,242.72636855289312,238.59593389672287,240.38966069294162,20239900
2022-10-07,227.1160430908203,233.98072018796898,226.07857799580754,233.5734806664739,37769600
2022-10-10,222.27780151367188,227.42630569411762,219.83443833161004,225.9622347703348,29743600
2022-10-11,218.5545654296875,222.09355135270334,217.2940996232981,220.69734398530096,30474000
2022-10-12,218.8842315673828,220.93006041435294,217.14867761413385,218.54487025171542,21903900
2022-10-13,227.1160430908203,228.91947533494175,212.465584291104,213.16368804977824,42551800
2022-10-14,221.6087646484375,230.02478606979594,221.3954543611521,228.3764766144597,30198600
2022-10-17,230.30596923828125,231.6924861628052,227.98865719878884,228.64798396705297,28142300
2022-10-18,231.2464599609375,236.5113093692739,228.21164843552518,235.84230688122926,26329600
2022-10-19,229.2878875732422,232.3226990610641,227.1644900654512,229.83085382652337,19985700
2022-10-20,228.96792602539062,233.97099766347205,227.72685605551754,228.59949308712024,21811000
2022-10-21,234.75636291503906,235.60960407563198,227.3681158672251,227.60082203685621,26299700
2022-10-24,239.7303466796875,240.30239936572295,233.96130792884753,236.34648327507583,24911200
2022-10-25,243.0366668701172,243.4050998483293,238.3535601564571,239.74006238454706,34775500
2022-10-26,224.28485107421875,231.05256356203466,223.06316209926047,224.13940416091688,82543200
2022-10-27,219.8538360595703,226.58277171119522,218.9133355552526,224.01335747357737,40424600
2022-10-28,228.6964569091797,229.40426599695735,219.1751212635659,219.35934514135127,40647700
2022-10-31,225.07020568847656,227.77534655596756,224.11999990021067,226.65062223193135,28357300
2022-11-01,221.23065185546875,228.57043214353084,220.41620237096575,227.46510361607025,30592300
2022-11-02,213.4060516357422,224.2654203807508,213.34786400262064,222.48138429440567,38407000
2022-11-03,207.73399353027344,213.70665239090863,207.4722009244926,213.3963774811355,36633900
2022-11-04,214.65684509277344,214.8507595155396,206.93892679101333,210.93363491466297,36789100
2022-11-07,220.93975830078125,221.46334350265937,214.55018429237435,215.23859748900023,33498000
2022-11-08,221.90933227539062,224.6047824698309,218.97148537429405,221.74450429023085,28192500
2022-11-09,217.68191528320312,221.67662274199262,217.50739677017623,220.4549339719257,27852900
2022-11-10,235.59022521972656,235.92958655895382,227.8529257557349,228.2698410290553,46268000
2022-11-11,239.59458923339844,240.4478303320997,234.57212203157073,235.5998964435155,34620200
2022-11-14,234.2036895751953,236.49191496687794,231.93486006162664,234.63031012538158,31123300
2022-11-15,234.6109161376953,239.48793649488397,232.72991540292844,238.1886937504624,31390100
2022-11-16,235.0387420654297,237.05145015358517,233.76500614633548,236.06939815763067,24093300
2022-11-17,234.99012756347656,236.51667602662837,231.05224616268976,231.19808812700944,23123500
2022-11-18,234.5428924560547,236.99314155676598,232.41351054537606,236.76949740720514,27613500
2022-11-21,235.3498992919922,237.8973712159803,234.51370406585946,234.74705121223045,26394700
2022-11-22,238.2473907470703,238.51963895713513,234.04697919434565,236.8472486173572,19665700
2022-11-23,240.72679138183594,241.40741186039304,237.50841717604806,238.32516175031657,19508500
2022-11-25,240.63929748535156,241.81579547416155,239.900325357093,240.46427230471662,9200800
2022-11-28,235.06793212890625,239.82257338781716,234.13451381597585,239.26835904634282,24778200
2022-11-29,233.6775360107422,236.06943355765867,231.61622351723406,234.71791011091975,17956300
2022-11-30,248.07757568359375,248.26231874681702,233.22053616535177,233.91088948006765,47594200
2022-12-01,247.64002990722656,249.0304395252054,243.97438162172944,246.8427208792038,26041500
2022-12-02,247.96090698242188,248.97211266889659,242.77844260274807,242.90484887721385,21528500
2022-12-05,243.27427673339844,246.79408255563942,241.19351410319612,245.03417222631165,23435300
2022-12-06,238.33486938476562,244.8883059091825,237.0319652621764,243.87710050387477,22463700
2022-12-07,237.6056365966797,239.34609626164672,235.50543841413992,238.0529099537657,20481500
2022-12-08,240.55181884765625,241.85473814761843,236.33195612078578,238.0626835034454,22611800
2022-12-09,238.62660217285156,241.43660437225947,237.40148518904434,237.92653108598594,20609700
2022-12-12,245.5203399658203,245.5495083577721,240.32815848858516,240.6004067044122,30665100
2022-12-13,249.8082733154297,256.61450802590645,246.06483829010176,254.44622542877917,42196900
2022-12-14,250.0999755859375,255.32132556389985,247.27052281634482,250.01247040825905,35410900
2022-12-15,242.11721801757812,247.16355744305537,240.49344660406408,246.69684834391964,35560400
2022-12-16,237.91680908203125,242.92424748334844,236.7694646066407,241.6699621291789,86102000
2022-12-19,233.794189453125,238.42243914772908,232.1023632453267,238.08212143380248,29696400
2022-12-20,235.10678100585938,236.18605589055997,231.8203374254098,232.77320606888904,25150800
2022-12-21,237.6640167236328,238.82107914890844,233.463604755998,234.99987114249353,23690600
2022-12-22,231.59674072265625,235.29155709825014,227.39631414751827,234.58175331390822,28651700
2022-12-23,232.12179565429688,232.25791977065128,227.46439246807083,229.57432368977197,21207000
2022-12-27,230.40078735351562,232.3162427208361,229.30206179925912,232.09261343652005,16688600
2022-12-28,228.03802490234375,233.08436401519373,227.68798939057342,230.3326988491907,17457100
2022-12-29,234.3386688232422,235.2234829457409,229.12703678909463,229.12703678909463,19770700
2022-12-30,233.18162536621094,233.3177494769252,230.1090927684712,231.6161906747891,21938500
2023-01-03,232.9482421875,238.94745003778394,230.82857855768225,236.3513594820361,25740000
2023-01-04,222.75836181640625,226.42399496515415,219.70527974958796,225.85033012794412,50623400
2023-01-05,216.15628051757812,221.25123850297186,215.62150198648686,220.9109208459828,39585600
2023-01-06,218.70376586914062,219.51079264209568,213.27823740876858,216.82719680304174,43613600
2023-01-09,220.83316040039062,224.8391261091335,220.14282198786435,220.18170823285104,27369800
2023-01-10,222.5153045654297,224.90720202339816,221.03737489705813,221.45546512498274,27033900
2023-01-11,229.2437286376953,229.41873899259986,224.71271707723938,224.88772743214392,28669300
2023-01-12,231.9078826904297,233.25940599267489,227.09490487805533,228.74784480479596,27269500
2023-01-13,232.6079559326172,232.74408004932297,228.41726187215806,230.4396879177981,21333300
2023-01-17,233.69696044921875,234.24145690846152,230.52718988997353,231.3828356610212,29831300
2023-01-18,229.28262329101562,235.67076853478866,229.0006572078567,234.88319223600368,30028700
2023-01-19,225.510009765625,229.00064735365646,224.29461063179636,227.3088064182575,28623000
2023-01-20,233.57058715820312,234.07619744305148,228.01863638783448,228.35895414110928,35389800
2023-01-23,235.86520385742188,238.38350713722812,233.01630075916648,234.42617553130606,31934000
2023-01-24,235.3401641845703,237.19729766623655,233.7844621578948,235.78743760454404,40234400
2023-01-25,233.9497528076172,236.5652941592754,224.50852565701223,227.98943061234027,66526600
2023-01-26,241.13519287109375,241.43660948835614,235.30127691453504,236.90559786802248,33454500
2023-01-27,241.29078674316406,242.91455836670545,239.99760015608618,242.09781362847204,26498900
2023-01-30,235.99159240722656,238.80159421660017,235.49570013495213,237.74175504504908,25867400
2023-01-31,240.95046997070312,241.08659409428063,236.22499705734649,236.7111567610399,26541100
2023-02-01,245.7537078857422,248.11643670951443,238.67522443009082,241.1351911203326,31259900
2023-02-02,257.2757263183594,257.36323150604915,250.12917259535388,251.65572121722164,39940400
2023-02-03,251.19869995117188,256.8867738555353,249.9833008123263,252.3557623051793,29077300
2023-02-06,249.6624298095703,251.15007723406973,247.72752379068612,250.31389683270552,22518000
2023-02-07,260.15374755859375,261.33024559426707,252.88078856760495,253.31834411841427,50841400
2023-02-08,259.3467712402344,269.09913389839613,258.8411461479816,265.63767911484825,54686000
2023-02-09,256.32281494140625,266.3960585481187,255.525505975814,266.2210185187912,42375100
2023-02-10,255.81723022460938,256.7798168982394,253.4447686061317,254.29068170390744,25818500
2023-02-13,263.8096618652344,266.99886776795535,259.75507760072225,260.23153420322126,44630900
2023-02-14,264.6361389160156,267.35862090148964,261.82612208741193,265.12229853290944,37047900
2023-02-15,262.52093505859375,263.89534271397224,259.4601911138888,261.54618038787015,28922400
2023-02-16,255.5319366455078,260.00605711365523,255.2882479724247,257.354723160625,29603600
2023-02-17,251.54519653320312,253.5239473924271,249.53720422274546,252.8416369479222,30000100
2023-02-21,246.29127502441406,249.04009049318063,245.2385381346892,248.05557870006874,28397400
2023-02-22,245.1605224609375,247.91907974541917,244.02006137135174,247.67539109703995,22491100
2023-02-23,248.33824157714844,250.3559759296498,244.15653587973247,249.10829119149065,29219100
2023-02-24,242.9283447265625,244.66340673985152,241.83662432455813,243.6496684913582,24990900
2023-02-27,243.8446502685547,246.43750145661366,243.09408495125825,246.08658915391715,21190000
2023-02-28,243.12330627441406,245.14105556625483,242.4507231771338,242.7821510664902,22491000
2023-03-01,240.05282592773438,244.59517118131993,239.58493299824488,244.42946467971646,27565300
2023-03-02,244.77066040039062,245.0533327272031,239.4095093951341,240.32578121944115,24808200
2023-03-03,248.84510803222656,249.16677885152734,245.04357084699137,245.82337754163785,30760100
2023-03-06,250.38522338867188,253.55317601638902,249.51769234094775,249.9563289608396,24109800
2023-03-07,247.73390197753906,251.18454195758378,246.99309375726955,249.82961864090797,21473200
2023-03-08,247.2952423095703,248.11403261472034,244.47820207332853,247.62665530828698,17340200
2023-03-09,245.9501190185547,253.0073336989174,245.22879516854297,249.36176055143883,26653400
2023-03-10,242.31423950195312,246.40820579752568,241.34924197875884,244.74138378096757,28333900
2023-03-13,247.50970458984375,251.3989810865607,239.5264614444424,241.15429996225072,33339700
2023-03-14,254.20628356933594,254.47921369225799,249.4007352202757,250.26826629818711,33620300
2023-03-15,258.7389221191406,259.7526754623926,252.66618887408737,253.41676912459158,46028000
2023-03-16,269.2272644042969,269.57816182335324,256.6334203873444,258.514689849532,54768800
2023-03-17,272.3757019042969,276.1772393298442,269.3442290300633,271.23525555020916,69527400
2023-03-20,265.35748291015625,270.47494508940247,263.0375619626868,269.98756773899805,43466600
2023-03-21,266.86834716796875,268.0575491212291,262.7158825243108,267.94058331388436,34558700
2023-03-22,265.41595458984375,273.9450578612845,265.3087161087697,266.4979179833595,34873300
2023-03-23,270.65045166015625,273.9646124020292,268.25256291271086,270.92338184484794,36610900
2023-03-24,273.4869384765625,273.54542137989336,268.3304776871036,270.24098860593506,28172000
2023-03-27,269.4026794433594,274.3544196920251,268.56437502402,273.41866361100745,26840200
2023-03-28,268.2817077636719,269.16873798129603,265.18196566074795,268.82756793649463,21878600
2023-03-29,273.4284362792969,274.0425364680911,271.3814455656998,271.9175487241211,25087000
2023-03-30,276.87908935546875,277.2787423935812,274.3739921244632,277.05456782750633,25053400
2023-03-31,281.021728515625,281.9672416312898,275.85554123239365,276.5671227721079,32766000
2023-04-03,279.97882080078125,280.992544334595,276.78162637356223,279.286723502298,24883300
2023-04-04,279.9300231933594,283.117489822551,278.45816395278734,279.9787787723989,25824300
2023-04-05,277.1617736816406,279.90083226436434,275.77763853693574,278.6336629350254,22064800
2023-04-06,284.2384948730469,284.70635812116194,274.91008465074276,276.06028813189846,29770300
2023-04-10,282.0842590332031,282.28894917802717,277.52238471849756,281.90878059048885,23103000
2023-04-11,275.6898498535156,278.7603508575734,274.5299191651681,278.5361465748028,27276600
2023-04-12,276.333251953125,279.7644081756239,274.84187817369144,277.6004511479009,27403400
2023-04-13,282.5228576660156,282.58134055975376,276.021261419223,276.4306416753899,24222700
2023-04-14,278.91632080078125,281.197243201843,276.5281599154827,279.75459555412215,20987900
2023-04-17,281.5091552734375,284.23848637686285,278.93581824426053,282.6106328823751,23836200
2023-04-18,281.0899658203125,284.39439803515654,279.7643139062447,284.2091922902282,20161800
2023-04-19,281.1680603027344,281.75288943980496,277.3567651079787,278.77014185211067,17150300
2023-04-20,278.8870544433594,281.7333512714664,277.88305828682746,278.048779675469,23244400
2023-04-21,278.5459289550781,279.0430336532182,275.9140792116014,277.81486288712955,21676400
2023-04-24,274.6565856933594,277.75632784748706,271.6835961405842,274.9685142964532,26611000
2023-04-25,268.4669494628906,274.49092630001803,268.41819388016194,272.45369257019934,45772200
2023-04-26,287.9132995605469,292.0072813214267,285.3399625443694,289.20974000859206,64599200
2023-04-27,297.1344909667969,297.495175228431,287.79635312272336,288.4981777647632,46462600
2023-04-28,299.50311279296875,301.1309363430766,295.65282016140077,296.33516029137365,36469600
2023-05-01,297.8460388183594,300.80930138647517,297.44638582832135,299.2204464922504,21294100
2023-05-02,297.6998596191406,301.3746744145902,296.2377274555762,299.9905392914893,26404400
2023-05-03,296.7153015136719,300.8190101503688,296.41312996008793,298.87925796823623,22360800
2023-05-04,297.6998596191406,299.9905392914893,295.74059300087464,298.5088929942314,22519900
2023-05-05,302.80755615234375,304.09423955747224,296.58861610804354,298.00202238980415,28197100
2023-05-08,300.8580322265625,302.36891985995953,298.3626625741606,302.30067989163814,21318600
2023-05-09,299.2496643066406,302.21292664070313,298.5770812481338,300.22441891350263,21340800
2023-05-10,304.4256286621094,305.09821176430125,299.9027824610233,300.8287815493971,30078000
2023-05-11,302.28118896484375,303.26570080657984,298.5284068792122,302.2714616451602,31680200
2023-05-12,301.16998291015625,302.80756378679547,298.8598188614768,302.71008236022425,19774700
2023-05-15,301.64764404296875,302.07653858018915,299.8248571333616,301.2967465564206,16336500
2023-05-16,303.8699951171875,305.79026290466595,302.0082102270211,302.0082102270211,26730300
2023-05-17,306.7420654296875,307.1621190650021,303.5574089684494,305.0715994717328,24315000
2023-05-18,311.15753173828125,311.66553123401303,306.46849366987317,307.2597684712648,27276000
2023-05-19,310.9817199707031,311.3822465947649,309.05725438357535,309.4186972410466,27546700
2023-05-22,313.756103515625,315.1335157612651,310.65939292099665,311.2357518358931,24115700
2023-05-23,307.9729919433594,315.26055083800105,307.9632135465672,312.6327259488541,30797200
2023-05-24,306.59552001953125,309.18426063109985,305.384161727715,307.4551840291494,23384900
2023-05-25,318.38653564453125,319.3438643558403,312.6033603605029,315.7684598442555,43301700
2023-05-26,325.1954650878906,325.69365647680604,316.39371620012895,316.5304646832212,36630600
2023-05-30,323.55426025390625,327.9795506793169,322.88020682779495,327.4813593124993,29503100
2023-05-31,320.7994689941406,328.1749431768424,319.76394285514135,324.6093167826368,45950600
2023-06-01,324.8926086425781,325.82066191290807,317.2143019258067,318.3963251868189,26773900
2023-06-02,327.6473693847656,329.6988347635074,324.8632399287716,326.5239570954144,25873800
2023-06-05,328.1749267578125,330.73436207197636,326.92451447409195,327.4715679849584,21307100
2023-06-06,325.9671325683594,327.6180713778492,324.49205579861786,327.57898761210754,20396200
2023-06-07,315.90521240234375,326.75839512631626,315.04554846139996,323.984044106474,40717100
2023-06-08,317.7417907714844,319.08989754628954,315.8759358684607,316.4522947423508,23277700
2023-06-09,319.2364196777344,322.3624353785323,316.9114274266321,317.47800789711727,22529000
2023-06-12,324.179443359375,324.4236647224886,317.6440772974819,320.98500885005564,24260300
2023-06-13,326.5631103515625,329.1909351194717,322.7532623015664,326.7389426125968,22951300
2023-06-14,329.5425720214844,331.20328940233077,325.11728161658255,326.61191533447175,26003800
2023-06-15,340.0538330078125,341.7536041604146,329.40578750574196,329.6793142407834,38899100
2023-06-16,334.4172058105469,343.3459537429244,334.04601435643656,343.19942687785715,46552000
2023-06-20,330.236083984375,334.172930792226,328.09670266125204,331.4669690777266,26375400
2023-06-21,325.84991455078125,329.92354007257114,324.39436474233247,328.5949603328218,25117800
2023-06-22,331.8578186035156,332.2583453008443,325.63506173065974,326.39703135157714,23556800
2023-06-23,327.2762451171875,330.14829153594474,325.74255718498046,326.63149696071275,23146900
2023-06-26,321.0046691894531,328.3410610316965,320.8971962526816,326.0063195495162,21520600
2023-06-27,326.8366394042969,328.38010561548896,321.6884329438187,324.1892578253604,24354100
2023-06-28,328.08697509765625,330.1677458174573,326.0941204884159,326.9244790599475,20259500
2023-06-29,327.3055114746094,328.3410078355039,324.93168659890875,326.97337394490575,16997000
2023-06-30,332.66864013671875,334.8080220472076,329.4058457163647,329.94312088694005,26832800
2023-07-03,330.17755126953125,333.02029191600536,328.7903904255227,331.3498259032752,12508700
2023-07-05,330.3338317871094,333.752931098431,326.99290001201024,327.3445644884712,18172400
2023-07-06,333.38177490234375,335.06201951292167,327.7451550984621,329.50353744833353,28161200
2023-07-07,329.4253845214844,333.8897591570252,329.210468483103,331.47685037654594,21214800
2023-07-10,324.1599426269531,327.48137758941004,320.0179571321777,326.8659348779879,32791400
2023-07-11,324.78515625,325.1661261312258,319.441590831674,323.4077439781263,26698200
2023-07-12,329.40582275390625,333.75294560855826,327.91118903960694,328.8196854554752,29995300
2023-07-13,334.73956298828125,335.7945861289157,331.18368573483207,331.71121221123786,20567200
2023-07-14,337.25994873046875,343.3068725083686,336.35145234816736,339.55563567406386,28352700
2023-07-17,337.73858642578125,338.9694417077602,334.2901822956243,337.6897242704499,20363900
2023-07-18,351.1805725097656,358.30207642907544,334.26093764915,337.8363124834503,64738600
2023-07-19,346.87249755859375,354.0819174710134,344.29353528638507,353.38833709875524,39732900
2023-07-20,338.852294921875,349.6957307761419,337.3869665581141,345.3974402048797,33778400
2023-07-21,335.823974609375,342.20303681474576,331.9750427010371,341.07962426148026,69405400
2023-07-24,337.1329345703125,338.9011247209187,334.3976671440658,337.85585009967554,26678100
2023-07-25,342.8672790527344,343.75624842360725,337.0938822455354,339.0867071747874,41637700
2023-07-26,329.9626770019531,336.70321228068315,325.4103859956427,333.5478606909615,58383700
2023-07-27,323.07562255859375,333.4403649695194,321.444210409782,332.61003601882766,39635300
2023-07-28,330.5487060546875,332.1508124109677,325.46891989231955,325.95736258940354,28484900
2023-07-31,328.15545654296875,329.89431189161485,325.65460173075695,329.1323422402348,25446000
2023-08-01,328.56573486328125,330.71489534190965,325.98677210111305,327.4423222635288,18311900
2023-08-02,319.92999267578125,325.9183054002414,318.81632892578153,325.9183054002414,27761300
2023-08-03,319.10943603515625,322.25500868577666,318.415855644904,318.46468799733185,18253700
2023-08-04,320.20355224609375,327.393445572908,319.67602568873457,324.20878906184083,23741500
2023-08-07,322.4796447753906,323.45653023504116,319.94951501235715,320.7798736154958,17741500
2023-08-08,318.5135498046875,321.1511529476865,315.53406053871555,319.4025193112215,22327600
2023-08-09,314.7818603515625,319.5490370786911,313.629112676302,318.92384579160165,22373300
2023-08-10,315.4656677246094,320.6724848006537,313.75611788086866,318.48424072838094,20113700
2023-08-11,313.5900573730469,314.9576912566164,311.8316453980151,312.8573931698293,24355500
2023-08-14,316.54998779296875,316.5695147707091,312.68149972344554,313.9612471638397,18836100
2023-08-15,314.42034912109375,317.5756999823602,313.48254739923874,315.53401288819225,16966300
2023-08-16,313.65673828125,317.5921510091484,313.06936012593593,314.0483137596947,20698900
2023-08-17,310.21087646484375,315.0958462335388,309.55496429159837,313.79385086017476,21257200
2023-08-18,309.81927490234375,311.679280940302,304.9930105001843,307.87113674192966,24755000
2023-08-21,315.105712890625,315.97696640050947,310.36757919700125,311.2388327068857,24040000
2023-08-22,315.6734619140625,319.2172702035748,314.69450802744353,318.6494900944686,16084600
2023-08-23,320.117919921875,322.2716304158125,316.65241480901244,317.00485374224843,21166400
2023-08-24,313.2358703613281,325.97206974501347,313.22607126255105,325.8448009621162,23281400
2023-08-25,316.18255615234375,318.5124414479657,312.0905059538923,314.70432613416926,21684100
2023-08-28,316.8873596191406,319.285778523708,314.94902032407407,318.8061007178544,14808500
2023-08-29,321.49822998046875,322.0562408320529,315.1056626837717,315.1056626837717,19284600
2023-08-30,321.8702697753906,322.86879202505213,319.57952117301215,321.7528000842896,15222100
2023-08-31,320.86187744140625,323.9455756518063,319.90249205082335,322.27157317335417,26411000
2023-09-01,321.7429504394531,325.00285335659055,319.9025125671937,324.33717196139406,14942000
2023-09-05,326.5300598144531,327.80271780347465,321.7429908017799,322.0758315411327,18553900
2023-09-06,325.8741760253906,327.4209100280818,323.23098856949474,326.3636529709045,17535800
2023-09-07,322.9666442871094,326.06991103130065,322.10516018294953,324.31760527996926,18381000
2023-09-08,327.2348327636719,329.08506954151505,322.52606799742864,323.14281359004303,19530100
2023-09-11,330.82769775390625,331.2976064014658,328.37051379787096,330.14241804396147,16583300
2023-09-12,324.78753662109375,329.7019045004539,324.5036614898463,328.75231798743556,17565500
2023-09-13,328.98724365234375,329.76062559468676,324.2001746396606,324.33721264984047,16544400
2023-09-14,331.5716552734375,333.68616913545833,329.4864789543326,332.01216654665086,20267000
2023-09-15,323.2701110839844,330.2989918946616,322.7121002719872,329.8291132111252,37679800
2023-09-18,322.1345520019531,323.4463465779978,319.4913646526402,320.90106058890035,16834200
2023-09-19,321.733154296875,322.45760041034737,317.6803011768475,319.30536803908217,16505900
2023-09-20,314.0190124511719,322.65339248865484,313.76450476801705,322.5750893265996,21436500
2023-09-21,312.8050231933594,318.50253996171523,308.3703648556845,312.5407164928736,35560400
2023-09-22,310.33819580078125,314.6847536524901,309.4962798834054,314.5574848611761,21447900
2023-09-25,310.8570556640625,310.98432446171176,308.3705041858595,309.92703743147536,17836000
2023-09-26,305.5706787109375,309.23195666524725,303.49527138826676,308.4977412546043,26297600
2023-09-27,306.2069396972656,307.68513948600474,303.17217721742753,305.7272320635668,19410100
2023-09-28,307.0390930175781,308.84036447643473,302.9372740873856,304.4448414726015,19683600
2023-09-29,309.1047058105469,312.74641565358826,308.3509220336715,311.0626136858314,24147300
2023-10-02,315.02734375,315.1154758886586,308.5466739037748,309.62352913697714,20570000
2023-10-03,306.7943420410156,314.6259723470464,304.66020007739525,314.0777307403494,21033500
2023-10-04,312.24713134765625,313.3044183025866,307.391528310135,307.4208957324774,20720100
2023-10-05,312.638671875,313.24564832750764,308.27254628304615,312.3743651035606,16965600
2023-10-06,320.3724060058594,322.26177952741045,309.6430516561737,309.88779008773105,25673600
2023-10-09,322.8785705566406,323.3484492911128,316.37830256029935,317.9152672966711,19891200
2023-10-10,321.4786071777344,324.13156323480194,320.77375934657937,323.994495382077,20557100
2023-10-11,325.4238586425781,325.8154342155564,322.21289114367397,324.2393029495446,20063200
2023-10-12,324.1903381347656,326.6083551720829,321.8016885159057,323.6127589882386,19313100
2023-10-13,320.8325500488281,326.8041445225291,319.49135820401887,325.3846793916084,21072400
2023-10-16,325.63922119140625,329.06555964733286,323.6421469834392,324.0826582883067,22158000
2023-10-17,325.0713806152344,326.44190989346447,320.5192516418675,322.6533636519186,18338500
2023-10-18,323.1623840332031,328.5270609392468,321.3904802675339,325.49229856493486,23153600
2023-10-19,324.3469543457031,329.7899346500429,323.94557973464435,325.15947278983907,25052100
2023-10-20,319.79486083984375,324.934368448125,318.6005359720502,324.73856573197526,25027700
2023-10-23,322.38909912109375,325.7273354388913,317.56286365993043,318.620120705819,24374700
2023-10-24,323.5735778808594,324.8560048878325,320.7052505981055,324.3273615041399,31153600
2023-10-25,333.5002136230469,338.9138270951405,330.51438652342347,337.7586388732426,55053800
2023-10-26,320.98919677734375,334.4400133073603,320.0591786565096,333.37295718073534,37828500
2023-10-27,322.8687438964844,329.63331810351394,321.4884154812009,323.47569046023347,29856500
2023-10-30,330.2109375,332.3059131853902,324.8462593748241,326.393023266436,22828100
2023-10-31,330.9940490722656,331.8653322788638,327.64604386616816,331.7184951865434,20265300
2023-11-01,338.78656005859375,340.1081537078223,332.5016633074158,332.6387311841403,28158800
2023-11-02,340.9892272949219,341.48847346531505,337.5139230484177,339.93194035995595,24348100
2023-11-03,345.3748779296875,346.9314407134558,340.01999961550734,342.27161121053757,23637700
2023-11-06,349.0263977050781,350.01515060483416,345.9133317859224,346.0112331411466,23828300
2023-11-07,352.9422607421875,354.83163466533523,350.10330030774577,351.83603801636735,25833900
2023-11-08,355.5559997558594,356.2118820120091,352.96174852168724,354.067970995073,26767800
2023-11-09,353.09881591796875,357.11253210252806,352.77574446362354,354.6749170503375,24847300
2023-11-10,361.8899230957031,362.3108661279153,353.4709130749397,353.8820570074666,28042100
2023-11-13,358.9627380371094,360.71507353735336,358.199155340822,360.4703351106549,19986500
2023-11-14,362.4772033691406,364.1218684157094,359.6186750774512,363.2016494775537,27683900
2023-11-15,362.62445068359375,366.0184979560077,360.11321433459005,364.2037512287084,26860100
2023-11-16,369.0004577636719,369.17701989618257,363.12460290925713,363.8897354194032,27182300
2023-11-17,362.8009338378906,367.2347751466243,360.00524677898665,366.4892506146671,40157000
2023-11-20,370.2463073730469,371.64904556813445,363.9290460653395,364.1448542442713,52465100
2023-11-21,365.9595642089844,369.0495215118682,364.04671781694736,368.51001608638865,28423100
2023-11-22,370.64849853515625,372.5515261398846,367.82338415552084,370.79563367244174,23345300
2023-11-24,370.2364501953125,370.7661665682208,367.9901174917075,370.1383501357465,10176600
2023-11-27,371.3939514160156,373.3852898149662,369.02991062580026,369.59884307126106,22179200
2023-11-28,375.40606689453125,375.7003371685908,370.95258715281994,371.1389683050371,20453100
2023-11-29,371.62939453125,376.9755034472532,370.24626453575155,376.4458170169272,28963400
2023-11-30,371.6882629394531,372.8457658390955,368.313824366715,371.2762546529022,30554400
2023-12-01,367.3721618652344,370.9525899274523,364.23313921740737,369.579278745005,33040500
2023-12-04,362.1044921875,362.47722453595185,355.9834013927852,362.0652461744231,32063300
2023-12-05,365.4200744628906,365.9693989437116,358.65158858882313,359.46578625799856,23065000
2023-12-06,361.77099609375,367.0484629860128,361.01568236902807,366.4206763695036,21182100
2023-12-07,363.8800048828125,364.37047528705625,359.33824414976533,361.211844686289,23118900
2023-12-08,367.09747314453125,367.3230703614092,361.2118285564288,362.1633422956095,20154400
2023-12-11,364.2232666015625,364.51756677042914,359.1223929698161,361.45703660419446,27708800
2023-12-12,367.24456787109375,367.2838138794258,363.3992673247469,363.7818485501349,24838300
2023-12-13,367.23480224609375,370.4424978188213,363.70340938140794,368.8533485777596,30955500
2023-12-14,358.9556884765625,366.6364723191659,357.1900068696794,366.19503694947514,43277500
2023-12-15,363.6642150878906,365.30236955673547,359.2990162951195,359.8581597688427,78502300
2023-12-18,365.54754638671875,365.89088161939304,361.65321060475327,362.4085541038235,21802900
2023-12-19,366.14599609375,366.14599609375,362.7911651705603,364.4097116072821,20603700
2023-12-20,363.5562744140625,368.8631677330293,363.46799333439736,367.852799906723,26316700
2023-12-21,366.420654296875,367.27406804850153,362.9873613143247,365.45932148482285,17708000
2023-12-22,367.44085693359375,368.02942750528564,365.60650210164266,366.5580160440274,17107500
2023-12-26,367.519287109375,369.7558309565617,366.38139217856946,367.852803392138,12673100
2023-12-27,366.9405517578125,367.91167362196546,365.7045567045712,366.56778944423564,14905400
2023-12-28,368.12744140625,369.2849443001597,367.0287925621367,368.2157224809446,14327000
2023-12-29,368.8730163574219,369.9716653516636,366.3618101031722,368.8337703402161,18730800
2024-01-02,363.80145263671875,368.73558288926426,359.7795900004408,366.73445558911857,25258600
2024-01-03,363.5366516113281,366.1459576250118,361.48648901542015,361.97695939537715,23083500
2024-01-04,360.9273681640625,365.98902639400353,360.17205450864094,363.6053473830013,20901500
2024-01-05,360.740966796875,364.96881910463645,359.5147908390338,361.93771572916546,21004600
2024-01-08,367.5487060546875,368.04899543580075,361.9769695664422,362.26142084093584,23134000
2024-01-09,368.6277770996094,368.82394731160934,364.11544312045595,364.91982181669266,20830000
2024-01-10,375.4747009277344,376.84804200266086,369.1476507008414,369.1966857666869,25514200
2024-01-11,377.2992248535156,383.23390409247884,373.1302268937335,378.6431088178606,27850800
2024-01-12,381.06610107421875,381.272090274914,377.31889976513236,378.1428865038529,21661200
2024-01-16,382.83172607421875,386.5200727807335,380.2322391394401,386.1571295021332,27202300
2024-01-17,382.0470275878906,382.6748141545887,377.4758397118604,380.5854353256014,22234100
2024-01-18,386.3631286621094,386.48083676243556,382.68460084723523,384.2541120354354,23392100
2024-01-19,391.0716552734375,391.0716552734375,386.0001785110236,388.21711414753673,29331100
2024-01-22,388.9528503417969,392.9845027036078,386.0884900033909,392.39593223013395,27016900
2024-01-23,391.2972717285156,391.7681340805433,386.4219948473302,388.2073142541726,20525900
2024-01-24,394.8875732421875,397.8990690426862,392.8178022760999,393.8870242835594,24867000
2024-01-25,397.1534729003906,399.25270045475327,394.858075159448,396.6139674673759,21021200
2024-01-26,396.23138427734375,398.4287118822507,394.75997317345707,396.66300059602537,17803300
2024-01-29,401.9111022949219,402.16615650559856,396.6238165332186,398.3208550483652,24510200
2024-01-30,400.8025817871094,405.1775691973873,398.7033841260815,404.40264755037606,33477600
2024-01-31,390.00244140625,407.404352059521,389.6394980894709,399.20367116692984,47871100
2024-02-01,396.08428955078125,400.2238610760148,394.1420159186215,394.1714429462631,30657700
2024-02-02,403.3824462890625,404.78518434173446,395.86843674032343,396.113671921669,28256700
2024-02-05,397.9185791015625,403.32357180404665,396.2902139876251,402.0875769731937,25352300
2024-02-06,397.76165771484375,400.1944015675409,395.23084373526007,398.14423897907153,18382600
2024-02-07,406.1585388183594,406.4037740259386,399.6352882839393,399.67453429921477,22340500
2024-02-08,406.2173767089844,407.6397528307197,404.66750343056947,406.15852265638233,21225300
2024-02-09,412.53466796875,412.7995411607667,407.178739238723,407.335693369119,22032800
2024-02-12,407.3454284667969,412.7209641300854,406.8451391501877,412.5444019957292,21202900
2024-02-13,398.5758972167969,402.25442543992307,395.70174768308635,397.22219404093613,27824900
2024-02-14,402.4282531738281,402.77222335184723,397.59311635632974,401.03275815392834,20401200
2024-02-15,399.5487976074219,402.07448469518283,397.3179549607251,401.1015670196542,21825500
2024-02-16,397.0918884277344,401.24895188558764,396.4825852713034,400.9246260176193,22296500
2024-02-20,395.8438415527344,397.5145068330212,391.1462744848481,396.28606324841394,24307900
2024-02-21,395.2442932128906,395.3524118295115,390.3698381114288,393.2689765841808,18518900
2024-02-22,404.551025390625,405.7106689082216,401.5241536683513,403.1162117164581,27009900
2024-02-23,403.2635803222656,408.6883757427927,401.9172111140197,408.5016799323737,16295900
2024-02-26,400.5118713378906,405.05219339501383,400.33495269298504,404.36425308702184,16193500
2024-02-27,400.45294189453125,401.27845233828214,396.88553712565647,400.9541264549498,14835800
2024-02-28,400.6888122558594,402.24155173669396,398.3302065928444,401.1408710933735,13183100
2024-02-29,406.50665283203125,407.0569930435109,398.9197856408711,401.5928795214688,31947300
2024-03-01,408.3346252441406,408.6982397267373,403.7943028017663,404.17756158377745,17823400
2024-03-04,407.7646484375,410.1527354833861,405.2094798738606,406.31016048803207,17596000
2024-03-05,395.70623779296875,407.1062001502952,393.7309209213856,406.821192843755,26919200
2024-03-06,395.1558837890625,398.17294829822555,391.5197089331465,396.02071283324057,22344100
2024-03-07,402.0843200683594,402.71326755552275,395.30328784063323,399.1163813277323,18718500
2024-03-08,399.2146301269531,403.34221201538827,397.357209279769,400.9246137706761,18002200
2024-03-11,397.5439147949219,398.68391382966877,394.34015491255184,396.7970416276203,16120800
2024-03-12,408.1183776855469,408.4033849510457,399.77479973523793,400.5904729541975,22457000
2024-03-13,407.9414978027344,410.968369200055,404.35444900675975,410.88976201717287,17115900
2024-03-14,417.88702392578125,420.44219256711494,410.7816954714427,412.9928939125644,34157300
2024-03-15,409.23876953125,415.31218703472393,405.67136478668334,412.05927102600424,45079900
2024-03-18,410.12322998046875,413.4744273628243,406.6442696787311,407.10616562272253,20106000
2024-03-19,414.1427001953125,414.39822603826195,408.38374152289526,410.62442124737834,19837900
2024-03-20,417.89678955078125,418.6141812833587,413.40559339888034,414.72248109059194,17860100
2024-03-21,421.9654235839844,423.3904300401875,419.7935438740281,422.41748239432127,21296200
2024-03-22,421.3462219238281,422.44690234074494,418.722283785516,422.28968798800713,17648500
2024-03-25,415.5676574707031,420.03920955948905,414.33921403828305,417.9066185646381,18060500
2024-03-26,414.3785400390625,418.64369211377476,414.08372560652526,418.2702405050307,16725600
2024-03-27,414.1623229980469,417.13026150811925,411.78407332169564,417.1204243635022,16705000
2024-03-28,413.46453857421875,414.5947004262664,411.8921251320564,413.70039009359095,21871200
2024-04-01,417.2481689453125,420.5109217375922,414.93868940887074,416.6388658317179,16316000
2024-04-02,414.1722412109375,415.09603324692273,410.6343174551748,412.8651603553986,17912000
2024-04-03,413.1992492675781,415.96078773337547,411.8626872035861,412.49166464341647,16502300
2024-04-04,410.6735534667969,421.27748545517426,410.36890189824567,417.66092523693425,19370900
2024-04-05,418.18182373046875,419.15477140454254,411.1060069616712,412.76686502075876,16554800
2024-04-08,417.267822265625,419.91143485729225,416.0000602813901,417.83783679739304,14272400
2024-04-09,418.9287109375,420.3635245342137,414.34907001434647,419.0859553029516,12496900
2024-04-10,415.9608459472656,416.7175564186243,412.46224092463933,414.9092910129871,16216600
2024-04-11,420.55023193359375,421.96540116941117,415.07628079166767,418.4766338120234,17966400
2024-04-12,414.624267578125,417.84770230483133,412.53099493709567,416.73718451939897,19253800
2024-04-15,406.50665283203125,419.4593520807638,406.30025275925726,419.2431448554473,20273500
2024-04-16,407.4305114746094,411.18464237420096,406.5951938062803,407.42070431973565,16765600
2024-04-17,404.73773193359375,411.65633410094387,403.25376259314334,410.0544389834795,15855500
2024-04-18,397.29827880859375,404.78689570186344,396.98382006074763,403.54861503604855,21029900
2024-04-19,392.2370910644531,398.48742718931453,390.91036608589934,397.0624207324797,30565800
2024-04-22,394.0453186035156,395.9027393940693,388.9251749817352,393.1804896634458,20286900
2024-04-23,400.5413818359375,401.16052215978465,396.10914808184776,397.26879155025864,15734500
2024-04-24,402.00567626953125,405.3568737379943,399.76499652417516,402.4970536697523,15065300
2024-04-25,392.15850830078125,392.99385593125254,381.3383676792714,387.2348968478242,40586500
2024-04-26,399.3129577636719,405.8777529623426,398.76261744709456,405.0620796331898,29694700
2024-04-29,395.3131103515625,399.31292950505053,392.30588312333157,398.2613746922827,19582100
2024-04-30,382.6159362792969,395.2246979226767,382.45872189410846,394.5662389705951,28781400
2024-05-01,388.1291809082031,394.7922572147303,383.57902141142335,385.8393454420747,23562500
2024-05-02,390.9791564941406,393.0331103770738,387.84416635932274,390.80226783236736,17709400
2024-05-03,399.6470947265625,400.12863501045786,394.9298534066163,395.34262364373967,17446700
2024-05-06,406.4084167480469,406.7916755135943,399.36205183771864,401.7108501382599,16996600
2024-05-07,402.28082275390625,407.5189223273103,402.0351340682459,407.5090851826696,20018200
2024-05-08,403.4601745605469,405.1210326153664,399.6962067828019,401.13105042212936,11792300
2024-05-09,405.2095031738281,405.60259913130744,402.045031230476,403.48968211746933,14689700
2024-05-10,407.58770751953125,408.2166849740278,404.698406069441,405.8187609135271,13402300
2024-05-13,406.58526611328125,411.13542506578466,403.73528354862395,410.8012920746048,15440200
2024-05-14,409.3763427734375,410.29029755221785,404.45273155985166,404.91462752191757,15109300
2024-05-15,416.53387451171875,417.25259039103736,410.81377223604346,411.4340293579302,22239500
2024-05-16,414.4761962890625,418.8376756715858,413.84611435268135,415.2736611097877,17530100
2024-05-17,413.708251953125,416.37634285020215,411.56198942365705,416.00221762948183,15352200
2024-05-20,418.7589111328125,420.1667782061981,413.49168315107727,413.7082803966284,16272100
2024-05-21,422.4016418457031,426.27082729608003,418.2764696581723,420.22581467067795,21453300
2024-05-22,423.8587646484375,425.71953602839017,420.521232077242,423.4354250381628,18073700
2024-05-23,420.3932189941406,426.89110613989686,418.8376788510908,426.2708490423147,17211700
2024-05-24,423.50433349609375,424.3904021961967,417.8433006318776,420.58028575397856,11855300
2024-05-28,423.6618347167969,424.1540984130066,419.99939161518114,422.98250841239616,15718000
2024-05-29,422.52960205078125,424.2722045863308,419.10343616970863,419.10343616970863,15517100
2024-05-30,408.25396728515625,417.7349403773821,407.8305976923989,417.7349403773821,28394500
2024-05-31,408.7068786621094,410.3018082986228,398.25120211572766,410.3018082986228,47995300
2024-06-03,407.12176513671875,409.9867435149057,402.5929630717942,409.1006748520027,17484700
2024-06-04,409.63232421875,409.99659455099004,403.341179685009,406.04863004617806,14348900
2024-06-05,417.449462890625,417.5183569725432,409.8587351784671,411.3453811328119,16988000
2024-06-06,417.9515686035156,418.7293536763162,414.0725281736093,417.44948005128595,14861300
2024-06-07,417.29193115234375,419.6843254469309,416.45507688003147,419.60557647742206,13621700
2024-06-10,421.24969482421875,421.4564371463653,417.3312953641021,418.12876008062784,13982900
2024-06-11,425.9853210449219,426.1231693068597,418.670289453605,418.89674157876317,14551100
2024-06-12,434.23565673828125,436.53944727057524,426.54650007534946,428.5844790234761,22366200
2024-06-13,434.74761962890625,436.52964196122593,432.57182236972,434.0289338170149,15960600
2024-06-14,435.7223205566406,436.2835084137765,429.9628289677156,431.4986893853765,13582000
2024-06-17,441.43255615234375,443.96279884211964,433.90092737019853,435.7419888452348,20790000
2024-06-18,439.4339599609375,443.1751821409538,438.00641324566425,442.75181252074634,17112500
2024-06-20,438.80389404296875,439.62103860195157,434.442414629224,439.3945864733692,19877400
2024-06-21,442.82073974609375,443.6083496603445,439.60134591371855,440.45787995794916,34187100
2024-06-24,440.743408203125,445.74479433203504,439.5028940256874,442.8404263927747,15913700
2024-06-25,443.9726257324219,444.4353547941903,439.83759879553867,441.3143898379412,16413400
2024-06-26,445.1639099121094,446.5816317625772,441.25533495755695,442.05279974277113,16507000
2024-06-27,445.8432312011719,449.1118693221635,444.7799248025884,445.18358463488477,14806300
2024-06-28,440.0345458984375,448.3341049043701,439.50289267468526,446.059848949654,28362300
2024-07-01,449.6631774902344,450.293259356771,438.76445275458883,441.7180347396165,17662800
2024-07-02,452.1737365722656,452.4789376582484,446.09918938158694,446.18782328625804,13979800
2024-07-03,453.6407165527344,453.8868484229565,450.79544775657115,451.1006488720151,9932800
2024-07-05,460.32568359375,461.1034687451422,451.8685958254326,452.4986778129107,16000300
2024-07-08,459.02606201171875,460.4634937005408,457.27360437796756,459.33126311315795,12962300
2024-07-09,452.4297180175781,460.09916463101644,450.91353744838284,459.77428381745585,17207200
2024-07-10,459.0359191894531,459.24266153927346,451.76024698147666,454.0837473649462,18196100
2024-07-11,447.66461181640625,457.5886345893225,444.5633265323156,455.81649732303464,23111200
2024-07-12,446.5323486328125,449.2988679653278,443.6772254480025,447.30027873142194,16324300
2024-07-15,446.93603515625,450.1849934949163,444.44518211930125,446.28624348851673,14429400
2024-07-16,442.56475830078125,447.27079820143007,439.7490242805094,447.19204922721934,17175700
2024-07-17,436.6575927734375,437.9670310742686,432.38474735385836,435.74198947896895,21778000
2024-07-18,433.55633544921875,437.7701116080265,427.6787055457858,437.46491051123894,20794800
2024-07-19,430.3467712402344,434.3144456334854,425.31585048613374,426.39883667006126,20940400
2024-07-22,436.0865173339844,437.7208362299543,432.11887358350543,434.9543169670971,15808800
2024-07-23,437.9670715332031,441.45230735280467,436.2441483800791,437.0317583747776,13107100
2024-07-24,422.2638244628906,434.6491968195245,420.9740958851319,433.6351347306288,26805800
2024-07-25,411.92626953125,423.14987619224735,411.05005574464656,422.1653487650477,29943800
2024-07-26,418.68994140625,422.28349032231534,410.8137224917234,411.7293557750341,23583800
2024-07-29,420.1274108886719,425.46353285919287,418.12882136064246,424.9023450000168,15125800
2024-07-30,416.3763732910156,422.4115014796213,410.90237288373,421.10209315676275,32687600
2024-07-31,411.87701416015625,415.2539356882569,405.83200193737093,413.9937419087569,42891400
2024-08-01,410.6561584472656,420.84602178221576,406.6983696065998,414.27924166429307,30296400
2024-08-02,402.1695861816406,408.5788691410044,398.08380349930894,406.10769576372263,29437900
2024-08-05,389.0360107421875,394.83489176821496,379.6140759587015,383.1485558976655,40709200
2024-08-06,393.427001953125,399.3932659734361,392.33419089963513,393.8109820824443,24946500
2024-08-07,392.2652282714844,403.73496598996115,391.3200904199489,402.31727423535324,20650900
2024-08-08,396.4593200683594,399.58025493530266,393.75186986205176,396.2131882314223,20203000
2024-08-09,399.73779296875,401.73638233312255,396.03599047899144,397.77859311198716,19276700
2024-08-12,400.5155944824219,402.43543495594565,397.98535182009545,400.76172633567404,16762900
2024-08-13,407.60418701171875,408.5296451452922,403.23288307516907,403.2525628062739,19414300
2024-08-14,410.41009521484375,411.2568044389076,406.0683556338293,408.38197108714223,18267000
2024-08-15,415.2627258300781,415.34161674551206,411.9388929382302,414.0495635460023,20752100
2024-08-16,412.7377624511719,415.5684441235936,411.5837759699612,414.83859034033384,22775600
2024-08-19,415.7558288574219,415.97281647426513,410.7552711189502,413.22102581055816,15234000
2024-08-20,418.9810791015625,420.0265568174448,415.8643912576991,415.92356696995296,16387600
2024-08-21,418.3301086425781,420.55913050260955,415.943244764668,418.27090283610073,16067300
2024-08-22,409.8577575683594,420.94381179948715,408.9306313403218,418.54707521874735,19361900
2024-08-23,411.0807800292969,413.51694694228206,406.4451490290269,411.2681797994915,18493800
2024-08-26,407.8260192871094,411.564112431912,405.705475929342,410.6665739670887,13152800
2024-08-27,408.1712341308594,408.68410035771785,404.63041340611323,407.2046472922476,13492900
2024-08-28,404.97552490234375,409.31524680031816,401.73058355405493,409.1968954003027,14882700
2024-08-29,407.4610900878906,416.26875999773983,404.97561980648004,409.2561670075729,17045200
2024-08-30,411.426025390625,411.7712070065085,406.48464280287084,409.9071119024553,24308300
2024-09-03,403.8314514160156,414.1284456363182,401.45446023053216,412.18542969380115,20313600
2024-09-04,403.29888916015625,405.6068322704441,398.8309422223781,400.34985575804666,15135800
2024-09-05,402.79583740234375,407.44131080829675,400.56678553175374,402.0363656944642,14195500
2024-09-06,396.1974792480469,405.02486305915306,395.3097834719027,403.4566466739337,19609500
2024-09-09,400.16241455078125,403.0522719406784,396.6413094868822,401.6615826272171,15295100
2024-09-10,408.5262451171875,410.62704280907684,402.1152829853601,402.6084339185776,19594300
2024-09-11,417.24517822265625,418.1821469994098,403.9695325309428,409.8084532189213,19266900
2024-09-12,421.15093994140625,421.51586685329676,414.00025068010603,417.51148327493246,17395700
2024-09-13,424.6917419433594,425.914746697553,419.6320082561189,419.9969351521576,15874600
2024-09-16,425.4314270019531,427.59143041386807,422.35417011362034,424.7015732808735,13834700
2024-09-17,429.1893005371094,435.79753584231287,426.34874601904636,434.1997314507894,18874200
2024-09-18,424.90875244140625,430.05724996700025,424.5142376703877,429.04136013434226,18898000
2024-09-19,432.6807861328125,435.452292084435,430.91529729082623,435.1860014052933,21706600
2024-09-20,429.3075866699219,433.2232061386539,428.27198178833163,431.23088727806737,55167100
2024-09-23,427.5717468261719,430.48131937501944,424.4944897103184,428.3311884542686,15128900
2024-09-24,423.2911682128906,427.41390262464773,420.26321438100086,427.0686909653906,17015800
2024-09-25,426.19091796875,427.1870925626301,422.69943076362244,423.94215074360574,13396400
2024-09-26,425.40185546875,429.33719028271923,423.2517246244965,429.1300753187062,14492000
2024-09-27,422.1568908691406,425.9344436660322,421.6144369121871,425.60894721222604,14896100
2024-09-30,424.40570068359375,424.52408219664926,419.54323948144145,422.3443332995087,16807300
2024-10-01,414.9273681640625,422.61066875300435,413.07311568923785,422.58108089859957,19092900
2024-10-02,411.4161376953125,417.0281982052677,411.00187763203274,416.7914652693021,16582300
2024-10-03,410.834228515625,413.8029769595959,408.6150490966078,411.9092940444477,13686400
2024-10-04,410.36077880859375,414.00023534021534,409.28571331626097,412.5109097932594,19169700
2024-10-07,403.9300842285156,411.3963666559109,403.3974727803463,410.30158600641573,20919800
2024-10-08,409.02923583984375,409.9662346464486,402.5788433485802,405.2714281620606,19229300
2024-10-09,411.7415771484375,414.6215919010832,408.62485957486433,410.16348810998284,14974300
2024-10-10,410.1437683105469,411.63309377445904,407.49061385739407,409.5421386142519,13848400
2024-10-11,410.61724853515625,411.4161507329335,407.58929422530787,410.4397214022164,14144900
2024-10-14,413.3985900878906,418.2314633461143,411.80075573680847,412.0473312101826,16653100
2024-10-15,413.0040588378906,416.69284850861214,409.57174739931537,416.3969398711013,18900200
2024-10-16,410.4199523925781,410.65665522282575,404.85722518493617,409.4829836231505,15508900
2024-10-17,411.01177978515625,416.7126042679644,409.8972536844407,416.57450753710987,14820000
2024-10-18,412.4320373535156,413.90161766396704,410.5580696214905,411.4260201751563,17145300
2024-10-21,413.0435485839844,413.22107571933117,408.08245074925037,410.41998166329415,14206100
2024-10-22,421.6539306640625,424.68185459098345,412.31365056093216,412.75746835174544,25482200
2024-10-23,418.7838439941406,425.1750618243365,416.742191587473,424.95807417580835,19654400
2024-10-24,418.91204833984375,420.1449258075998,416.61394788419994,419.5038054447286,13581600
2024-10-25,422.28515625,426.5952907757042,420.72681247783265,420.9142122484759,16899100
2024-10-28,420.74658203125,426.02330394508874,420.46054601286414,425.7471405789212,14882400
2024-10-29,426.0331115722656,427.23640107681365,419.96733089551304,422.1372070838931,17644100
2024-10-30,426.60516357421875,432.4933871760131,426.1810609771617,431.4479095602445,29749100
2024-10-31,400.7837829589844,410.4594021869807,400.7344498042727,409.6703426075015,53971000
2024-11-01,404.74871826171875,409.80845197934053,401.9180365381017,403.40736208449033,24230400
2024-11-04,402.8648376464844,404.79801090779887,400.0144410053543,404.1864784886832,19672300
2024-11-05,405.82379150390625,409.21667261639857,402.49008610038965,402.7761220934701,17626000
2024-11-06,414.4243469238281,414.69066771455005,404.8966664565658,406.77066424480597,26681800
2024-11-07,419.6023864746094,421.0029483375747,414.12842327754487,415.5092398399127,19901800
2024-11-08,416.75201416015625,420.65776126477715,416.0024150826717,419.4939322441371,16891400
2024-11-11,412.28411865234375,418.9909603752076,410.3016419524007,416.7323203125478,24503300
2024-11-12,417.23529052734375,418.6259798148705,411.485163708279,412.5207686609151,19401200
2024-11-13,419.3756103515625,423.44901221052845,412.481339102593,415.8643777407356,21502200
2024-11-14,421.0424499511719,422.30491523139983,414.24681513135374,419.17832483529844,30246900
2024-11-15,409.3153381347656,417.0084818478404,407.9739818358906,414.0693210931382,28247600
2024-11-18,410.06488037109375,412.66870168958155,406.45501186857297,409.1870572477352,24727000
2024-11-19,412.06707763671875,412.2150169012381,405.912533336808,407.4511618868994,18133500
2024-11-20,409.798583984375,411.57394553855335,404.9558378403451,411.1596854793811,19191700
2024-11-21,408.0295715332031,414.85856338751086,405.47983232208855,414.5818472703372,20780200
2024-11-22,412.11114501953125,412.50644943843054,406.2407824115055,406.547145598137,24814600
2024-11-25,413.8801574707031,416.14328803070504,409.9863472135053,413.4749606494442,27691100
2024-11-26,422.9722900390625,424.0099980685231,413.93946191933657,414.6707766023476,23458900
2024-11-27,418.03094482421875,422.22125646736464,417.07231569319254,420.12608556589345,18332400
2024-11-29,418.49542236328125,419.8987878079345,412.90177557031507,415.16493646523105,16271900
2024-12-02,425.9272766113281,427.92358362660957,416.37063273208213,416.62759418862754,20207200
2024-12-03,426.1446838378906,427.3997836787713,422.72522667678595,424.80061260374794,18302000
2024-12-04,432.2917175292969,434.5153386133413,427.5578668656341,427.9531712486171,26009400
2024-12-05,437.4307861328125,439.44687793021666,431.0564230401268,432.7859063083414,21697800
2024-12-06,438.3696594238281,440.8699968788184,436.5907442566123,437.1145294101148,18821000
2024-12-09,440.7909240722656,443.0738395996816,435.33565050126293,437.41103647885797,19144400
2024-12-10,438.1324462890625,444.34871163189086,436.42274787532307,439.1800467406791,18469500
2024-12-11,443.7261047363281,445.0701760009867,438.84401807874156,438.84401807874156,19200200
2024-12-12,444.2894287109375,450.81205740820604,443.8446923743848,443.8446923743848,20834800
2024-12-13,442.0262451171875,446.13747735633456,440.3560560775405,443.1825414368637,20177800
2024-12-16,446.2956237792969,446.8787030896928,440.0596036741231,442.02626356510217,23598800
2024-12-17,449.1319580078125,449.95224407864544,444.2993034538041,445.72242348242105,22733500
2024-12-18,432.2621154785156,447.34318887069384,431.89642797238076,446.0287948744165,24444500
2024-12-19,431.9063415527344,437.98423408144293,431.2046739034814,436.4425256398133,22963700
2024-12-20,431.4813537597656,438.53762947103075,423.6047919913248,428.03224964237955,64263700
2024-12-23,430.147216796875,432.5190736490341,427.755575118412,431.619738686297,19152500
2024-12-24,434.1793212890625,434.4461751355928,429.09959787026054,429.5541964268554,7164500
2024-12-26,432.9736328125,435.7704710980457,431.51100346947777,433.9322618472237,8194200
2024-12-27,425.4825439453125,430.117561657289,421.351556737901,429.5048352492743,18117700
2024-12-30,419.849365234375,422.5374777077036,416.9537232035626,421.0649558192297,13158700
2024-12-31,416.55841064453125,421.72710593306806,415.72826227096317,421.1044871129431,13246500
2025-01-02,413.6726379394531,421.0748471756245,409.98638702094667,420.54116958363784,16896500
2025-01-03,418.38671875,419.0587393010629,414.62138898974536,416.1433125624827,16662900
2025-01-06,422.833984375,429.2281326887413,420.491774572373,422.9822197752049,20573600
2025-01-07,417.4181823730469,425.6011074871905,415.8665816173968,423.9704579117962,18139100
2025-01-08,419.5825500488281,421.96429936103294,416.5979667184096,418.49544017357744,15054600
2025-01-10,414.03826904296875,419.7307186624862,410.1543211903234,419.65166984768115,20201100
2025-01-13,412.2989501953125,413.593589604229,407.45640284839305,410.3717995418403,17604800
2025-01-14,410.79681396484375,414.81907549699406,405.90483432222504,412.91170951779225,16935900
2025-01-15,421.3119812011719,423.1304056035061,413.3662329233126,414.2161660512409,19637800
2025-01-16,419.60223388671875,424.45467293276505,419.4144891834001,423.6739565648765,15300000
2025-01-17,424.0001220703125,429.386239236107,423.1502190446997,429.0007970548674,26197500
2025-01-21,423.4763488769531,425.84820570918225,420.61035394801814,425.1564304696716,26085700
2025-01-22,440.9688415527344,442.0262741390286,430.888412499157,432.430120920086,27803800
2025-01-23,441.47283935546875,441.5123788470024,436.3239289556834,436.81806704057095,18389300
2025-01-24,438.8538818359375,441.41351331157875,436.22506379505893,439.9409915761193,15549500
2025-01-27,429.4653015136719,430.09781275609777,418.53496919379126,419.03899970511213,35647800
2025-01-28,441.95709228515625,443.1232508667098,426.32255685114393,429.5048071593075,23491700
2025-01-29,437.1441345214844,441.64080867155576,435.23676897201045,441.4530338081576,23581400
2025-01-30,410.12469482421875,417.9024230144378,408.31616280623206,413.86037732807745,54586300
2025-01-31,410.19390869140625,415.7579084081136,410.0456732964256,414.06796458574274,34161900
2025-02-03,406.1024475097656,410.53979775772405,403.8689337668832,406.774468051233,25679100
2025-02-04,407.5354309082031,409.0672770356713,404.9362598096777,407.8516865143663,20532100
2025-02-05,408.4447021484375,408.978349611442,405.5885692928633,407.5157200553288,16316700
2025-02-06,410.9450378417969,413.2971401442444,409.14636782700785,409.14636782700785,16309800
2025-02-07,404.9461669921875,413.7418190108213,403.31551731813784,411.59727657785896,22886800
2025-02-10,407.38720703125,410.5892121947109,406.10246006462063,408.85972888435845,20817900
2025-02-11,406.6163635253906,407.65404147500567,404.50143797348676,404.83747842325164,18140600
2025-02-12,404.2444763183594,405.93442005448907,399.6292135248499,402.435914112503,19121700
2025-02-13,405.7269287109375,406.1815273284111,401.5959111806531,402.2284224395701,23891700
2025-02-14,403.6416015625,404.1159849495273,401.1215095634391,403.00912053959007,22758500
2025-02-18,404.83746337890625,405.78620005413757,401.7342617389566,403.2166759889158,21423100
2025-02-19,409.90728759765625,410.61884763156144,402.8707662400353,403.09808061190597,24114200
2025-02-20,412.0759582519531,415.2249706128277,408.520936591177,411.24414537664296,23508700
2025-02-21,404.23309326171875,413.9772255480723,403.9162337604133,413.27415103230015,27524800
2025-02-24,400.06414794921875,405.38182745676596,395.429748735741,404.5302202614153,26443700
2025-02-25,394.0235595703125,398.00441513588805,392.8352683816966,397.1923965138258,29387400
2025-02-26,395.8357849121094,399.6680779917259,390.40916096474115,394.13254018558297,19619000
2025-02-27,388.7059020996094,401.7871994813194,388.3494237890168,397.36074580317216,21127400
2025-02-28,393.1224060058594,393.7561854578909,382.80393739721217,388.83460333794534,32845700
2025-03-03,384.7052307128906,394.93461038215554,382.39794340981075,394.93461038215554,23007700
2025-03-04,384.82403564453125,388.75535997703025,377.2881889484286,379.6648014174362,29342900
2025-03-05,397.1131591796875,397.7568509049982,385.02212029604283,385.54695570418704,23433100
2025-03-06,393.02337646484375,398.2321111971438,388.8543699652718,390.4387882624292,23304600
2025-03-07,389.478271484375,390.9537458547577,381.7839796807534,388.497925986767,22034100
2025-03-10,376.4563903808594,382.6355890788174,373.5450301742595,382.08104715568106,32840100
2025-03-11,376.7435607910156,382.23947903620126,373.2380400086461,375.3076750122287,30380200
2025-03-12,379.53607177734375,381.4670864515663,375.2581813231993,379.21921226907705,24253600
2025-03-13,375.0799255371094,381.5661320778761,373.7728082450696,379.4271716632625,20473000
2025-03-14,384.7745361328125,386.42827981726157,375.8127158813028,376.08007458561946,19952800
2025-03-17,384.9132080078125,388.88412112316473,381.813696346666,382.9326924641042,22474300
2025-03-18,379.78363037109375,383.5961286419255,377.38722360904,383.2990634136601,19486900
2025-03-19,384.0417785644531,385.8836435250732,380.2589866011294,381.7740797920575,19185500
2025-03-20,383.07135009765625,387.97313863322194,379.5460345045817,381.98206039861145,18470500
2025-03-21,387.4482421875,387.92354654843615,379.0706401827953,379.4865617188815,39675900
2025-03-24,389.2505187988281,391.54792412450786,386.012386704804,391.54792412450786,21004500
2025-03-25,391.31024169921875,392.49853282327706,388.8148031404558,390.082331804945,15775000
2025-03-26,386.17083740234375,391.45881045430576,384.7844825194778,391.15183295239507,16108400
2025-03-27,386.7748718261719,388.41870337339975,383.62585932715103,386.3292739557081,13766800
2025-03-28,375.1096496582031,385.339029849346,373.2578723723651,384.2992410074857,21632000
2025-03-31,371.73291015625,373.39653609737746,363.66228447346174,368.91066922952973,35184700
2025-04-01,378.4665832519531,379.12015694393006,369.5938829450161,371.0000319202641,19689500
2025-04-02,378.4171142578125,381.32844426453147,372.95087209109226,374.2877261088344,16092600
2025-04-03,369.47503662109375,373.80248816308017,365.75168821202425,371.1386925275575,30198000
2025-04-04,356.3343200683594,370.94062085342546,355.97784180916346,360.5825339787073,49209900
2025-04-07,354.3736267089844,367.3856281525139,341.43098078163547,347.4616469003483,50425000
2025-04-08,351.1058044433594,370.00982228854286,346.8377957272636,364.6723484414274,35868900
2025-04-09,386.6857604980469,389.3990874327872,349.6600368937789,350.09575274548115,50199700
2025-04-10,377.6347961425781,380.1599412978202,364.21678559967916,378.33787067807094,38024400
2025-04-11,384.6656494140625,386.25003769690613,375.1987873888056,376.93173851590154,23839200
2025-04-14,384.0318603515625,390.8052198187617,380.46692636349223,389.38915847164185,19251200
2025-04-15,381.9721374511719,388.07212889209285,380.41742551182244,384.7250528209778,17199900
2025-04-16,367.98968505859375,377.892263018399,364.4148689208335,376.9614484928254,21967800
2025-04-17,364.1969909667969,370.6732850580017,363.31567729138493,370.10883089247193,21120200
2025-04-21,355.62139892578125,360.92919678600947,352.2050274305898,359.28536510699473,20807300
2025-04-22,363.246337890625,364.1870645763753,356.3541225187108,359.83984897446516,19485000
2025-04-23,370.7426452636719,376.6841922722663,369.38596664501534,372.396358924379,20545500
2025-04-24,383.5267639160156,384.66558435456824,371.5347586504801,372.03979970687254,22232300
2025-04-25,388.0325012207031,388.33947870228997,380.8531326101871,383.2297451406492,18973200
2025-04-28,387.3492431640625,388.91383718504306,382.8732888048125,388.1414373128656,16579400
2025-04-29,390.201171875,391.2508426713115,386.5768248872523,387.48784509297593,14974000
2025-04-30,391.4093017578125,392.7956566127169,380.6947052715702,386.4976013857663,36461100
2025-05-01,421.2556457519531,432.7327295827746,420.76051687113977,426.9100091091665,58938100
2025-05-02,431.0393981933594,435.1588741169636,425.80092616148227,427.533877248033,30757400
2025-05-05,431.9207458496094,435.2182909345157,427.9002714913439,428.652877068793,20136100
2025-05-06,429.0885925292969,433.46554517602334,426.9694566129341,427.9894209087166,15104200
2025-05-07,429.1282043457031,433.8517229596541,426.9100064238295,429.61342097536215,23295300
2025-05-08,433.9012145996094,439.3476317599919,431.4156581886589,433.6635322101029,23491300
2025-05-09,434.4557800292969,436.4461774951318,431.6335394854884,435.7133964534002,15324200
2025-05-12,444.88323974609375,444.99215360101994,435.495584693897,441.59557651706575,22821900
2025-05-13,444.7643737792969,446.27946690563454,441.0211705280613,443.4176075446257,23618800
2025-05-14,448.52734375,449.4779827199474,443.7741186799948,443.7741186799948,19902800
2025-05-15,449.5392761230469,452.57502540604634,446.860659567107,447.1979616790238,21992300
2025-05-16,450.67022705078125,450.7595102326154,445.17414935289,448.4678177382938,23849800
2025-05-19,455.2337646484375,455.9480603525366,447.2277066057748,447.3070896149787,21336500
2025-05-20,454.5393371582031,454.70797307292094,450.71983965496236,451.9797648957129,15441800
2025-05-21,448.9837341308594,454.1524403651085,448.22974686474834,450.967885651573,19216900
2025-05-22,451.25555419921875,456.6028569421555,450.30316997101943,451.3448676580097,18025600
2025-05-23,446.6126403808594,450.0948358464348,445.3527151156796,446.4142434023006,16883500
2025-05-27,457.03936767578125,457.29731705224054,452.5055743512772,452.86273735527834,20974300
2025-05-28,453.7357482910156,458.8548627693229,453.3091629867606,457.56517641086623,17086300
2025-05-29,455.0453186035156,458.0612374989779,451.702028016876,457.89257129241645,13974800
2025-05-30,456.71197509765625,458.0215223462663,451.9301930198663,456.07706236471586,34770500
2025-06-02,458.3092346191406,458.44810948050275,453.2695031394806,453.51752207653715,16626500
2025-06-03,459.30126953125,460.46201137480375,457.20797414521616,457.81315604121755,15743800
2025-06-04,460.19415283203125,461.9997378828715,459.35088242690273,460.3231275179124,14162700
2025-06-05,463.9739990234375,465.9283895442318,460.35292843866904,461.2755516588244,20131700
2025-06-06,466.652587890625,469.58912358157227,465.0652606634985,466.3648774509946,15285600
2025-06-09,469.0038146972656,469.67841894667356,464.90653697170796,465.9779957450024,16469900
2025-06-10,467.1883239746094,469.0534009468453,463.25968221899245,467.45617352695865,15375900
2025-06-11,468.87481689453125,471.7022387212418,465.93828127215454,466.29541399515057,16399200
2025-06-12,475.0752868652344,476.6130223697302,469.7676758011157,471.2557893550323,18950600
2025-06-13,471.1962890625,475.3828499324856,469.0137405811006,472.6348110082228,16814500
2025-06-16,475.3431701660156,476.8808754060361,471.23596219473825,471.44428961660435,15626100
2025-06-17,474.25189208984375,474.9463269378011,470.3232503868908,471.63279762120845,15414100
2025-06-18,476.4344482421875,477.1884355000323,470.70025162122124,474.21220825159133,17526500
2025-06-20,473.616943359375,479.62891980922967,473.09114443804276,478.4086860483398,37576200
2025-06-23,482.1488037109375,483.884936234588,468.76571183115124,474.42052531416374,24864000
2025-06-24,486.2261962890625,487.9524285572733,482.9424282150726,485.07541514458467,22305600
2025-06-25,488.3691101074219,490.64097201284227,485.5119574284625,488.1409520653471,17495100
2025-06-26,493.5080871582031,494.09340820956044,488.9048412091741,489.0735074056833,21578900
2025-06-27,492.0100402832031,495.3434002058453,489.12309627390664,493.60726767719865,34539200
2025-06-30,493.4683837890625,496.79184348109624,491.404849352638,493.1013206195562,28369000
2025-07-01,488.1508483886719,494.10330273882704,487.08935037246306,492.53583641461546,19945400
2025-07-02,487.198486328125,489.5893925672679,484.82744098086494,486.107196925814,16319600
2025-07-03,494.8870849609375,496.16687121115365,489.52988173373706,489.89694493303733,13984800
2025-07-07,493.77593994140625,494.7977767455099,491.3056810299541,493.4386378219278,13981600
2025-07-08,492.68463134765625,494.25212791462184,490.1945116420166,493.2997134401056,11846600
2025-07-09,499.52008056640625,502.76415743455226,495.77993553758444,496.33549554664154,18659500
2025-07-10,497.5061340332031,500.4426696344743,493.8056807647675,499.06366987607214,16492100
2025-07-11,499.33154296875,501.0279839194423,493.85526578992295,494.51996982276876,16459500
2025-07-14,499.033935546875,499.9764196247383,497.0597144820079,497.5458219138798,12058800
2025-07-15,501.811767578125,504.2720960834484,498.80577924001653,499.03393728805895,14927200
2025-07-16,501.6133728027344,502.7046622632316,497.91294935926595,501.17685701853543,15154400
2025-07-17,507.6451721191406,509.3019216630888,501.61333461976557,501.67285674255714,17503100
2025-07-18,506.0082092285156,510.5618634291492,503.40897568442307,510.4030974050004,21209700
2025-07-21,506.0181579589844,508.03210080948105,501.54388660874696,502.69469811942383,14066800
2025-07-22,501.2660827636719,507.1491147296819,501.2660827636719,506.92092641726225,13868600
2025-07-23,501.861328125,502.77405108780124,496.7323137246232,502.7343595827018,16396600
2025-07-24,506.8316650390625,509.59953458867506,503.28001689239056,504.73836945889843,16107000
2025-07-25,509.6392517089844,514.1829150146133,506.3157616392057,508.409026924469,19125700
2025-07-28,508.43878173828125,510.91897091749235,506.07763679555273,510.0062782539609,14308000
2025-07-29,508.50823974609375,513.5182098314434,507.50623361872493,511.4448055642593,16469200
2025-07-30,509.17291259765625,511.8614594904868,505.40303712186204,511.08761139494,26380400
2025-07-31,529.2723388671875,551.0484106553389,527.6850421089878,550.8301225339796,51617300
2025-08-01,519.956787109375,531.5541546097426,516.7325410439772,530.7605061500977,28977600
2025-08-04,531.3954467773438,533.9847498429226,523.9449485218581,524.0838536533402,25349000
2025-08-05,523.5679931640625,533.0423047576313,523.0620248277625,532.9232605080902,19171600
2025-08-06,520.7802124023438,527.4866537198485,519.8774501718309,526.6930052823053,21355700
2025-08-07,516.7127075195312,523.9052559727172,513.4487398823029,522.6254396329194,16079100
2025-08-08,517.9032592773438,520.5024931820143,515.2940949258492,518.4588193359411,15531000
2025-08-11,517.6353759765625,523.4092640243366,515.6015722772428,518.1611446296885,20194400
2025-08-12,525.046142578125,526.7723446368122,518.5579891899393,519.5996565820958,18667000
2025-08-13,516.4547729492188,528.478725311786,515.2543395813665,527.8933740196283,19619200
2025-08-14,518.3396606445312,521.7821945996749,516.0182375574066,518.4190436500928,20269100
2025-08-15,516.0480346679688,521.9310366989816,514.9667059909838,518.6274679925785,25213300
2025-08-18,513.0023193359375,518.6770238166106,509.9467697824549,517.4567900842618,23760600
2025-08-19,505.7304382324219,511.0777107186651,504.5201046206217,510.91900524319027,21481000
2025-08-20,501.7125244140625,506.9506829011106,500.44266872858867,505.8296325155463,27723000
2025-08-21,501.0666198730469,504.43529989468334,499.55619671725805,500.5200933584279,18443300
2025-08-22,504.0378112792969,507.51578439064156,499.248138173549,501.07655468445085,24324200
2025-08-25,501.0865173339844,504.9917771303553,500.9473838488724,503.44159720621536,21638600
2025-08-26,498.8804931640625,501.801993130018,495.3727099158942,501.1858695359189,30835700
2025-08-27,503.5509033203125,504.09746017877256,496.75395340313815,498.8407434548062,17277900
2025-08-28,506.4326477050781,507.87350408410515,502.3186878124423,503.89867767213724,18015600
2025-08-29,503.5011901855469,506.39287997665497,501.3150235761296,505.458793364042,20961600
2025-09-02,501.9410705566406,502.81553721257154,493.68337117589067,497.32034095368414,18128000
2025-09-03,502.1696472167969,504.5942937991858,499.1587173668126,500.6194673133705,16345100
2025-09-04,504.7731628417969,504.95202275876863,499.983489561643,501.1262461318779,15509500
2025-09-05,491.884765625,508.74796779288187,489.27131242222254,505.86622472604114,31994800
2025-09-08,495.06463623046875,498.04575600626316,491.91457299081776,494.97517595073856,16771000
2025-09-09,495.2733154296875,499.0891451753406,494.5677922273047,498.27429847652155,14410500
2025-09-10,497.2209777832031,500.06299449245154,493.5939546766565,499.81456783685906,21611800
2025-09-11,497.85699462890625,500.0034047018473,494.7466878610638,499.0891812108548,18881600
2025-09-12,506.6910095214844,509.32432605160386,500.67909648146514,503.4614629424367,23624900
2025-09-15,512.1166381835938,512.2259313574772,503.80926524972944,505.58800862213144,17143800
2025-09-16,505.83642578125,513.9748550906477,505.3991924428879,513.6270820344445,19711900
2025-09-17,506.81024169921875,508.07226852063866,502.74598524416496,507.4064717390096,15816600
2025-09-18,505.2501525878906,509.84107240669834,504.4651158521554,508.270998935228,18913700
2025-09-19,514.6704711914062,516.0318444319288,507.09843147001845,507.34685812925306,52474100
2025-09-22,511.21240234375,514.48167541423,509.3143886623668,512.3452424901319,20009300
2025-09-23,506.0252685546875,511.35155218118825,504.1173383670773,510.5664850795932,19799600
2025-09-24,506.9394226074219,509.2547456727144,503.72976965544393,507.16798604562155,13533700
2025-09-25,503.83905029296875,506.8003068435259,501.8615838862597,505.1010467430239,15786500
2025-09-26,508.2411804199219,510.70558375978015,503.4316440082871,506.849997214163,16213100
2025-09-29,511.3613586425781,513.5971983462931,505.6773863749633,508.28089264453985,17617800
2025-09-30,514.6903686523438,514.8990082310244,506.45253207823936,510.0099885223437,19728200
2025-10-01,516.4392700195312,517.2342231556227,508.4697238165545,511.56013673304216,22632300
2025-10-02,512.4942626953125,518.3173691617891,507.4661094259624,514.3823296081488,21222900
2025-10-03,514.0940551757812,517.2143082734997,511.75886906280147,513.8456285403139,15112300
2025-10-06,525.2435302734375,527.6880704621805,514.9387971845453,515.3461902238155,21388600
2025-10-07,520.682373046875,526.4657528279373,518.1583800775612,524.9652461341774,14615200
2025-10-08,521.546875,523.6336952116123,519.7980023635643,519.9868090400763,13363400
2025-10-09,519.1123657226562,521.0302122328587,514.1438325922749,519.0527457511332,18343600
2025-10-10,507.74432373046875,520.2849266906686,506.42270727517143,516.3697201998212,24133800
2025-10-13,510.8148498535156,513.159982800976,508.45977013619586,513.159982800976,14284200
2025-10-14,510.3379211425781,512.0371813139038,502.8155546768959,507.01894463812107,14684300
2025-10-15,510.19879150390625,513.93513816427,506.7903850161382,511.71919177145384,14694700
2025-10-16,508.3902282714844,513.597241245564,504.93214864922606,509.3541552294708,15559600
2025-10-17,510.3478698730469,512.235876086287,504.1173098719632,505.8364332653001,19867800
2025-10-20,513.53759765625,515.4356111738924,510.19875812962454,511.37132460679527,14665600
2025-10-21,514.4021606445312,515.4257076122852,509.81124074780416,514.2431942660954,15586200
2025-10-22,517.2640991210938,521.9245862885218,514.4519526367303,517.8703063443006,18962700
2025-10-23,517.283935546875,520.6526156742948,515.3461954332505,519.1720024577996,14023500
2025-10-24,520.314697265625,522.0437370421222,517.4329845218087,519.499850577073,15532400
2025-10-27,528.1749877929688,531.2157277722118,525.6807743511338,528.4333612309177,18734700
2025-10-28,538.6585693359375,550.2352153811122,537.366762825241,546.5386557673307,29986700
2025-10-29,538.141845703125,542.8321728172806,533.3521721804118,541.510525937623,36023000
2025-10-30,522.4512329101562,531.6032326010347,518.834126044735,527.1414993194383,41023100
2025-10-31,514.5512084960938,525.9887810857076,511.85824179468614,525.5515477587454,34006400
2025-11-03,513.7761840820312,521.6562706261378,511.35153740299523,516.5386570612455,22374700
2025-11-04,511.0931701660156,512.3054631947169,504.64399323613884,508.53933673798264,20958700
2025-11-05,503.96826171875,511.5900049686576,503.39189488693165,510.06960470137113,23024300
2025-11-06,493.9715576171875,502.51744045426454,492.6896676102462,502.47768369906356,27406500
2025-11-07,493.6933288574219,496.2372153715257,490.1457889557352,493.8225155697467,24019800
2025-11-10,502.8155517578125,503.66020845333964,495.66085193460816,496.8930687697553,26101500
2025-11-11,505.4786682128906,506.39289163210333,499.18851875070465,501.6230817360039,17980000
2025-11-12,507.9232482910156,508.449911619763,495.97887455805096,506.15442128351987,26574900
2025-11-13,500.1225891113281,510.26832472026865,498.1351759673349,507.098398329558,25273100
2025-11-14,506.9692077636719,508.38028442839277,494.30939583697693,495.09443251402297,28505700
2025-11-17,504.2961730957031,508.8970396915909,501.73242330739504,505.2501533046029,19092800
2025-11-18,490.6824035644531,499.8145698875434,483.71651040889276,492.2524466910109,33815100
2025-11-19,484.0543518066406,492.0735713081103,479.79134202204426,487.0156083775533,23245300
2025-11-20,476.308837890625,491.38172816347884,473.39183555424523,490.525525238351,26802500
2025-11-21,470.0268249511719,476.796695003642,466.19388806310616,476.3785437287191,31769200
2025-11-24,471.89849853515625,474.7856351712577,465.94500021095376,472.8940649877621,34421000
2025-11-25,474.8752136230469,477.0256407210385,462.82888433135173,471.9681767111092,28019800
2025-11-26,483.3475341796875,486.14507360501653,479.06661039650686,484.1539406114854,25709100
2025-11-28,489.82867431640625,490.44592067381114,484.49242217644115,485.4382224868377,14386700
2025-12-01,484.5820007324219,487.68816317334665,482.5012705124726,486.27447583839387,23964000
2025-12-02,487.82757568359375,491.312058367048,484.16389832530854,484.56211884124775,19562700
2025-12-03,475.6119689941406,482.09308589504883,473.0931871020635,474.2082166599713,34615100
2025-12-04,478.70819091796875,479.1860737742951,474.377470578239,477.6329924690825,22318200
2025-12-05,481.01788330078125,481.2568095233099,476.7568601661199,480.3807061976695,22608700
2025-12-08,488.8430480957031,490.11737199051475,482.2325023858298,482.74025101921535,21965900
2025-12-09,489.8385925292969,489.93815525049575,486.33420957194573,486.93155551686203,14696100
2025-12-10,476.43829345703125,482.10306917330496,472.9737111601482,481.88404333185355,35756200
2025-12-11,481.3265075683594,483.8751552220924,473.750231167373,474.51683677020293,24669200
2025-12-12,476.4084167480469,480.31105063829824,474.22812377070755,477.69270598810584,21248100
2025-12-15,472.7148742675781,478.588710310573,470.42505317808707,477.97146396596463,23727700
2025-12-16,474.2779235839844,475.7712732838117,468.79234263095657,469.8177748762136,20705600
2025-12-17,474.00909423828125,477.8718969329872,472.8940646732686,474.79560024235434,24527200
2025-12-18,481.8342590332031,487.4293375934554,475.7712630284666,476.06992080908344,28573500
2025-12-19,483.7656555175781,485.68709144559693,480.35083955461556,485.1992432324443,70836100
2025-12-22,482.7701110839844,486.5632169440421,480.5499868948874,483.9647726311972,16963000
2025-12-23,484.6915283203125,485.66716398872717,482.59086732909867,482.8298239351052,14683600
2025-12-24,485.8563232421875,486.99128356758627,482.680463867149,483.5267014178325,5855900
2025-12-26,485.5476989746094,485.9558848600665,483.8054577080926,484.5521325365998,8842200
2025-12-29,484.9404296875,486.1848877649252,482.0333622504328,482.71034015280554,10893400
2025-12-30,485.3187255859375,487.5089534635432,483.3474931520442,483.77557941756965,13944500
2025-12-31,481.4758605957031,485.97584057107747,481.15727202744546,485.6771523949816,15601600
2026-01-02,470.84320068359375,482.5112407273309,468.07552715971417,482.24244872265706,25571600
2026-01-05,470.7536315917969,473.9593569778809,467.4184776979013,471.95825856508776,25250300
2026-01-06,476.3885192871094,476.617480129593,467.6673473241013,471.69937935780575,23037700
2026-01-07,481.3265075683594,487.5288974221053,475.83099176167434,477.63296458601815,25564200
2026-01-08,475.9902648925781,480.5201105081445,473.7502403609407,479.10639276886474,18162600
2026-01-09,477.15509033203125,477.6927047258898,470.106493184136,471.9582322108041,18491000
2026-01-12,475.06439208984375,478.85749783991434,473.57104241242143,474.5566738594685,23519900
2026-01-13,468.5832824707031,473.6706125344443,463.88420753037366,472.57548334410274,28545800
2026-01-14,457.34332275390625,466.1242261748137,455.1431293963808,464.3919198839424,28184300
2026-01-15,454.6353759765625,462.19172164087615,453.8787357567712,462.062293141988,23225800
2026-01-16,457.8211669921875,461.1364202404358,454.45617795729186,455.8001683410004,34246700
2026-01-20,452.5048828125,454.77477325819245,447.2881239806389,449.2195254560932,26130000
2026-01-21,442.1410217285156,450.6829992738946,436.7351029497524,450.5934019351739,37980500
2026-01-22,449.1398620605469,450.8323067932568,442.7284117030413,445.6354487179439,25349400
2026-01-23,463.8841857910156,469.01134678020316,448.5325382185013,449.8665935761158,38000200
2026-01-26,468.19500732421875,472.1474075016215,459.9517180089597,463.2470406576191,29291200
2026-01-27,478.4493103027344,480.72916597612596,471.0622242712429,471.5998386603028,29213900
2026-01-28,479.49468994140625,481.59532063648624,475.8807787479093,481.06767161592717,36875400
2026-01-29,431.57806396484375,440.5381621786467,419.1533835040837,438.0392806211351,128855300
2026-01-30,428.38232421875,437.65104604221966,424.5593524472701,437.2229597325442,58566800
2026-02-02,421.49298095703125,428.8303011436502,420.37795134689077,428.33251789753194,42219900
2026-02-03,409.3868713378906,420.178808008447,406.7486263222299,420.1390072256922,61424100
2026-02-04,412.3536682128906,417.9387813848693,407.4256021580933,409.1778088233149,45012400
2026-02-05,391.9246520996094,406.4897635323938,390.5806313349955,405.6335909812077,66289200
2026-02-06,399.3615417480469,400.0086538663787,391.17798428483076,397.4002746193236,53515300
2026-02-09,411.76629638671875,413.05058563481117,399.0927243377603,403.0550898097971,45480500
2026-02-10,411.437744140625,421.80159473973595,410.8702943432265,417.75959730190846,44857900
2026-02-11,402.57720947265625,414.61360447479314,399.23212070980424,414.3348470778888,42491000
2026-02-12,400.05841064453125,404.3990960787573,396.24540458526855,403.20440420967,40802400
2026-02-13,399.5407409667969,403.7420326637702,396.2852191820681,402.65686886295305,34091600
2026-02-17,395.1004943847656,398.7442713079252,392.78083787972264,397.45004705087115,32078800
2026-02-18,397.828369140625,400.77523739702553,394.5629123207548,396.3648852083561,23223400
2026-02-19,397.5988464355469,403.55594539020564,395.8127368785549,399.82403795970674,28234000
2026-02-20,396.37152099609375,399.2552593187824,394.3059873534157,395.2539159508346,34015200
2026-02-23,383.6390686035156,394.50551684604494,382.27203437696886,394.14630950985264,43238300
2026-02-24,388.1593017578125,388.5185091169527,380.88504821898124,383.30981969967445,33884700
2026-02-25,399.7342224121094,400.60233728073825,389.31678308531696,389.68597856263057,43625500
2026-02-26,400.851806640625,406.6093255926281,397.8782360341113,403.8353349281015,34405900
2026-02-27,391.8912048339844,395.9624042352165,389.0374004516944,390.03523926255787,51367200
2026-03-02,397.6886291503906,400.32293811697235,389.78576315389057,392.01092411942045,35474900
2026-03-03,403.0570068359375,405.82103971635513,391.82136299902305,392.2903484387299,38199200
2026-03-04,404.32427978515625,410.14166638677375,399.44483360720756,400.4027502952161,35808000
2026-03-05,409.79241943359375,410.72040218284053,403.525993165685,403.54596943015656,39001300
2026-03-06,408.0761413574219,412.1572983375802,407.6271321747383,408.31564337314285,31123900
2026-03-09,408.5251770019531,409.3234358422322,402.62794618065146,404.044890641513,30131900
2026-03-10,404.8830871582031,409.31349393117443,402.05918625996463,409.1438479339772,31706400
2026-03-11,404.0049743652344,408.1260534422115,400.7220762180728,404.6934855668013,25512100
2026-03-12,400.9914855957031,405.2422886286942,400.84181586601125,403.7555185610488,27263900
2026-03-13,394.69512939453125,403.9251383935716,393.3979511212616,400.13336309353434,26848000
2026-03-16,399.08563232421875,399.7641553863696,393.9367805641587,397.209690545171,27733700
2026-03-17,398.5467834472656,403.5259891234105,396.8903674487218,399.4049101655112,26228300
2026-03-18,390.9432678222656,397.13983817793417,390.1549666521916,396.271723303423,25908500
2026-03-19,388.1792297363281,391.6417315076428,386.2234742615233,389.2569126674818,25138800
2026-03-20,381.0447082519531,386.16362631018524,379.29849030352204,385.95408868282834,50853200
2026-03-23,382.1722717285156,386.3731646745857,380.85511716508233,383.07032058481127,29680100
2026-03-24,371.9344177246094,381.6434000325674,371.04635704379217,381.53362193174286,42733600
2026-03-25,370.2381286621094,376.2451074667104,368.831172255135,376.10542586510894,31181200
2026-03-26,365.1790771484375,373.9101668945663,364.4007640805619,370.01860155518807,36836600
2026-03-27,355.9989318847656,361.6666793192034,355.73951450811694,361.11784971721505,37883400
2026-03-30,358.1842041015625,364.5703662773937,355.51000344849933,361.1178525849577,44797000
2026-03-31,369.3699951171875,372.09407550142714,362.28533367877645,363.7621155862403,45244400
2026-04-01,368.57171630859375,373.1817267376728,367.4042619540212,372.682807332766,29417200
2026-04-02,372.6528625488281,372.83249667260446,363.3629859357669,366.41637016886637,24099100
2026-04-06,372.0741271972656,372.92229624611906,368.70142726638517,372.682794233078,16146600
2026-04-07,371.48541259765625,371.64507045865594,365.7677853538718,369.5396147715723,21443300
2026-04-08,373.52099609375,384.167949815935,370.6073237610428,384.148004001906,33064800
2026-04-09,372.26373291015625,372.6927962909368,366.2567237727329,371.6949574789129,30435300
2026-04-10,370.0684814453125,374.8281921461914,369.23030048358606,372.17393720824543,28111100
2026-04-13,383.539306640625,383.70895264062807,370.2181521550117,372.8025510733858,35745800
2026-04-14,392.2604064941406,393.83700889302276,385.684652281273,387.0816509997633,37504500
2026-04-15,410.3312683105469,413.47445440771634,395.8725939925935,397.1398382929036,45063400
2026-04-16,419.35174560546875,419.9105328997013,411.2492993874727,418.95258572248235,41642400
2026-04-17,421.87628173828125,430.64726300981,419.78081413338697,423.9018933176335,48568200
2026-04-20,417.1664733886719,422.4150847565369,415.40027922801784,420.2398034863272,27582200
2026-04-21,423.2433166503906,426.25677891783357,416.2983670043314,419.33177508554746,32048500
2026-04-22,431.984375,432.7626880248645,422.7543663498755,425.2689090952171,29378200
2026-04-23,414.8514709472656,422.7443793162959,410.5208543154444,418.9825380949446,38308000
2026-04-24,423.7023010253906,424.0316048781353,414.9013556123021,416.0688403922519,27457400
2026-04-27,423.9018859863281,426.1869149113369,416.1686352924954,421.46715688013995,30867300
2026-04-28,428.3222961425781,428.99086152362304,420.9881750222059,423.6524179624475,30438100
2026-04-29,423.5426330566406,425.8975483734993,419.38166246548025,423.6623688360089,38288300
2026-04-30,406.8987121582031,413.5243765293071,397.1498378648014,409.92216255995794,70909400
2026-05-01,413.5443115234375,416.2085240460113,409.5529563541748,411.9078412872606,31372400
2026-05-04,412.72607421875,419.87060358807366,409.91216153093814,410.6505829404435,28066500
2026-05-05,410.4909362792969,415.8792597859335,407.916495085617,414.42242364358015,25700900
2026-05-06,413.0653381347656,417.51572107575487,404.23445872829495,407.11822745622237,30285900
2026-05-07,419.8606262207031,427.05506598481406,417.8549909144547,419.2020489501835,34942400
2026-05-08,414.22283935546875,417.7252633012779,413.105264767488,416.48795292910256,33383800
2026-05-11,411.7681579589844,411.79809190456297,404.6236285818644,406.9885016374445,35657900
2026-05-12,406.8887023925781,414.6020070114768,405.76117016707224,413.58422243338293,38594200
2026-05-13,404.3342590332031,405.4318878236479,400.1633000811369,402.3286237155428,29667100
2026-05-14,408.5451354980469,410.94993067744383,400.013625877668,403.6058516736889,27077500
2026-05-15,421.0081481933594,427.24464052002446,412.01761111071977,413.3746572242232,50771200
2026-05-18,422.6246643066406,424.2012362508279,414.7117792841577,415.71960624154525,32564100
2026-05-19,416.51788330078125,431.7648588737268,415.58987007798993,428.9708919761278,33018700
2026-05-20,420.1499938964844,421.18775475321456,410.4110776678385,413.2749005432513,27864000
2026-05-21,419.0899963378906,426.3399963378906,415.7099914550781,424.75,31393500
2026-05-22,418.57000732421875,424.3999938964844,416.3299865722656,419.5400085449219,22390300
2026-05-26,416.0299987792969,419.7699890136719,413.0199890136719,416.42999267578125,30398000
2026-05-27,412.6700134277344,415.94000244140625,409.5799865722656,411.010009765625,28901500
2026-05-28,426.989990234375,429.489990234375,412.6700134277344,412.9800109863281,47250500
2026-05-29,450.239990234375,450.3299865722656,432.3599853515625,432.54998779296875,79654400
2026-06-01,460.5199890136719,466.32000732421875,458.2699890136719,464.8399963378906,53628900
2026-06-02,441.30999755859375,453.5,440.42999267578125,446.8800048828125,37036800
2026-06-03,427.3399963378906,440.3900146484375,424.25,438.45001220703125,39037000
2026-06-04,428.04998779296875,436.1499938964844,426.4100036621094,435.80999755859375,26899500
2026-06-05,416.6700134277344,429.4700012207031,414.3999938964844,428.3399963378906,34782200
2026-06-08,411.739990234375,417.1600036621094,408.55999755859375,414.1400146484375,32086700
2026-06-09,403.4100036621094,411.9800109863281,398.4800109863281,409.0299987792969,35317300
2026-06-10,397.3599853515625,405.0400085449219,397.1600036621094,398.54998779296875,32576000
2026-06-11,390.3399963378906,396.8500061035156,384.0,395.2099914550781,47224100
2026-06-12,390.739990234375,391.739990234375,382.2699890136719,391.42999267578125,34865800
2026-06-15,399.760009765625,401.75,392.8500061035156,396.79998779296875,32266400
2026-06-16,393.8299865722656,396.8399963378906,390.69000244140625,395.7900085449219,31506800
2026-06-17,378.9100036621094,390.3699951171875,377.32000732421875,390.25,41987800
2026-06-18,379.3999938964844,381.3699951171875,373.2799987792969,377.82000732421875,59714200
2026-06-22,367.3399963378906,381.6300048828125,367.07000732421875,375.739990234375,45171100
2026-06-23,373.94000244140625,377.2200012207031,370.6700134277344,372.3800048828125,40647600
2026-06-24,365.4599914550781,378.8800048828125,364.7799987792969,371.57000732421875,44509900
2026-06-25,352.8299865722656,364.2300109863281,349.20001220703125,362.7699890136719,66179000
2026-06-26,372.9700012207031,376.6099853515625,355.42999267578125,357.1499938964844,186201600
2026-06-29,368.57000732421875,380.5,359.8999938964844,377.5,51229900
2026-06-30,373.0199890136719,374.1499938964844,367.45001220703125,371.0299987792969,44945700
2026-07-01,384.2799987792969,388.8299865722656,374.8900146484375,380.8299865722656,48065800
2026-07-02,390.489990234375,392.20001220703125,383.70001220703125,384.4800109863281,42128900
2026-07-06,386.739990234375,389.1499938964844,381.2200012207031,387.0400085449219,34224500
2026-07-07,388.8399963378906,395.57000732421875,388.2200012207031,392.489990234375,29297500
2026-07-08,383.3399963378906,385.30999755859375,381.3299865722656,384.0299987792969,25908300
2026-07-09,384.3599853515625,384.6499938964844,373.3500061035156,374.45001220703125,31083200
2026-07-10,385.1000061035156,391.9100036621094,381.5,387.79998779296875,24644600
2026-07-13,390.989990234375,393.6499938964844,384.1499938964844,387.75,28914900
2026-07-14,384.92999267578125,388.19000244140625,378.6499938964844,382.82000732421875,27863900
2026-07-15,395.6300048828125,398.9599914550781,386.3999938964844,387.79998779296875,36253700
2026-07-16,401.1000061035156,405.989990234375,392.04998779296875,398.30999755859375,37047400
2026-07-17,393.82000732421875,398.3900146484375,389.3900146484375,394.8599853515625,33049800
2026-07-20,402.2900085449219,403.17999267578125,389.6499938964844,391.4100036621094,27915800
2026-07-21,397.75,401.4700012207031,396.32000732421875,398.80999755859375,24126600
2026-07-22,390.3399963378906,401.0,386.9599914550781,399.5799865722656,28142500
2026-07-23,381.5799865722656,391.7799987792969,377.3900146484375,389.9700012207031,30351800
2026-07-24,381.70001220703125,389.0299987792969,380.6499938964844,387.04998779296875,27659400
2026-07-27,389.1000061035156,394.20001220703125,387.989990234375,390.0799865722656,27856200
2026-07-28,393.3500061035156,400.32000732421875,391.29998779296875,393.1600036621094,32367500
2026-07-29,390.5400085449219,401.25,388.739990234375,393.3999938964844,47209000
2026-07-30,451.1000061035156,458.69000244140625,432.44000244140625,437.8999938964844,110160700
2026-07-31,464.7200012207031,466.8399963378906,449.3299865722656,450.0,60846000
2026-08-03,,,,,61678582
